delivery_partner_id,onboard_date,partner_name,city,vehicle_type,employment_type,avg_rating,is_active
DP09615,12/25/2024,Neha E,Bengaluru,Scooter,Full-time,3.77,Y
DP02021,12/13/2024,Neha V,Bengaluru,Bike,Full-time,3.9,Y
DP05541,12/30/2024,Vikas S,Delhi,Cycle,Part-time,3.33,Y
DP13859,12/10/2024,Amit B,Delhi,Cycle,Part-time,4.07,N
DP08091,12/25/2024,Arjun R,Mumbai,Car,Full-time,4.63,Y
DP14063,12/20/2024,Divya M,Chennai,Scooter,Full-time,3.84,Y
DP07728,12/13/2024,Ravi O,Bengaluru,Scooter,Full-time,4.63,Y
DP01276,12/17/2024,Suresh O,Delhi,Bike,Contract,4.34,Y
DP03078,12/20/2024,Deepak E,Delhi,Bike,Full-time,4.83,Y
DP08227,1/14/2025,Sneha W,Ahmedabad,Scooter,Part-time,4.33,N
DP11625,12/28/2024,Meena N,Mumbai,Cycle,Full-time,3.59,Y
DP03817,12/27/2024,Sneha U,Delhi,Bike,Full-time,4.12,Y
DP11899,12/12/2024,Priya U,Delhi,Bike,Part-time,4.33,Y
DP10285,12/16/2024,Kiran U,Chennai,Bike,Contract,3.92,Y
DP06552,12/21/2024,Vikas Q,Bengaluru,Bike,Part-time,4.64,Y
DP05758,12/25/2024,Priya X,Chennai,Bike,Contract,4.57,Y
DP12003,12/18/2024,Manoj M,Pune,Cycle,Contract,3.76,Y
DP13191,12/24/2024,Arjun Z,Mumbai,Scooter,Contract,4.41,Y
DP13337,12/20/2024,Amit M,Hyderabad,Scooter,Part-time,4.01,Y
DP07869,12/18/2024,Ananya P,Bengaluru,Bike,Part-time,3.94,Y
DP14443,12/14/2024,Shreya R,Ahmedabad,Scooter,Contract,4.32,Y
DP13891,12/28/2024,Shreya U,Delhi,Car,Full-time,4,Y
DP13979,12/26/2024,Nikhil D,Pune,Bike,Contract,4.07,Y
DP01521,12/19/2024,Kiran A,Pune,Scooter,Contract,4.48,Y
DP04031,12/8/2024,Arjun J,Kolkata,Bike,Part-time,4.07,Y
DP09740,12/15/2024,Santosh R,Kolkata,Bike,Full-time,3.95,N
DP01258,12/17/2024,Meena W,Bengaluru,Scooter,Contract,4.24,Y
DP09979,12/13/2024,Vikas M,Pune,Cycle,Full-time,4.9,Y
DP08630,12/3/2024,Sneha B,Bengaluru,Scooter,Contract,4.07,Y
DP09746,12/11/2024,Vikas Z,Ahmedabad,Scooter,Contract,4.88,Y
DP09092,12/30/2024,Ananya F,Bengaluru,Bike,Full-time,4.04,Y
DP03077,12/25/2024,Meena G,Delhi,Bike,Full-time,4.2,Y
DP09794,1/1/2025,Sneha C,Bengaluru,Bike,Contract,4.22,Y
DP08695,12/24/2024,Ananya L,Ahmedabad,Bike,Full-time,4.01,Y
DP02363,12/31/2024,Divya S,Bengaluru,Scooter,Contract,4.45,Y
DP02333,12/21/2024,Ananya B,Bengaluru,Scooter,Part-time,4.69,Y
DP02395,12/5/2024,Shreya H,Pune,Cycle,Full-time,3.95,Y
DP11158,12/18/2024,Meena I,Mumbai,Cycle,Full-time,4.01,Y
DP02663,12/29/2024,Divya J,Mumbai,Cycle,Part-time,4.08,Y
DP04968,12/23/2024,Pooja Z,Bengaluru,Bike,Full-time,5,Y
DP01370,12/22/2024,Kiran E,Ahmedabad,Cycle,Part-time,3.63,Y
DP11740,12/28/2024,Deepak G,Ahmedabad,Scooter,Full-time,3.5,Y
DP02710,12/19/2024,Amit M,Bengaluru,Car,Part-time,4.38,Y
DP08694,12/22/2024,Ravi P,Bengaluru,Scooter,Full-time,4.12,Y
DP07695,12/26/2024,Divya V,Kolkata,Scooter,Full-time,4.27,Y
DP12739,12/30/2024,Vikas K,Kolkata,Bike,Contract,4.13,Y
DP12185,12/25/2024,Rahul B,Ahmedabad,Bike,Full-time,4.25,N
DP05973,12/31/2024,Meena L,Bengaluru,Bike,Part-time,4.47,Y
DP10806,12/28/2024,Pooja M,Delhi,Bike,Full-time,4.52,Y
DP04226,12/31/2024,Neha Z,Bengaluru,Bike,Part-time,4.69,Y
DP07785,12/12/2024,Sneha S,Mumbai,Scooter,Full-time,4.06,Y
DP09098,12/25/2024,Sneha E,Delhi,Cycle,Contract,4.22,Y
DP10704,1/3/2025,Nikhil N,Mumbai,Scooter,Contract,3.17,Y
DP14836,12/27/2024,Rahul G,Delhi,Cycle,Contract,4.46,Y
DP06599,12/20/2024,Sneha Q,Mumbai,Bike,Full-time,4.04,Y
DP09559,12/9/2024,Suresh U,Ahmedabad,Scooter,Contract,4.2,Y
DP08783,12/20/2024,Rakesh R,Ahmedabad,Bike,Contract,4.24,N
DP04638,12/17/2024,Shreya A,Delhi,Scooter,Full-time,4.36,Y
DP13301,2/3/2025,Rakesh H,Delhi,Scooter,Full-time,4.27,Y
DP09301,12/21/2024,Sneha H,Bengaluru,Bike,Part-time,4.12,Y
DP12066,11/17/2024,Divya D,Bengaluru,Bike,Part-time,3.68,N
DP03478,12/14/2024,Santosh O,Ahmedabad,Bike,Contract,4.73,Y
DP09056,12/30/2024,Kiran J,Bengaluru,Bike,Part-time,3.99,Y
DP01330,12/21/2024,Divya B,Chennai,Bike,Full-time,3.76,N
DP09316,12/25/2024,Kiran O,Delhi,Bike,Full-time,3.77,Y
DP05808,12/30/2024,Kiran D,Chennai,Bike,Full-time,4.56,N
DP00239,12/28/2024,Amit O,Kolkata,Bike,Part-time,3.85,Y
DP07942,12/26/2024,Nikhil Q,Delhi,Bike,Part-time,4.62,Y
DP08710,12/18/2024,Arjun W,Mumbai,Scooter,Full-time,4.14,Y
DP10749,11/20/2024,Meena K,Hyderabad,Bike,Part-time,4.55,Y
DP06199,12/19/2024,Nikhil X,Chennai,Scooter,Part-time,4.06,Y
DP08431,12/29/2024,Arjun B,Bengaluru,Bike,Full-time,4.39,N
DP12551,1/10/2025,Pooja S,Bengaluru,Scooter,Part-time,4.17,Y
DP09730,12/20/2024,Nikhil W,Mumbai,Scooter,Part-time,4.29,Y
DP12883,12/22/2024,Rakesh H,Bengaluru,Bike,Full-time,4.07,N
DP12304,12/26/2024,Vikas T,Hyderabad,Cycle,Part-time,4.49,Y
DP08383,12/5/2024,Priya Q,Delhi,Bike,Full-time,4.15,N
DP06741,12/22/2024,Meena K,Delhi,Bike,Full-time,3.97,Y
DP08105,12/26/2024,Deepak S,Bengaluru,Bike,Full-time,4.62,Y
DP11517,11/27/2024,Deepak I,Delhi,Scooter,Full-time,3.97,Y
DP08216,12/25/2024,Suresh H,Pune,Cycle,Full-time,4.2,Y
DP09801,12/20/2024,Ananya Y,Kolkata,Bike,Part-time,4.02,Y
DP14440,12/26/2024,Meena N,Bengaluru,Car,Full-time,4.39,Y
DP13391,12/17/2024,Ananya J,Delhi,Scooter,Full-time,4.47,Y
DP01217,12/26/2024,Ravi N,Chennai,Bike,Full-time,4.53,Y
DP12919,12/31/2024,Priya R,Hyderabad,Bike,Contract,3.79,Y
DP00437,12/20/2024,Shreya T,Mumbai,Car,Contract,4.28,Y
DP05019,12/18/2024,Divya P,Chennai,Scooter,Full-time,3.8,Y
DP12561,12/18/2024,Vikas C,Ahmedabad,Bike,Full-time,4.04,Y
DP06832,12/25/2024,Arjun D,Kolkata,Car,Full-time,4.02,Y
DP00398,12/10/2024,Manoj R,Pune,Scooter,Full-time,4.19,Y
DP11426,12/30/2024,Kiran O,Hyderabad,Scooter,Part-time,4.09,Y
DP01740,12/27/2024,Deepak H,Chennai,Cycle,Part-time,3.31,Y
DP03778,12/18/2024,Neha I,Hyderabad,Bike,Part-time,4.13,Y
DP00001,12/18/2024,Manoj S,Kolkata,Scooter,Contract,3.96,Y
DP14237,12/16/2024,Ananya G,Bengaluru,Bike,Part-time,4.34,Y
DP11242,12/3/2024,Neha B,Delhi,Cycle,Full-time,4.2,Y
DP02206,12/23/2024,Rakesh Y,Pune,Scooter,Contract,4.37,N
DP03809,12/17/2024,Shreya B,Hyderabad,Scooter,Part-time,3.81,Y
DP13772,12/31/2024,Ravi J,Chennai,Cycle,Full-time,4.32,Y
DP08640,12/28/2024,Suresh C,Delhi,Bike,Full-time,4.1,Y
DP13121,12/27/2024,Neha V,Pune,Bike,Full-time,3.89,Y
DP13852,12/20/2024,Meena S,Kolkata,Bike,Contract,4.7,Y
DP05845,12/22/2024,Pooja P,Bengaluru,Bike,Full-time,4.07,Y
DP06238,12/4/2024,Manoj U,Kolkata,Bike,Full-time,3.97,Y
DP02795,12/23/2024,Arjun W,Chennai,Scooter,Full-time,4.07,Y
DP06738,11/26/2024,Neha E,Mumbai,Scooter,Full-time,4.25,Y
DP11383,1/1/2025,Shreya R,Chennai,Scooter,Full-time,4.28,Y
DP02677,12/25/2024,Kiran Q,Pune,Bike,Contract,4.51,Y
DP03566,12/26/2024,Rakesh W,Delhi,Bike,Contract,4.79,Y
DP01238,12/28/2024,Sneha T,Pune,Scooter,Contract,4.46,Y
DP09346,12/5/2024,Suresh F,Hyderabad,Scooter,Full-time,4.75,Y
DP12235,12/30/2024,Manoj U,Hyderabad,Bike,Full-time,3.85,Y
DP11594,12/31/2024,Amit G,Bengaluru,Bike,Full-time,4.03,Y
DP04616,12/30/2024,Rakesh D,Mumbai,Bike,Part-time,3.95,Y
DP01366,12/25/2024,Deepak L,Kolkata,Scooter,Part-time,4.38,Y
DP12916,12/23/2024,Rahul N,Hyderabad,Bike,Contract,4.45,N
DP05524,12/15/2024,Ananya W,Chennai,Car,Full-time,4.5,Y
DP01631,12/21/2024,Meena N,Hyderabad,Scooter,Full-time,4.2,Y
DP01114,12/31/2024,Amit W,Bengaluru,Bike,Full-time,4.04,Y
DP13768,12/29/2024,Rahul Q,Mumbai,Scooter,Part-time,4.08,Y
DP10807,12/29/2024,Nikhil H,Delhi,Scooter,Full-time,3.56,Y
DP09586,12/21/2024,Neha Z,Hyderabad,Bike,Part-time,4.51,Y
DP04127,12/27/2024,Ravi A,Mumbai,Bike,Contract,4.17,Y
DP06383,12/15/2024,Pooja E,Ahmedabad,Scooter,Contract,4.54,Y
DP01828,12/21/2024,Ravi O,Bengaluru,Cycle,Full-time,3.98,Y
DP02507,1/1/2025,Manoj S,Pune,Scooter,Full-time,4.5,Y
DP04469,12/24/2024,Santosh K,Bengaluru,Scooter,Part-time,4.05,Y
DP10063,12/29/2024,Rakesh X,Hyderabad,Car,Contract,4.09,Y
DP13817,12/25/2024,Kiran S,Bengaluru,Bike,Contract,3.85,Y
DP01947,12/27/2024,Priya Z,Delhi,Scooter,Full-time,3.89,Y
DP14074,12/4/2024,Santosh A,Chennai,Cycle,Full-time,4.14,Y
DP07410,12/25/2024,Nikhil U,Ahmedabad,Bike,Full-time,3.97,Y
DP13135,12/18/2024,Meena J,Bengaluru,Bike,Part-time,4.03,Y
DP14357,12/2/2024,Pooja F,Bengaluru,Scooter,Full-time,4.22,Y
DP07367,11/21/2024,Rahul R,Bengaluru,Scooter,Part-time,4,Y
DP11743,11/29/2024,Amit Q,Ahmedabad,Scooter,Contract,3.65,Y
DP05853,12/10/2024,Ravi V,Hyderabad,Cycle,Full-time,4.4,Y
DP02217,12/31/2024,Kiran A,Ahmedabad,Scooter,Contract,4.1,Y
DP03159,12/26/2024,Vikas N,Mumbai,Bike,Contract,4.1,Y
DP08164,12/16/2024,Nikhil T,Delhi,Bike,Full-time,4.51,N
DP03869,12/25/2024,Nikhil H,Bengaluru,Bike,Part-time,4.41,Y
DP06956,12/30/2024,Shreya X,Kolkata,Bike,Full-time,3.97,Y
DP03991,12/20/2024,Kiran P,Hyderabad,Scooter,Full-time,4.16,Y
DP10714,12/31/2024,Deepak U,Hyderabad,Bike,Full-time,3.88,Y
DP06617,12/28/2024,Ravi Q,Bengaluru,Scooter,Full-time,4.2,Y
DP13830,12/22/2024,Santosh U,Mumbai,Bike,Full-time,4.43,Y
DP00254,12/20/2024,Suresh F,Mumbai,Scooter,Full-time,3.7,Y
DP01837,12/19/2024,Deepak C,Mumbai,Scooter,Full-time,4.37,Y
DP07067,12/16/2024,Nikhil K,Bengaluru,Car,Contract,3.91,Y
DP14904,11/27/2024,Rakesh R,Pune,Bike,Part-time,4.2,Y
DP07343,12/31/2024,Priya K,Kolkata,Scooter,Contract,4.09,Y
DP08718,12/14/2024,Arjun D,Ahmedabad,Cycle,Full-time,4.68,N
DP01467,1/30/2025,Vikas A,Bengaluru,Bike,Full-time,3.84,Y
DP08426,12/21/2024,Vikas H,Ahmedabad,Scooter,Contract,4.01,Y
DP06466,12/24/2024,Deepak D,Mumbai,Cycle,Full-time,4.47,Y
DP06470,12/27/2024,Sneha S,Mumbai,Car,Contract,4.43,Y
DP12880,12/31/2024,Rahul N,Chennai,Cycle,Contract,4.88,Y
DP11348,12/30/2024,Divya L,Hyderabad,Bike,Part-time,4.31,Y
DP03210,12/12/2024,Manoj D,Mumbai,Cycle,Full-time,4.16,Y
DP04101,12/15/2024,Priya L,Bengaluru,Scooter,Part-time,4.92,Y
DP07859,12/26/2024,Ananya Y,Bengaluru,Bike,Full-time,4.28,Y
DP04035,12/14/2024,Neha R,Delhi,Bike,Contract,4.23,Y
DP07644,12/13/2024,Divya W,Kolkata,Car,Part-time,3.86,Y
DP07317,12/8/2024,Manoj Z,Ahmedabad,Scooter,Contract,4.1,N
DP06928,12/31/2024,Suresh B,Chennai,Bike,Full-time,3.73,Y
DP13939,12/27/2024,Santosh H,Delhi,Scooter,Part-time,4.06,Y
DP03101,12/18/2024,Neha Q,Kolkata,Bike,Part-time,4.22,Y
DP02304,12/8/2024,Arjun F,Bengaluru,Car,Full-time,3.97,Y
DP13601,12/23/2024,Deepak U,Pune,Scooter,Full-time,4.23,Y
DP06527,12/18/2024,Neha B,Mumbai,Car,Contract,4.09,Y
DP00566,12/28/2024,Priya I,Pune,Scooter,Full-time,4.48,Y
DP02231,12/10/2024,Deepak F,Delhi,Bike,Full-time,4.15,Y
DP14554,12/31/2024,Santosh G,Bengaluru,Scooter,Contract,4.52,Y
DP13763,12/19/2024,Vikas F,Bengaluru,Cycle,Contract,4.08,Y
DP08483,12/16/2024,Ananya A,Ahmedabad,Scooter,Part-time,4.36,Y
DP07072,12/1/2024,Priya Y,Mumbai,Bike,Full-time,4.32,Y
DP04203,12/26/2024,Arjun R,Mumbai,Bike,Contract,4.5,Y
DP10903,11/25/2024,Divya H,Ahmedabad,Scooter,Full-time,4.36,Y
DP01362,12/17/2024,Ananya B,Bengaluru,Scooter,Full-time,4.37,Y
DP04745,3/16/2025,Vikas F,Bengaluru,Bike,Full-time,4.24,Y
DP12226,12/20/2024,Shreya B,Ahmedabad,Scooter,Part-time,4.44,N
DP10991,12/29/2024,Rahul S,Hyderabad,Bike,Full-time,4.64,Y
DP01588,12/29/2024,Rakesh Y,Chennai,Bike,Full-time,4.48,Y
DP12096,12/9/2024,Vikas C,Bengaluru,Bike,Contract,4.77,N
DP03193,12/13/2024,Suresh C,Pune,Scooter,Part-time,4.43,Y
DP12884,12/10/2024,Meena K,Delhi,Bike,Full-time,4.79,Y
DP06739,12/3/2024,Ananya O,Kolkata,Bike,Full-time,3.78,N
DP00448,12/14/2024,Sneha K,Ahmedabad,Bike,Part-time,4.24,Y
DP06195,12/28/2024,Vikas F,Mumbai,Bike,Full-time,4.08,Y
DP12961,12/1/2024,Shreya N,Bengaluru,Bike,Full-time,4.35,Y
DP00982,12/14/2024,Divya Y,Bengaluru,Scooter,Contract,4.6,Y
DP14849,12/31/2024,Rahul F,Bengaluru,Scooter,Full-time,3.83,Y
DP09540,12/27/2024,Ravi L,Bengaluru,Scooter,Part-time,4.45,Y
DP13463,12/24/2024,Meena R,Delhi,Bike,Part-time,4.35,Y
DP01300,12/29/2024,Pooja F,Bengaluru,Bike,Full-time,4.42,Y
DP12866,12/24/2024,Amit L,Mumbai,Cycle,Full-time,4.64,Y
DP14037,12/29/2024,Santosh Z,Kolkata,Cycle,Full-time,4.01,Y
DP02380,12/7/2024,Rahul M,Bengaluru,Bike,Part-time,4.11,Y
DP00901,12/2/2024,Deepak P,Bengaluru,Scooter,Contract,4.01,Y
DP07479,12/21/2024,Pooja B,Bengaluru,Bike,Part-time,4.08,Y
DP10638,12/30/2024,Neha K,Bengaluru,Cycle,Part-time,3.94,Y
DP13238,12/5/2024,Neha H,Delhi,Bike,Part-time,4.5,Y
DP03707,12/19/2024,Meena P,Pune,Bike,Full-time,4.16,Y
DP01209,1/1/2025,Ananya K,Bengaluru,Scooter,Contract,4.52,Y
DP07627,12/23/2024,Manoj Q,Chennai,Cycle,Part-time,4.01,Y
DP04094,12/16/2024,Pooja C,Bengaluru,Scooter,Contract,4.2,N
DP12860,12/12/2024,Ravi X,Mumbai,Bike,Full-time,4.58,Y
DP09305,1/1/2025,Kiran B,Ahmedabad,Cycle,Part-time,4.16,Y
DP09437,12/24/2024,Vikas M,Kolkata,Scooter,Full-time,4.26,Y
DP01955,12/23/2024,Arjun P,Kolkata,Cycle,Contract,3.94,Y
DP01303,12/28/2024,Arjun T,Chennai,Bike,Full-time,4.6,Y
DP09166,12/20/2024,Amit O,Bengaluru,Scooter,Full-time,3.65,Y
DP05117,12/22/2024,Manoj N,Delhi,Scooter,Contract,4.45,Y
DP04008,12/27/2024,Priya I,Mumbai,Bike,Full-time,4.26,Y
DP13086,12/30/2024,Shreya A,Bengaluru,Scooter,Full-time,4.32,Y
DP06092,12/19/2024,Rakesh J,Delhi,Scooter,Contract,4.18,Y
DP09661,12/24/2024,Shreya E,Hyderabad,Bike,Part-time,4.41,Y
DP07093,12/21/2024,Nikhil H,Bengaluru,Scooter,Contract,4.01,Y
DP04245,12/11/2024,Amit W,Pune,Cycle,Part-time,4.22,Y
DP08358,12/1/2024,Vikas N,Kolkata,Scooter,Full-time,4.65,Y
DP02485,12/30/2024,Divya T,Delhi,Scooter,Full-time,4.34,Y
DP08360,1/1/2025,Meena W,Ahmedabad,Bike,Full-time,3.95,Y
DP06989,12/26/2024,Ravi K,Bengaluru,Bike,Full-time,4.21,Y
DP07023,12/12/2024,Divya R,Mumbai,Bike,Contract,4.01,Y
DP05775,1/14/2025,Manoj P,Delhi,Bike,Part-time,3.61,Y
DP00934,12/15/2024,Rahul A,Mumbai,Scooter,Contract,3.9,Y
DP11767,11/27/2024,Priya Y,Pune,Bike,Part-time,3.68,N
DP12627,12/30/2024,Meena A,Mumbai,Cycle,Full-time,4.35,Y
DP10676,1/1/2025,Deepak G,Pune,Scooter,Part-time,4.12,Y
DP12114,12/20/2024,Deepak F,Delhi,Bike,Full-time,4.4,Y
DP08432,12/14/2024,Arjun K,Mumbai,Car,Full-time,4.1,Y
DP05086,12/24/2024,Vikas S,Mumbai,Cycle,Contract,3.85,Y
DP12418,12/19/2024,Sneha K,Chennai,Bike,Full-time,3.84,N
DP07948,12/31/2024,Rahul H,Ahmedabad,Bike,Part-time,3.96,Y
DP12542,12/10/2024,Nikhil Q,Chennai,Bike,Full-time,4.59,Y
DP03466,1/1/2025,Shreya A,Pune,Scooter,Contract,4.16,Y
DP10476,12/4/2024,Deepak G,Mumbai,Bike,Part-time,4.66,Y
DP11118,12/24/2024,Arjun B,Delhi,Cycle,Part-time,4.29,Y
DP04639,12/28/2024,Kiran S,Bengaluru,Scooter,Contract,4.12,N
DP13821,12/23/2024,Ravi U,Kolkata,Bike,Full-time,4.18,Y
DP14389,12/15/2024,Manoj J,Bengaluru,Scooter,Contract,4.3,Y
DP11959,12/24/2024,Arjun I,Chennai,Bike,Part-time,4.71,Y
DP13016,12/13/2024,Deepak I,Chennai,Bike,Full-time,3.53,Y
DP02488,12/15/2024,Amit F,Mumbai,Bike,Full-time,3.92,Y
DP13415,12/30/2024,Meena V,Hyderabad,Bike,Full-time,3.97,Y
DP10284,12/17/2024,Ravi I,Mumbai,Scooter,Full-time,4.48,Y
DP12552,12/19/2024,Rahul E,Kolkata,Bike,Contract,4.63,Y
DP08403,12/16/2024,Amit C,Delhi,Scooter,Full-time,4.4,Y
DP07007,12/30/2024,Priya W,Pune,Cycle,Part-time,4.11,Y
DP01381,12/31/2024,Rahul D,Mumbai,Scooter,Part-time,3.99,N
DP08476,12/31/2024,Meena H,Kolkata,Scooter,Full-time,4.26,Y
DP12798,12/10/2024,Shreya I,Kolkata,Bike,Full-time,4.21,Y
DP10089,12/25/2024,Priya R,Bengaluru,Scooter,Full-time,4.37,Y
DP12546,12/8/2024,Vikas Q,Bengaluru,Bike,Part-time,4.13,Y
DP05531,12/29/2024,Ananya C,Bengaluru,Bike,Part-time,4.53,Y
DP10831,12/21/2024,Kiran D,Kolkata,Cycle,Full-time,3.92,N
DP07623,12/31/2024,Nikhil V,Bengaluru,Car,Full-time,3.94,Y
DP05721,12/26/2024,Amit H,Delhi,Scooter,Contract,3.61,Y
DP11684,11/30/2024,Santosh F,Ahmedabad,Bike,Full-time,4.45,Y
DP11694,12/27/2024,Vikas D,Chennai,Bike,Part-time,4.25,Y
DP09647,12/29/2024,Deepak E,Pune,Scooter,Contract,4.46,Y
DP01309,12/22/2024,Priya H,Bengaluru,Scooter,Part-time,5,Y
DP06331,12/15/2024,Santosh G,Delhi,Scooter,Full-time,3.98,Y
DP05558,12/21/2024,Kiran S,Hyderabad,Scooter,Full-time,4.31,Y
DP02679,12/22/2024,Sneha T,Chennai,Scooter,Full-time,3.86,Y
DP14059,12/27/2024,Deepak C,Kolkata,Bike,Full-time,4.34,Y
DP10225,12/16/2024,Priya D,Chennai,Scooter,Part-time,4.15,Y
DP03085,12/30/2024,Manoj V,Ahmedabad,Scooter,Part-time,4.83,Y
DP02087,11/24/2024,Sneha F,Ahmedabad,Scooter,Part-time,3.48,Y
DP12903,12/19/2024,Suresh I,Mumbai,Bike,Part-time,4.49,N
DP09011,12/22/2024,Rakesh U,Chennai,Bike,Part-time,4.19,Y
DP01731,12/29/2024,Vikas M,Ahmedabad,Cycle,Part-time,4.19,Y
DP00723,12/22/2024,Suresh C,Mumbai,Scooter,Contract,4.38,Y
DP01184,12/19/2024,Ananya F,Delhi,Car,Part-time,4.63,Y
DP04664,12/7/2024,Sneha T,Bengaluru,Scooter,Contract,4.51,Y
DP03311,12/28/2024,Kiran T,Chennai,Scooter,Part-time,4.36,Y
DP05593,12/16/2024,Shreya T,Bengaluru,Cycle,Part-time,4.01,Y
DP05097,12/26/2024,Pooja A,Chennai,Scooter,Contract,4.23,N
DP00583,12/31/2024,Nikhil E,Bengaluru,Scooter,Full-time,4.17,Y
DP13879,1/1/2025,Ravi G,Pune,Scooter,Full-time,3.66,Y
DP01894,12/7/2024,Ravi L,Kolkata,Scooter,Full-time,4.29,Y
DP04354,12/30/2024,Sneha Y,Mumbai,Bike,Part-time,3.88,Y
DP11223,1/1/2025,Ravi F,Pune,Scooter,Part-time,4.13,Y
DP14526,1/4/2025,Amit N,Pune,Car,Full-time,4.77,Y
DP12018,12/14/2024,Sneha B,Mumbai,Car,Part-time,4.31,Y
DP06855,12/20/2024,Santosh M,Delhi,Scooter,Part-time,4.35,Y
DP03960,12/29/2024,Meena C,Bengaluru,Bike,Full-time,4.36,Y
DP08067,12/26/2024,Sneha T,Hyderabad,Cycle,Full-time,4.29,N
DP04506,12/28/2024,Santosh O,Bengaluru,Bike,Contract,4.18,Y
DP14859,1/4/2025,Vikas N,Bengaluru,Bike,Full-time,4.15,Y
DP06001,12/30/2024,Deepak F,Delhi,Cycle,Full-time,3.81,Y
DP08414,12/9/2024,Amit X,Bengaluru,Bike,Part-time,3.91,Y
DP04086,12/31/2024,Ravi B,Mumbai,Cycle,Full-time,4.17,Y
DP03836,12/31/2024,Pooja D,Bengaluru,Cycle,Part-time,3.99,Y
DP11964,11/25/2024,Kiran U,Kolkata,Scooter,Full-time,3.84,N
DP00324,12/19/2024,Amit Y,Mumbai,Car,Full-time,4.47,Y
DP00946,12/22/2024,Neha Y,Chennai,Bike,Full-time,4.46,Y
DP05247,12/12/2024,Kiran W,Mumbai,Bike,Contract,3.89,Y
DP14758,12/28/2024,Deepak N,Chennai,Bike,Part-time,4.72,Y
DP04336,12/11/2024,Rakesh H,Kolkata,Bike,Part-time,4.15,Y
DP08923,12/9/2024,Rahul F,Mumbai,Bike,Contract,4.46,Y
DP11029,12/2/2024,Meena U,Mumbai,Bike,Part-time,4.22,Y
DP14960,12/27/2024,Rahul S,Chennai,Scooter,Part-time,4.29,Y
DP11329,12/29/2024,Suresh H,Mumbai,Car,Full-time,4.37,Y
DP09450,12/28/2024,Vikas Z,Kolkata,Cycle,Full-time,4.18,Y
DP04931,12/16/2024,Shreya S,Ahmedabad,Scooter,Part-time,4.41,Y
DP03833,12/31/2024,Priya D,Pune,Bike,Part-time,3.41,Y
DP00564,12/17/2024,Rahul E,Bengaluru,Bike,Full-time,4.04,Y
DP04262,12/5/2024,Neha N,Bengaluru,Bike,Contract,4.24,Y
DP11568,12/22/2024,Priya U,Chennai,Scooter,Part-time,4.51,Y
DP10216,12/24/2024,Santosh K,Delhi,Scooter,Full-time,3.97,Y
DP09880,12/11/2024,Kiran P,Delhi,Car,Part-time,4.21,Y
DP04986,12/24/2024,Neha Y,Delhi,Car,Full-time,4.2,Y
DP02938,12/30/2024,Rahul G,Delhi,Scooter,Full-time,4.17,Y
DP13389,12/30/2024,Sneha X,Kolkata,Bike,Part-time,4.75,Y
DP01784,11/30/2024,Divya Z,Pune,Scooter,Full-time,4.05,Y
DP05572,12/24/2024,Priya Y,Pune,Scooter,Full-time,4.35,Y
DP14734,12/28/2024,Rakesh X,Kolkata,Scooter,Full-time,4.12,Y
DP02691,12/14/2024,Priya N,Delhi,Bike,Part-time,4.42,Y
DP11341,12/25/2024,Sneha F,Ahmedabad,Car,Part-time,3.81,Y
DP11381,1/25/2025,Meena Z,Chennai,Cycle,Full-time,3.97,Y
DP03060,12/16/2024,Ravi O,Bengaluru,Scooter,Full-time,4.4,Y
DP10119,12/9/2024,Neha R,Hyderabad,Bike,Full-time,4.02,Y
DP04018,12/19/2024,Santosh Z,Mumbai,Bike,Part-time,4.55,Y
DP07549,12/30/2024,Divya Q,Chennai,Scooter,Full-time,4.31,Y
DP02966,12/18/2024,Amit J,Pune,Car,Full-time,4.09,Y
DP02438,12/28/2024,Arjun O,Pune,Bike,Contract,3.87,Y
DP02003,12/22/2024,Sneha Z,Delhi,Car,Contract,4.21,N
DP11628,12/28/2024,Deepak S,Delhi,Scooter,Contract,4.13,Y
DP14424,12/30/2024,Divya F,Kolkata,Car,Contract,4.13,N
DP07180,12/28/2024,Sneha R,Bengaluru,Scooter,Full-time,4.33,Y
DP02887,12/21/2024,Arjun T,Bengaluru,Scooter,Part-time,4.19,Y
DP04970,12/29/2024,Ananya T,Ahmedabad,Bike,Full-time,4.67,Y
DP06876,12/31/2024,Shreya B,Kolkata,Bike,Full-time,3.82,Y
DP03547,12/25/2024,Manoj K,Bengaluru,Scooter,Full-time,3.95,Y
DP05523,12/15/2024,Pooja E,Pune,Scooter,Full-time,4.12,Y
DP13090,12/26/2024,Vikas Z,Chennai,Car,Part-time,4.03,N
DP03450,12/29/2024,Meena Y,Pune,Cycle,Part-time,3.96,Y
DP14279,11/24/2024,Ravi Y,Bengaluru,Scooter,Full-time,4.07,Y
DP08013,12/20/2024,Kiran T,Chennai,Cycle,Part-time,4.15,Y
DP12931,12/25/2024,Nikhil C,Bengaluru,Scooter,Full-time,4.7,Y
DP07847,1/1/2025,Divya B,Kolkata,Scooter,Part-time,4.06,N
DP09565,12/19/2024,Meena Z,Mumbai,Bike,Contract,4.46,Y
DP11992,12/8/2024,Manoj J,Bengaluru,Scooter,Full-time,4.64,Y
DP03879,12/19/2024,Amit M,Pune,Scooter,Full-time,4.37,Y
DP14325,12/22/2024,Rahul F,Pune,Scooter,Part-time,4.37,Y
DP02491,12/16/2024,Sneha H,Mumbai,Car,Full-time,4.46,Y
DP13533,12/10/2024,Vikas C,Ahmedabad,Bike,Part-time,3.84,Y
DP04875,12/6/2024,Amit V,Delhi,Scooter,Contract,4.03,Y
DP10845,12/12/2024,Vikas A,Ahmedabad,Scooter,Full-time,3.64,Y
DP08763,12/29/2024,Rahul I,Hyderabad,Car,Full-time,4.67,Y
DP09240,12/24/2024,Priya J,Chennai,Scooter,Full-time,5,Y
DP00806,12/12/2024,Ananya C,Mumbai,Scooter,Part-time,4.41,Y
DP03348,12/28/2024,Arjun K,Bengaluru,Bike,Full-time,4.35,Y
DP13449,12/14/2024,Santosh T,Mumbai,Bike,Contract,4.09,Y
DP12190,12/8/2024,Nikhil G,Delhi,Bike,Full-time,4.46,Y
DP05310,12/18/2024,Sneha K,Bengaluru,Scooter,Full-time,4.15,Y
DP11074,12/29/2024,Neha F,Mumbai,Bike,Full-time,4.1,Y
DP00874,12/25/2024,Sneha Y,Hyderabad,Bike,Part-time,4.21,Y
DP13125,12/22/2024,Pooja U,Bengaluru,Car,Contract,4.4,Y
DP10679,12/30/2024,Santosh X,Ahmedabad,Scooter,Full-time,4.05,Y
DP14142,12/14/2024,Santosh O,Mumbai,Scooter,Full-time,4.62,Y
DP07734,12/26/2024,Neha Q,Bengaluru,Bike,Full-time,3.99,Y
DP10838,12/18/2024,Shreya J,Bengaluru,Cycle,Full-time,4.01,Y
DP10430,12/25/2024,Neha Y,Delhi,Bike,Full-time,3.81,N
DP08724,12/29/2024,Ravi Z,Kolkata,Scooter,Full-time,4.02,Y
DP10096,12/8/2024,Kiran D,Pune,Cycle,Contract,3.95,Y
DP03299,12/31/2024,Santosh B,Kolkata,Scooter,Full-time,4.32,Y
DP13570,12/27/2024,Shreya U,Mumbai,Car,Full-time,4,Y
DP06892,12/14/2024,Ravi O,Mumbai,Scooter,Full-time,4.65,Y
DP12095,12/17/2024,Nikhil Y,Bengaluru,Scooter,Full-time,4.93,Y
DP05486,12/29/2024,Kiran J,Mumbai,Scooter,Contract,4.15,Y
DP10895,12/18/2024,Pooja P,Kolkata,Scooter,Part-time,4.35,N
DP00303,12/18/2024,Manoj M,Delhi,Scooter,Full-time,3.84,N
DP14723,12/27/2024,Priya L,Pune,Scooter,Contract,4.61,Y
DP10376,1/11/2025,Divya Q,Bengaluru,Cycle,Full-time,3.87,Y
DP05092,12/30/2024,Nikhil U,Bengaluru,Scooter,Part-time,4.25,Y
DP14335,12/19/2024,Santosh W,Bengaluru,Cycle,Full-time,4.25,Y
DP07813,12/20/2024,Meena D,Chennai,Scooter,Contract,4.46,Y
DP12960,12/19/2024,Santosh N,Chennai,Scooter,Part-time,4.14,Y
DP10884,12/19/2024,Rakesh Z,Kolkata,Scooter,Part-time,3.8,N
DP02503,12/18/2024,Suresh Z,Delhi,Car,Full-time,3.91,Y
DP03440,12/16/2024,Pooja J,Delhi,Bike,Full-time,3.91,Y
DP06190,12/26/2024,Deepak W,Bengaluru,Bike,Part-time,4.14,Y
DP03769,12/16/2024,Manoj F,Chennai,Bike,Contract,4.59,N
DP03736,1/16/2025,Deepak Q,Bengaluru,Scooter,Part-time,4.06,Y
DP03660,12/28/2024,Sneha V,Bengaluru,Cycle,Full-time,4.08,Y
DP04516,12/31/2024,Kiran P,Hyderabad,Bike,Part-time,4.48,Y
DP03066,12/31/2024,Deepak I,Bengaluru,Scooter,Contract,3.46,Y
DP09348,11/27/2024,Kiran H,Pune,Bike,Contract,4.16,Y
DP14634,12/25/2024,Pooja N,Bengaluru,Scooter,Part-time,4.48,Y
DP12009,12/25/2024,Manoj Y,Bengaluru,Scooter,Contract,4.05,N
DP13127,12/15/2024,Nikhil K,Bengaluru,Scooter,Full-time,4.44,N
DP12950,2/4/2025,Pooja M,Mumbai,Scooter,Part-time,4.19,Y
DP04017,12/31/2024,Kiran T,Chennai,Cycle,Part-time,4.38,Y
DP05112,12/24/2024,Nikhil V,Delhi,Cycle,Full-time,4.33,N
DP05927,12/31/2024,Pooja E,Bengaluru,Scooter,Contract,4.07,Y
DP11027,12/28/2024,Neha J,Bengaluru,Scooter,Contract,4.58,Y
DP11335,12/22/2024,Priya B,Delhi,Scooter,Contract,4.04,Y
DP03563,1/18/2025,Vikas V,Bengaluru,Bike,Full-time,4.39,Y
DP03995,12/28/2024,Rahul L,Bengaluru,Scooter,Full-time,4.82,Y
DP08896,12/2/2024,Vikas M,Bengaluru,Scooter,Full-time,4.35,Y
DP12143,12/14/2024,Rakesh L,Chennai,Scooter,Full-time,4.25,Y
DP03898,12/4/2024,Deepak H,Bengaluru,Bike,Part-time,4.82,Y
DP14720,12/13/2024,Rahul Y,Kolkata,Scooter,Part-time,4.4,N
DP07717,12/11/2024,Priya L,Pune,Bike,Full-time,4.31,Y
DP04441,12/29/2024,Neha J,Chennai,Bike,Part-time,4.78,Y
DP11910,11/27/2024,Shreya N,Pune,Scooter,Part-time,4.35,Y
DP06579,12/28/2024,Arjun P,Bengaluru,Car,Full-time,4.26,N
DP02016,12/18/2024,Shreya H,Bengaluru,Scooter,Full-time,4.3,Y
DP00860,12/23/2024,Divya B,Mumbai,Cycle,Full-time,4.35,Y
DP14256,12/13/2024,Nikhil R,Mumbai,Scooter,Part-time,4.18,Y
DP10342,12/17/2024,Deepak Y,Pune,Bike,Full-time,4.4,N
DP10538,12/13/2024,Arjun I,Delhi,Scooter,Full-time,3.91,Y
DP03624,11/20/2024,Rahul P,Bengaluru,Cycle,Full-time,4.18,Y
DP00769,12/21/2024,Meena J,Pune,Cycle,Full-time,4.29,Y
DP11877,12/19/2024,Rahul T,Bengaluru,Scooter,Full-time,4.03,N
DP06010,12/29/2024,Santosh T,Kolkata,Scooter,Part-time,4.68,Y
DP12621,12/28/2024,Kiran B,Chennai,Cycle,Part-time,4.33,Y
DP14026,12/26/2024,Manoj V,Kolkata,Bike,Part-time,4.11,Y
DP10123,12/29/2024,Manoj Q,Bengaluru,Scooter,Contract,3.89,Y
DP02248,12/30/2024,Pooja B,Delhi,Bike,Full-time,4.11,N
DP10797,12/4/2024,Deepak I,Mumbai,Car,Contract,4.07,Y
DP04662,12/15/2024,Arjun X,Pune,Bike,Contract,4.26,N
DP11825,12/31/2024,Rakesh V,Kolkata,Bike,Full-time,3.65,Y
DP07052,12/3/2024,Priya V,Kolkata,Bike,Full-time,4.78,Y
DP12243,12/19/2024,Sneha H,Ahmedabad,Scooter,Full-time,4.2,Y
DP14826,12/21/2024,Neha I,Delhi,Cycle,Full-time,4.17,Y
DP06263,12/23/2024,Sneha K,Bengaluru,Bike,Part-time,4.02,Y
DP04509,12/24/2024,Priya J,Kolkata,Scooter,Full-time,4.4,Y
DP14614,12/18/2024,Ravi N,Delhi,Scooter,Part-time,3.78,Y
DP13929,12/22/2024,Rakesh U,Mumbai,Cycle,Contract,4.43,N
DP01151,12/27/2024,Priya D,Bengaluru,Bike,Full-time,4.07,N
DP10723,12/28/2024,Priya S,Delhi,Bike,Contract,3.94,Y
DP03957,12/17/2024,Ananya I,Bengaluru,Bike,Full-time,4.01,N
DP05289,12/15/2024,Amit D,Bengaluru,Scooter,Contract,4.4,Y
DP01666,12/28/2024,Nikhil Y,Pune,Scooter,Part-time,3.4,Y
DP11555,12/18/2024,Priya N,Bengaluru,Scooter,Full-time,4.59,Y
DP07373,12/29/2024,Shreya A,Mumbai,Scooter,Full-time,3.97,Y
DP03802,12/15/2024,Meena J,Delhi,Bike,Full-time,4.06,Y
DP12239,12/26/2024,Ananya S,Bengaluru,Scooter,Contract,3.96,Y
DP09329,12/30/2024,Santosh C,Mumbai,Cycle,Contract,4.26,Y
DP10468,12/8/2024,Deepak T,Mumbai,Car,Part-time,4.32,Y
DP07634,12/9/2024,Neha S,Ahmedabad,Scooter,Part-time,4.01,N
DP12819,12/15/2024,Divya P,Kolkata,Scooter,Full-time,4.36,Y
DP13578,12/18/2024,Rakesh G,Chennai,Bike,Part-time,3.85,N
DP13528,12/6/2024,Rakesh X,Kolkata,Bike,Part-time,4.12,Y
DP01591,12/8/2024,Manoj U,Chennai,Bike,Part-time,4.36,Y
DP04981,12/12/2024,Vikas J,Bengaluru,Bike,Part-time,4.61,Y
DP01992,11/20/2024,Kiran W,Chennai,Bike,Full-time,4.31,Y
DP10708,11/29/2024,Arjun U,Mumbai,Scooter,Part-time,4.27,Y
DP01935,1/1/2025,Priya T,Chennai,Bike,Full-time,4.3,Y
DP12987,12/21/2024,Amit P,Bengaluru,Scooter,Contract,4.14,Y
DP02334,11/28/2024,Ravi P,Mumbai,Scooter,Full-time,4.31,Y
DP12124,12/3/2024,Santosh W,Hyderabad,Scooter,Part-time,4.3,Y
DP08302,12/27/2024,Kiran R,Delhi,Cycle,Full-time,4.57,Y
DP00164,12/26/2024,Meena B,Bengaluru,Bike,Full-time,3.93,Y
DP04965,12/28/2024,Amit M,Mumbai,Scooter,Part-time,3.68,Y
DP04730,12/22/2024,Suresh N,Hyderabad,Bike,Full-time,3.89,Y
DP06598,12/30/2024,Nikhil K,Mumbai,Bike,Full-time,3.76,Y
DP07907,12/31/2024,Shreya B,Chennai,Scooter,Part-time,4.21,Y
DP14980,12/26/2024,Priya E,Ahmedabad,Bike,Part-time,4.16,Y
DP11764,12/19/2024,Amit N,Pune,Scooter,Full-time,4.07,Y
DP02397,11/25/2024,Rahul L,Mumbai,Bike,Part-time,4.64,Y
DP03850,12/3/2024,Ananya E,Hyderabad,Bike,Full-time,4.52,N
DP09226,11/26/2024,Shreya F,Delhi,Bike,Contract,3.61,Y
DP02913,12/20/2024,Ravi J,Kolkata,Cycle,Full-time,3.84,Y
DP11988,12/20/2024,Meena N,Mumbai,Scooter,Full-time,4.11,Y
DP00913,12/15/2024,Sneha F,Kolkata,Scooter,Full-time,3.92,Y
DP10102,12/5/2024,Vikas W,Pune,Scooter,Contract,4.31,N
DP12266,12/31/2024,Shreya P,Bengaluru,Cycle,Contract,4.19,Y
DP00248,12/25/2024,Suresh S,Bengaluru,Bike,Full-time,3.87,Y
DP07527,12/6/2024,Kiran A,Hyderabad,Car,Contract,3.77,Y
DP14683,12/23/2024,Ravi Q,Pune,Scooter,Part-time,3.92,N
DP00609,12/27/2024,Meena O,Delhi,Scooter,Full-time,3.72,Y
DP05778,12/28/2024,Deepak D,Bengaluru,Bike,Full-time,4.19,Y
DP13818,12/10/2024,Ravi B,Bengaluru,Scooter,Full-time,4.2,Y
DP02992,12/31/2024,Manoj C,Mumbai,Scooter,Full-time,4.01,N
DP08344,1/12/2025,Priya G,Bengaluru,Cycle,Full-time,4.19,Y
DP14274,12/22/2024,Vikas W,Delhi,Bike,Contract,4.14,Y
DP10805,12/12/2024,Pooja W,Kolkata,Bike,Contract,4.08,Y
DP07213,12/27/2024,Shreya D,Bengaluru,Cycle,Part-time,4.49,Y
DP00624,11/25/2024,Nikhil C,Chennai,Cycle,Full-time,4.45,Y
DP06675,12/24/2024,Nikhil K,Pune,Bike,Full-time,4.08,Y
DP12685,12/21/2024,Ravi N,Mumbai,Scooter,Part-time,3.76,Y
DP09645,12/17/2024,Neha L,Pune,Car,Contract,4.14,Y
DP12482,12/28/2024,Manoj U,Delhi,Bike,Part-time,3.84,Y
DP13005,12/18/2024,Pooja O,Kolkata,Bike,Full-time,4.34,Y
DP04954,12/22/2024,Pooja U,Delhi,Cycle,Full-time,4.15,Y
DP09567,12/27/2024,Shreya M,Chennai,Scooter,Contract,3.34,Y
DP01872,12/23/2024,Ravi M,Hyderabad,Bike,Contract,4.15,Y
DP02850,12/11/2024,Santosh A,Pune,Scooter,Full-time,4.03,Y
DP10276,12/31/2024,Rahul T,Delhi,Scooter,Part-time,4.11,Y
DP00080,12/29/2024,Suresh K,Bengaluru,Bike,Contract,4.39,Y
DP06710,12/26/2024,Suresh N,Delhi,Scooter,Part-time,4.36,Y
DP09198,12/30/2024,Ananya F,Mumbai,Bike,Part-time,3.98,Y
DP11378,12/19/2024,Vikas R,Kolkata,Scooter,Full-time,4.4,Y
DP13128,12/25/2024,Deepak V,Bengaluru,Car,Full-time,3.93,Y
DP10210,12/31/2024,Meena T,Bengaluru,Scooter,Part-time,4.02,N
DP01647,12/2/2024,Rakesh V,Delhi,Scooter,Full-time,3.96,Y
DP10178,12/15/2024,Amit H,Delhi,Scooter,Contract,4.26,Y
DP08886,12/23/2024,Suresh C,Delhi,Car,Part-time,3.8,Y
DP11527,12/17/2024,Priya E,Hyderabad,Bike,Full-time,3.97,Y
DP03806,12/21/2024,Neha Q,Pune,Bike,Part-time,4.28,N
DP12262,12/26/2024,Sneha G,Bengaluru,Scooter,Part-time,3.5,Y
DP14011,11/30/2024,Ravi E,Mumbai,Bike,Full-time,4.52,Y
DP08753,12/21/2024,Santosh D,Bengaluru,Scooter,Contract,4.48,N
DP04690,12/28/2024,Ravi F,Hyderabad,Scooter,Full-time,4.86,Y
DP04165,12/14/2024,Santosh B,Bengaluru,Cycle,Full-time,4.52,Y
DP04422,12/23/2024,Ravi D,Bengaluru,Cycle,Full-time,3.75,N
DP00490,11/26/2024,Vikas F,Bengaluru,Scooter,Full-time,4.33,N
DP02212,12/23/2024,Rahul W,Mumbai,Scooter,Full-time,3.82,Y
DP03571,12/21/2024,Deepak K,Bengaluru,Cycle,Contract,4.22,Y
DP13977,12/14/2024,Amit U,Bengaluru,Scooter,Contract,4.46,Y
DP02516,12/29/2024,Shreya R,Bengaluru,Bike,Part-time,4.16,Y
DP11406,12/29/2024,Deepak B,Pune,Bike,Contract,4.21,Y
DP14538,12/28/2024,Manoj H,Bengaluru,Scooter,Contract,4.74,Y
DP04371,12/12/2024,Pooja R,Delhi,Car,Full-time,4.58,Y
DP10125,11/28/2024,Santosh S,Bengaluru,Bike,Part-time,4.27,Y
DP00439,1/1/2025,Vikas U,Kolkata,Bike,Part-time,4.2,Y
DP04241,12/25/2024,Pooja O,Chennai,Scooter,Full-time,4.28,Y
DP12790,12/28/2024,Rahul A,Ahmedabad,Cycle,Full-time,3.94,Y
DP01974,11/16/2024,Nikhil O,Kolkata,Bike,Full-time,4.19,Y
DP06506,12/29/2024,Ananya D,Delhi,Scooter,Full-time,3.81,Y
DP05981,12/27/2024,Priya S,Bengaluru,Bike,Part-time,4.34,Y
DP04738,12/22/2024,Deepak T,Kolkata,Bike,Full-time,4.22,Y
DP01405,12/30/2024,Ravi V,Delhi,Bike,Contract,3.53,Y
DP11536,12/15/2024,Deepak Q,Mumbai,Bike,Contract,4.39,Y
DP07831,12/13/2024,Nikhil K,Chennai,Scooter,Part-time,3.99,Y
DP08052,12/21/2024,Arjun G,Ahmedabad,Bike,Part-time,4.8,Y
DP09870,12/25/2024,Divya R,Ahmedabad,Scooter,Part-time,3.85,Y
DP05606,12/15/2024,Sneha Z,Kolkata,Scooter,Part-time,4.25,N
DP01749,11/23/2024,Divya C,Kolkata,Bike,Full-time,4.22,Y
DP11991,12/17/2024,Kiran Y,Ahmedabad,Scooter,Part-time,4.23,Y
DP11036,12/18/2024,Kiran R,Delhi,Cycle,Contract,4.14,Y
DP00069,12/19/2024,Deepak H,Kolkata,Scooter,Full-time,3.93,Y
DP05555,12/28/2024,Ananya I,Mumbai,Scooter,Full-time,4.07,N
DP10079,12/15/2024,Manoj Y,Chennai,Scooter,Full-time,4.1,N
DP14756,12/29/2024,Divya P,Bengaluru,Bike,Full-time,4.22,Y
DP05216,1/8/2025,Divya B,Bengaluru,Bike,Full-time,3.9,Y
DP02260,12/29/2024,Meena J,Bengaluru,Bike,Full-time,4.5,Y
DP14196,12/31/2024,Ravi T,Mumbai,Cycle,Full-time,3.94,Y
DP07702,12/24/2024,Meena Z,Pune,Cycle,Full-time,4.35,Y
DP06236,12/25/2024,Vikas X,Delhi,Car,Contract,4.42,Y
DP08920,12/15/2024,Santosh U,Delhi,Scooter,Full-time,3.58,Y
DP05898,12/23/2024,Meena Z,Ahmedabad,Scooter,Full-time,4.24,Y
DP09754,12/13/2024,Arjun K,Delhi,Scooter,Part-time,4.2,Y
DP06113,12/29/2024,Ravi A,Bengaluru,Scooter,Full-time,4,Y
DP00128,12/15/2024,Rahul S,Bengaluru,Bike,Part-time,4.6,Y
DP05565,12/21/2024,Priya R,Delhi,Bike,Part-time,3.8,Y
DP02286,12/19/2024,Rahul L,Kolkata,Car,Part-time,4.19,Y
DP03276,12/29/2024,Suresh R,Bengaluru,Bike,Full-time,4.31,Y
DP09239,12/23/2024,Ananya L,Hyderabad,Bike,Full-time,4.12,Y
DP09973,12/29/2024,Deepak Z,Delhi,Bike,Full-time,4.15,Y
DP14504,12/15/2024,Deepak L,Mumbai,Scooter,Contract,4.35,Y
DP02113,12/25/2024,Meena G,Delhi,Scooter,Full-time,4.25,Y
DP00016,12/10/2024,Santosh X,Pune,Bike,Part-time,3.77,Y
DP00711,12/17/2024,Deepak K,Delhi,Scooter,Full-time,3.98,Y
DP09027,12/31/2024,Vikas I,Bengaluru,Scooter,Full-time,3.56,Y
DP04198,11/29/2024,Kiran R,Kolkata,Bike,Part-time,4.22,Y
DP13150,12/28/2024,Deepak F,Pune,Scooter,Full-time,3.97,Y
DP12595,12/1/2024,Neha E,Hyderabad,Scooter,Contract,3.48,Y
DP09816,12/26/2024,Kiran R,Ahmedabad,Scooter,Part-time,4.03,Y
DP02332,12/30/2024,Ravi Y,Delhi,Scooter,Full-time,4.13,Y
DP01290,12/20/2024,Nikhil S,Ahmedabad,Scooter,Part-time,3.92,Y
DP06827,12/25/2024,Ananya D,Delhi,Bike,Full-time,4.52,Y
DP12951,12/27/2024,Vikas F,Kolkata,Bike,Part-time,4.02,Y
DP14788,12/4/2024,Shreya P,Pune,Cycle,Full-time,3.93,N
DP12382,12/30/2024,Manoj K,Bengaluru,Bike,Contract,4.21,Y
DP06407,12/16/2024,Vikas P,Bengaluru,Cycle,Full-time,4.21,Y
DP04560,12/16/2024,Meena G,Kolkata,Scooter,Full-time,4.2,Y
DP12464,12/12/2024,Neha M,Ahmedabad,Bike,Full-time,3.78,Y
DP04014,12/1/2024,Rahul N,Bengaluru,Cycle,Full-time,4.12,Y
DP13398,12/28/2024,Santosh Y,Ahmedabad,Bike,Part-time,4.14,Y
DP11237,12/23/2024,Neha L,Mumbai,Scooter,Full-time,3.89,Y
DP00173,12/19/2024,Manoj O,Delhi,Cycle,Part-time,4,Y
DP00072,11/27/2024,Kiran O,Bengaluru,Scooter,Full-time,4.3,Y
DP10635,1/1/2025,Meena O,Bengaluru,Bike,Full-time,3.99,Y
DP08203,12/3/2024,Kiran W,Bengaluru,Bike,Part-time,4.62,Y
DP07685,12/19/2024,Amit N,Ahmedabad,Bike,Part-time,4.57,Y
DP05625,12/16/2024,Pooja Z,Ahmedabad,Bike,Full-time,4.55,Y
DP02435,12/9/2024,Shreya B,Bengaluru,Car,Full-time,4.04,Y
DP13696,12/10/2024,Shreya O,Bengaluru,Bike,Part-time,4.35,N
DP05929,12/26/2024,Rakesh C,Mumbai,Cycle,Contract,4.28,Y
DP02688,12/30/2024,Manoj L,Pune,Scooter,Part-time,4.41,Y
DP02305,12/23/2024,Meena N,Chennai,Bike,Part-time,4.4,Y
DP10375,12/7/2024,Santosh X,Chennai,Scooter,Part-time,3.78,Y
DP00673,12/24/2024,Priya J,Pune,Cycle,Part-time,4.28,Y
DP13573,12/17/2024,Rakesh Y,Kolkata,Scooter,Part-time,4.28,Y
DP04183,12/30/2024,Santosh H,Delhi,Cycle,Full-time,3.8,N
DP07203,12/11/2024,Rakesh E,Hyderabad,Scooter,Contract,4.05,Y
DP08008,12/27/2024,Pooja V,Delhi,Scooter,Full-time,4.51,Y
DP09823,12/24/2024,Rakesh C,Hyderabad,Scooter,Part-time,4.79,Y
DP01456,12/15/2024,Neha O,Mumbai,Scooter,Contract,3.85,Y
DP06040,12/31/2024,Ravi P,Bengaluru,Scooter,Contract,4.42,Y
DP01628,12/23/2024,Pooja V,Mumbai,Bike,Part-time,4.33,Y
DP02244,12/27/2024,Rahul N,Kolkata,Bike,Full-time,4.25,Y
DP08035,12/9/2024,Amit A,Ahmedabad,Cycle,Full-time,4.11,Y
DP02418,12/30/2024,Neha N,Kolkata,Bike,Full-time,3.87,Y
DP07239,12/23/2024,Kiran I,Kolkata,Car,Full-time,3.95,Y
DP11579,12/19/2024,Ananya E,Kolkata,Bike,Part-time,4.51,Y
DP10893,12/31/2024,Ravi W,Bengaluru,Scooter,Part-time,4.76,Y
DP04744,12/8/2024,Deepak L,Pune,Bike,Full-time,3.91,Y
DP06261,12/16/2024,Vikas U,Bengaluru,Bike,Full-time,4.78,Y
DP02704,12/21/2024,Deepak B,Chennai,Scooter,Full-time,4.54,Y
DP07959,12/8/2024,Nikhil Q,Mumbai,Scooter,Full-time,4,N
DP07331,12/31/2024,Ravi I,Bengaluru,Cycle,Part-time,3.94,Y
DP09424,12/30/2024,Rakesh G,Hyderabad,Scooter,Full-time,3.79,Y
DP13622,12/13/2024,Vikas F,Mumbai,Scooter,Full-time,4.11,Y
DP03350,12/28/2024,Nikhil E,Bengaluru,Scooter,Full-time,4.26,Y
DP03094,12/29/2024,Manoj D,Ahmedabad,Bike,Full-time,3.82,Y
DP00476,12/16/2024,Kiran M,Delhi,Scooter,Full-time,3.83,Y
DP11855,12/16/2024,Vikas U,Pune,Bike,Full-time,4.66,Y
DP10344,12/12/2024,Rakesh X,Hyderabad,Bike,Part-time,4.65,Y
DP14768,12/15/2024,Manoj L,Pune,Scooter,Part-time,4.37,Y
DP10249,11/24/2024,Ravi O,Chennai,Bike,Full-time,4.07,Y
DP05448,12/26/2024,Vikas S,Pune,Bike,Contract,4.63,Y
DP02058,12/21/2024,Amit H,Hyderabad,Scooter,Full-time,3.85,Y
DP12868,12/27/2024,Meena G,Delhi,Scooter,Part-time,4.06,Y
DP00314,12/10/2024,Manoj E,Ahmedabad,Scooter,Contract,4.38,Y
DP05589,12/29/2024,Shreya O,Bengaluru,Bike,Full-time,3.85,N
DP08529,12/20/2024,Meena G,Bengaluru,Scooter,Part-time,4.35,Y
DP11449,12/30/2024,Sneha S,Bengaluru,Scooter,Contract,3.84,Y
DP07899,12/7/2024,Pooja R,Bengaluru,Scooter,Full-time,4.45,Y
DP04657,12/17/2024,Rakesh W,Mumbai,Cycle,Part-time,3.98,N
DP02783,12/27/2024,Meena F,Bengaluru,Bike,Full-time,4.43,Y
DP14126,1/15/2025,Shreya T,Chennai,Car,Contract,4.22,Y
DP01839,2/7/2025,Rakesh H,Chennai,Scooter,Part-time,4.25,Y
DP01168,12/29/2024,Pooja X,Bengaluru,Car,Contract,3.89,N
DP11721,12/19/2024,Santosh O,Bengaluru,Scooter,Full-time,4.46,Y
DP07130,12/29/2024,Pooja A,Bengaluru,Bike,Full-time,3.69,Y
DP00284,12/23/2024,Nikhil L,Hyderabad,Scooter,Full-time,4.01,Y
DP00399,12/17/2024,Shreya F,Ahmedabad,Cycle,Contract,4.86,Y
DP03641,12/8/2024,Amit Y,Ahmedabad,Bike,Part-time,3.95,N
DP06897,12/13/2024,Deepak B,Bengaluru,Bike,Contract,4.42,Y
DP06621,12/20/2024,Deepak Y,Kolkata,Scooter,Part-time,4.44,Y
DP05099,12/9/2024,Neha I,Hyderabad,Scooter,Part-time,4.9,Y
DP00679,12/11/2024,Neha D,Pune,Bike,Full-time,3.69,Y
DP10236,12/30/2024,Shreya U,Pune,Cycle,Contract,3.66,Y
DP02215,12/26/2024,Arjun Z,Bengaluru,Scooter,Part-time,4.56,Y
DP06032,12/10/2024,Deepak D,Hyderabad,Cycle,Full-time,4.24,Y
DP14123,12/12/2024,Arjun D,Bengaluru,Scooter,Part-time,4.27,N
DP13678,11/23/2024,Arjun T,Mumbai,Scooter,Contract,4.14,Y
DP06950,12/10/2024,Shreya S,Kolkata,Bike,Full-time,4.45,Y
DP05381,12/20/2024,Sneha S,Mumbai,Scooter,Contract,3.72,Y
DP06778,11/24/2024,Sneha J,Kolkata,Cycle,Part-time,4.47,Y
DP03522,12/22/2024,Neha K,Mumbai,Bike,Full-time,4.27,Y
DP00681,12/22/2024,Shreya R,Mumbai,Scooter,Full-time,4.64,Y
DP07837,11/27/2024,Manoj T,Kolkata,Bike,Contract,3.5,Y
DP11553,12/24/2024,Ravi L,Bengaluru,Scooter,Contract,3.59,Y
DP07385,12/16/2024,Priya H,Bengaluru,Cycle,Contract,4.61,Y
DP10238,12/24/2024,Divya Q,Mumbai,Bike,Part-time,3.94,Y
DP04365,12/14/2024,Ananya O,Mumbai,Bike,Full-time,4.21,Y
DP06098,12/25/2024,Meena D,Ahmedabad,Bike,Part-time,4.07,Y
DP01875,12/11/2024,Amit H,Mumbai,Scooter,Full-time,4.54,Y
DP13474,1/1/2025,Manoj C,Hyderabad,Bike,Full-time,3.98,Y
DP00331,12/23/2024,Ananya C,Bengaluru,Cycle,Full-time,3.79,N
DP05139,12/28/2024,Rakesh Y,Ahmedabad,Scooter,Full-time,4.26,Y
DP07222,12/24/2024,Rakesh G,Pune,Bike,Full-time,3.99,Y
DP07297,12/18/2024,Vikas Y,Chennai,Bike,Contract,4.07,Y
DP14644,12/25/2024,Meena Q,Hyderabad,Bike,Part-time,3.58,Y
DP09186,12/22/2024,Arjun Z,Kolkata,Scooter,Contract,4.57,Y
DP03731,12/11/2024,Rahul F,Mumbai,Scooter,Full-time,4.8,Y
DP02651,12/27/2024,Deepak Y,Pune,Bike,Full-time,4.13,Y
DP07319,12/27/2024,Nikhil I,Bengaluru,Scooter,Part-time,4.26,Y
DP01096,12/31/2024,Suresh Z,Hyderabad,Cycle,Full-time,4.25,Y
DP14608,12/25/2024,Ananya G,Hyderabad,Scooter,Full-time,4.17,Y
DP02957,12/30/2024,Sneha O,Bengaluru,Bike,Contract,4.57,Y
DP04072,12/28/2024,Rakesh X,Mumbai,Cycle,Full-time,3.83,Y
DP01384,12/24/2024,Amit C,Chennai,Bike,Full-time,4.74,Y
DP10819,12/24/2024,Suresh V,Hyderabad,Cycle,Full-time,3.76,Y
DP04568,12/27/2024,Arjun R,Delhi,Cycle,Full-time,4.39,Y
DP09775,12/30/2024,Ananya Y,Delhi,Bike,Part-time,4.15,Y
DP10180,12/1/2024,Santosh Z,Bengaluru,Bike,Part-time,4.23,Y
DP05939,12/23/2024,Priya M,Delhi,Cycle,Full-time,3.96,Y
DP02935,12/13/2024,Divya V,Kolkata,Bike,Part-time,3.81,Y
DP04601,12/25/2024,Amit A,Hyderabad,Scooter,Full-time,4.09,Y
DP09952,12/6/2024,Shreya V,Bengaluru,Scooter,Part-time,3.99,Y
DP13701,12/31/2024,Neha Z,Kolkata,Scooter,Contract,4.33,N
DP09604,1/1/2025,Kiran L,Delhi,Cycle,Full-time,4.12,Y
DP08335,12/17/2024,Rakesh D,Pune,Scooter,Full-time,3.89,Y
DP02981,12/22/2024,Manoj B,Bengaluru,Bike,Full-time,3.98,Y
DP06907,12/30/2024,Nikhil U,Bengaluru,Scooter,Full-time,3.83,Y
DP09535,12/8/2024,Kiran W,Hyderabad,Bike,Full-time,5,Y
DP11929,11/29/2024,Deepak Z,Pune,Cycle,Full-time,3.8,Y
DP05205,12/18/2024,Meena G,Ahmedabad,Scooter,Full-time,4.02,N
DP03477,12/12/2024,Meena T,Delhi,Scooter,Full-time,4.45,Y
DP09347,12/21/2024,Nikhil A,Chennai,Scooter,Part-time,4.15,N
DP04043,12/27/2024,Suresh U,Mumbai,Bike,Part-time,4.14,Y
DP07217,12/29/2024,Amit X,Bengaluru,Scooter,Full-time,4.7,Y
DP10054,2/25/2025,Sneha G,Hyderabad,Bike,Full-time,4.03,Y
DP01436,12/13/2024,Ravi U,Mumbai,Cycle,Full-time,3.8,Y
DP03516,12/25/2024,Ananya Z,Bengaluru,Scooter,Full-time,4.13,Y
DP14545,1/1/2025,Rahul M,Ahmedabad,Scooter,Full-time,3.82,Y
DP11589,12/24/2024,Manoj O,Chennai,Cycle,Full-time,4.19,Y
DP09817,1/6/2025,Amit M,Chennai,Cycle,Part-time,4.08,Y
DP01742,12/9/2024,Santosh T,Bengaluru,Bike,Contract,4.32,Y
DP05179,12/30/2024,Deepak Y,Kolkata,Scooter,Part-time,4.64,Y
DP09571,12/29/2024,Arjun W,Hyderabad,Cycle,Part-time,4.33,Y
DP11822,12/23/2024,Divya Q,Bengaluru,Scooter,Full-time,4.08,Y
DP06425,12/12/2024,Shreya B,Delhi,Bike,Full-time,4.23,N
DP04691,12/25/2024,Arjun X,Kolkata,Scooter,Part-time,4.22,Y
DP00201,12/22/2024,Vikas P,Bengaluru,Bike,Part-time,4.34,N
DP06962,12/26/2024,Kiran Y,Pune,Bike,Contract,4.18,N
DP07323,12/30/2024,Rakesh Y,Kolkata,Scooter,Full-time,4.75,Y
DP12801,12/14/2024,Vikas T,Bengaluru,Bike,Full-time,4.34,Y
DP06899,12/30/2024,Pooja J,Kolkata,Bike,Full-time,4.01,Y
DP06410,12/29/2024,Rakesh P,Bengaluru,Scooter,Part-time,4.48,Y
DP11332,12/27/2024,Ananya W,Mumbai,Scooter,Full-time,4.95,Y
DP06022,12/29/2024,Meena H,Chennai,Scooter,Part-time,3.8,Y
DP14180,12/20/2024,Amit P,Kolkata,Scooter,Contract,4.47,Y
DP02828,12/7/2024,Priya D,Delhi,Bike,Contract,4.28,N
DP02727,12/3/2024,Rakesh Y,Bengaluru,Scooter,Full-time,4.31,Y
DP08964,12/12/2024,Shreya D,Mumbai,Bike,Contract,3.86,Y
DP14368,12/19/2024,Rakesh E,Mumbai,Bike,Contract,3.6,Y
DP05175,12/25/2024,Santosh Q,Pune,Scooter,Full-time,4.43,Y
DP00617,12/22/2024,Ananya M,Pune,Cycle,Full-time,4.59,Y
DP08924,12/19/2024,Manoj K,Hyderabad,Cycle,Full-time,3.91,Y
DP00826,2/11/2025,Priya F,Mumbai,Scooter,Full-time,3.88,N
DP00424,1/14/2025,Nikhil H,Mumbai,Scooter,Part-time,4.61,Y
DP13805,12/23/2024,Nikhil G,Kolkata,Bike,Part-time,4.41,Y
DP13006,12/16/2024,Neha O,Kolkata,Scooter,Full-time,4.15,Y
DP13757,12/17/2024,Rahul J,Chennai,Bike,Full-time,4.45,Y
DP11598,1/1/2025,Meena B,Pune,Bike,Contract,3.76,Y
DP14897,12/23/2024,Divya O,Hyderabad,Scooter,Full-time,4.19,Y
DP11852,1/1/2025,Deepak U,Hyderabad,Scooter,Full-time,4.33,Y
DP14394,12/26/2024,Manoj I,Delhi,Bike,Full-time,4.19,Y
DP05287,12/24/2024,Meena G,Ahmedabad,Scooter,Full-time,4.59,Y
DP09364,12/24/2024,Neha Z,Pune,Car,Full-time,4.41,Y
DP01451,1/1/2025,Meena G,Kolkata,Scooter,Full-time,4.38,Y
DP04725,12/27/2024,Santosh M,Delhi,Scooter,Full-time,4.16,Y
DP09182,12/27/2024,Vikas B,Mumbai,Scooter,Part-time,3.95,Y
DP00099,2/3/2025,Divya X,Chennai,Bike,Contract,4.55,Y
DP07661,12/12/2024,Priya X,Mumbai,Cycle,Part-time,4.07,Y
DP12963,12/1/2024,Manoj N,Delhi,Bike,Full-time,3.56,Y
DP14920,12/21/2024,Pooja A,Mumbai,Scooter,Full-time,4.23,Y
DP00899,12/26/2024,Pooja I,Hyderabad,Scooter,Contract,4.54,Y
DP08905,12/26/2024,Deepak V,Mumbai,Cycle,Full-time,4.01,Y
DP12442,11/22/2024,Meena X,Delhi,Cycle,Full-time,4.12,Y
DP02430,12/23/2024,Rahul X,Bengaluru,Cycle,Contract,4.07,Y
DP03497,12/14/2024,Sneha M,Delhi,Cycle,Full-time,3.95,Y
DP11236,4/2/2025,Ravi Y,Chennai,Bike,Full-time,4.23,Y
DP13231,12/27/2024,Amit H,Bengaluru,Scooter,Full-time,4.16,Y
DP08820,12/31/2024,Amit Q,Hyderabad,Bike,Part-time,4.11,Y
DP11670,11/28/2024,Amit U,Pune,Bike,Full-time,4.47,Y
DP09658,12/24/2024,Divya L,Mumbai,Bike,Full-time,3.74,N
DP05494,12/19/2024,Manoj E,Bengaluru,Bike,Part-time,3.94,Y
DP00964,12/22/2024,Manoj O,Delhi,Scooter,Contract,3.68,Y
DP05951,12/4/2024,Divya P,Hyderabad,Scooter,Part-time,3.44,Y
DP04508,1/26/2025,Amit H,Bengaluru,Car,Contract,4.03,Y
DP06094,12/23/2024,Sneha Q,Mumbai,Bike,Contract,4.37,Y
DP00050,1/5/2025,Meena B,Mumbai,Bike,Full-time,3.76,Y
DP04894,12/25/2024,Divya X,Ahmedabad,Scooter,Contract,4.37,Y
DP04761,12/27/2024,Priya X,Mumbai,Scooter,Full-time,4.16,Y
DP00753,12/24/2024,Meena T,Delhi,Bike,Part-time,4.69,Y
DP07670,12/28/2024,Divya B,Delhi,Scooter,Contract,4.34,Y
DP07000,12/27/2024,Kiran N,Ahmedabad,Car,Full-time,4.1,Y
DP04495,12/25/2024,Pooja E,Bengaluru,Scooter,Full-time,4.43,N
DP07850,12/20/2024,Vikas R,Bengaluru,Scooter,Full-time,4.19,Y
DP11485,12/20/2024,Meena G,Bengaluru,Bike,Contract,3.81,Y
DP11759,12/28/2024,Amit R,Bengaluru,Scooter,Full-time,4.05,Y
DP02659,1/3/2025,Meena O,Mumbai,Bike,Full-time,4.39,N
DP05514,12/26/2024,Sneha U,Mumbai,Scooter,Part-time,4.31,N
DP06303,12/11/2024,Vikas C,Mumbai,Cycle,Part-time,4.29,Y
DP05440,12/20/2024,Pooja I,Delhi,Cycle,Part-time,4.88,Y
DP06696,12/31/2024,Suresh J,Ahmedabad,Scooter,Full-time,4.6,Y
DP07116,12/13/2024,Priya H,Delhi,Bike,Part-time,3.93,N
DP14473,12/16/2024,Rahul L,Bengaluru,Bike,Contract,4.06,Y
DP11640,12/16/2024,Rakesh W,Delhi,Bike,Contract,4.16,N
DP10018,1/14/2025,Shreya G,Delhi,Car,Full-time,4.06,Y
DP14313,4/11/2025,Manoj L,Pune,Cycle,Contract,3.65,N
DP04789,12/13/2024,Santosh W,Bengaluru,Scooter,Full-time,4.05,Y
DP08516,12/31/2024,Ananya B,Bengaluru,Scooter,Part-time,4.22,Y
DP11031,1/5/2025,Arjun W,Mumbai,Bike,Full-time,4.06,Y
DP03095,12/24/2024,Rahul F,Bengaluru,Cycle,Full-time,3.87,Y
DP10619,12/10/2024,Santosh I,Kolkata,Scooter,Part-time,4.07,Y
DP12754,12/30/2024,Sneha L,Ahmedabad,Bike,Full-time,3.75,Y
DP13153,12/27/2024,Shreya M,Mumbai,Bike,Part-time,4.14,Y
DP09606,12/27/2024,Nikhil H,Bengaluru,Bike,Contract,4.57,Y
DP00654,12/30/2024,Meena L,Hyderabad,Bike,Part-time,3.86,N
DP11659,12/19/2024,Ravi X,Bengaluru,Scooter,Part-time,4.3,Y
DP13359,1/1/2025,Rakesh T,Chennai,Bike,Full-time,4.23,Y
DP00129,12/8/2024,Priya O,Mumbai,Scooter,Part-time,3.89,Y
DP06891,12/22/2024,Rahul O,Mumbai,Cycle,Contract,4.26,Y
DP01799,12/14/2024,Vikas Z,Kolkata,Cycle,Part-time,3.97,N
DP07065,12/29/2024,Santosh T,Pune,Cycle,Full-time,4.07,Y
DP09038,12/16/2024,Ravi E,Delhi,Bike,Full-time,3.96,Y
DP00634,12/20/2024,Vikas T,Delhi,Scooter,Full-time,4.26,Y
DP14193,12/15/2024,Manoj M,Delhi,Scooter,Full-time,4.28,Y
DP11042,12/27/2024,Kiran G,Bengaluru,Scooter,Part-time,4.4,Y
DP04935,1/10/2025,Divya U,Bengaluru,Scooter,Full-time,4.21,Y
DP06680,12/5/2024,Rahul S,Delhi,Cycle,Contract,3.7,N
DP00339,12/17/2024,Nikhil Q,Delhi,Scooter,Full-time,4.23,Y
DP05968,1/23/2025,Suresh E,Chennai,Scooter,Part-time,4.4,Y
DP13097,12/26/2024,Amit W,Pune,Scooter,Full-time,4.56,Y
DP04945,1/9/2025,Pooja G,Kolkata,Bike,Full-time,3.74,Y
DP00397,1/3/2025,Divya J,Chennai,Bike,Part-time,4.14,N
DP07076,12/30/2024,Priya I,Delhi,Bike,Part-time,4.15,N
DP08127,12/27/2024,Rakesh P,Bengaluru,Bike,Part-time,4.43,Y
DP01723,12/22/2024,Priya P,Delhi,Scooter,Full-time,3.86,Y
DP03575,12/30/2024,Manoj A,Bengaluru,Scooter,Full-time,3.98,Y
DP06419,12/31/2024,Suresh D,Hyderabad,Scooter,Contract,4.65,Y
DP02471,1/1/2025,Shreya D,Mumbai,Scooter,Contract,4.29,Y
DP14701,12/29/2024,Priya B,Bengaluru,Cycle,Part-time,4.14,Y
DP09105,12/21/2024,Divya E,Bengaluru,Scooter,Contract,3.87,Y
DP09525,12/23/2024,Vikas K,Kolkata,Cycle,Contract,4.37,Y
DP07261,12/10/2024,Meena D,Kolkata,Cycle,Contract,4.42,Y
DP04369,12/24/2024,Kiran I,Bengaluru,Bike,Full-time,4.55,Y
DP05201,12/21/2024,Manoj P,Mumbai,Scooter,Full-time,4.15,Y
DP09764,12/29/2024,Meena R,Kolkata,Scooter,Full-time,4.77,Y
DP11100,1/1/2025,Rahul E,Mumbai,Bike,Contract,4.05,Y
DP08732,1/2/2025,Kiran E,Bengaluru,Cycle,Full-time,4.35,Y
DP13496,12/28/2024,Santosh R,Delhi,Cycle,Contract,3.58,Y
DP00029,12/29/2024,Ravi E,Delhi,Scooter,Full-time,3.85,Y
DP09001,1/2/2025,Pooja D,Mumbai,Cycle,Full-time,3.55,Y
DP07559,1/1/2025,Santosh K,Hyderabad,Cycle,Contract,3.86,Y
DP00315,2/6/2025,Kiran O,Hyderabad,Bike,Full-time,4.11,Y
DP10403,12/14/2024,Manoj O,Chennai,Cycle,Full-time,3.83,Y
DP08284,12/9/2024,Rakesh T,Chennai,Bike,Full-time,3.78,Y
DP14067,12/26/2024,Shreya M,Bengaluru,Bike,Part-time,3.9,Y
DP12477,12/5/2024,Deepak I,Hyderabad,Scooter,Full-time,4.26,Y
DP14330,12/28/2024,Ananya W,Chennai,Bike,Full-time,3.73,Y
DP07341,12/15/2024,Priya E,Hyderabad,Scooter,Full-time,3.94,Y
DP04558,12/31/2024,Meena Q,Chennai,Scooter,Full-time,4.1,Y
DP09684,12/27/2024,Rakesh B,Delhi,Scooter,Contract,4.06,Y
DP09624,12/27/2024,Neha C,Mumbai,Scooter,Full-time,4.29,Y
DP03464,12/29/2024,Arjun K,Kolkata,Cycle,Contract,4.77,Y
DP11327,12/25/2024,Meena E,Bengaluru,Bike,Part-time,4.46,Y
DP02756,12/8/2024,Neha X,Hyderabad,Scooter,Full-time,4.08,Y
DP03381,12/27/2024,Rahul T,Bengaluru,Bike,Contract,3.86,N
DP13556,12/31/2024,Rakesh B,Pune,Bike,Contract,4.59,Y
DP01202,12/16/2024,Suresh B,Ahmedabad,Bike,Full-time,3.94,Y
DP06909,12/26/2024,Priya T,Chennai,Bike,Contract,4.01,Y
DP07904,12/25/2024,Divya M,Bengaluru,Scooter,Contract,4.68,Y
DP06926,12/20/2024,Divya B,Mumbai,Scooter,Full-time,4.17,Y
DP11478,12/26/2024,Shreya S,Chennai,Scooter,Part-time,4.1,Y
DP14315,11/30/2024,Shreya C,Delhi,Car,Part-time,4.24,Y
DP14146,12/15/2024,Ananya A,Delhi,Scooter,Contract,4.13,Y
DP06003,12/29/2024,Deepak F,Delhi,Car,Contract,3.97,Y
DP00702,12/5/2024,Ananya Y,Bengaluru,Bike,Part-time,4.11,Y
DP05130,12/23/2024,Divya H,Bengaluru,Scooter,Full-time,4.05,Y
DP14905,12/17/2024,Suresh Y,Bengaluru,Cycle,Part-time,4.19,Y
DP04104,11/28/2024,Arjun H,Ahmedabad,Scooter,Full-time,4.71,Y
DP12515,12/8/2024,Ravi K,Mumbai,Bike,Part-time,4.54,Y
DP00184,12/16/2024,Divya R,Mumbai,Bike,Full-time,4.82,Y
DP09629,12/17/2024,Santosh N,Hyderabad,Bike,Part-time,4.01,Y
DP11095,12/22/2024,Priya E,Pune,Bike,Part-time,4.22,N
DP13324,12/6/2024,Vikas X,Bengaluru,Scooter,Contract,4.36,N
DP05830,12/27/2024,Sneha G,Delhi,Bike,Full-time,4.5,Y
DP14474,12/28/2024,Kiran Y,Chennai,Cycle,Part-time,4.51,Y
DP05556,12/28/2024,Pooja G,Bengaluru,Scooter,Contract,3.54,Y
DP14342,12/28/2024,Meena N,Bengaluru,Bike,Full-time,4.46,Y
DP14670,12/17/2024,Arjun W,Bengaluru,Bike,Full-time,4.99,N
DP13436,12/28/2024,Priya L,Kolkata,Bike,Full-time,4.35,Y
DP08433,12/17/2024,Priya C,Kolkata,Bike,Contract,4.15,Y
DP05316,12/30/2024,Arjun A,Hyderabad,Bike,Full-time,4.18,Y
DP08946,12/29/2024,Meena E,Pune,Scooter,Part-time,4.32,Y
DP08542,12/19/2024,Arjun T,Mumbai,Scooter,Full-time,4.33,Y
DP10560,12/25/2024,Deepak K,Kolkata,Bike,Full-time,4.31,Y
DP08057,12/24/2024,Priya G,Chennai,Scooter,Full-time,4.12,Y
DP07362,12/30/2024,Amit K,Pune,Car,Full-time,4.41,Y
DP06031,12/18/2024,Rakesh B,Chennai,Car,Full-time,4.4,Y
DP02047,12/30/2024,Amit S,Mumbai,Scooter,Full-time,3.99,Y
DP03089,1/2/2025,Rahul E,Bengaluru,Bike,Full-time,4,Y
DP05610,12/14/2024,Vikas P,Delhi,Cycle,Full-time,3.88,Y
DP08929,12/22/2024,Priya K,Mumbai,Bike,Full-time,3.93,Y
DP03019,12/15/2024,Sneha E,Kolkata,Bike,Part-time,4.48,Y
DP03179,12/16/2024,Ravi A,Kolkata,Bike,Contract,4.1,Y
DP00321,12/31/2024,Vikas X,Bengaluru,Scooter,Part-time,4.56,Y
DP09163,12/29/2024,Ravi S,Bengaluru,Bike,Part-time,4.09,Y
DP06923,12/21/2024,Deepak C,Ahmedabad,Bike,Full-time,4.25,Y
DP00065,1/1/2025,Vikas F,Hyderabad,Bike,Full-time,4.14,Y
DP11512,12/11/2024,Suresh S,Mumbai,Cycle,Contract,4.5,Y
DP04263,12/31/2024,Kiran B,Kolkata,Scooter,Full-time,4.05,Y
DP11012,12/13/2024,Manoj D,Delhi,Car,Full-time,4.25,Y
DP10163,12/21/2024,Vikas W,Delhi,Cycle,Full-time,3.96,Y
DP06442,1/2/2025,Shreya K,Ahmedabad,Scooter,Part-time,4.23,Y
DP10899,12/18/2024,Neha N,Chennai,Scooter,Contract,4,Y
DP11093,12/8/2024,Santosh Z,Delhi,Cycle,Contract,3.85,Y
DP11218,12/29/2024,Suresh A,Mumbai,Bike,Contract,4.44,Y
DP13253,12/30/2024,Neha V,Mumbai,Scooter,Contract,4.34,Y
DP02773,1/1/2025,Ananya M,Ahmedabad,Scooter,Part-time,4.83,Y
DP02147,12/30/2024,Meena X,Mumbai,Car,Part-time,4.69,Y
DP04941,1/1/2025,Shreya W,Bengaluru,Car,Full-time,4.16,Y
DP06686,12/23/2024,Suresh B,Hyderabad,Bike,Contract,4.43,Y
DP13641,12/28/2024,Amit Z,Chennai,Bike,Part-time,4.18,Y
DP09059,12/28/2024,Manoj R,Hyderabad,Scooter,Contract,3.8,Y
DP08149,12/22/2024,Suresh T,Kolkata,Bike,Part-time,4.26,Y
DP12639,12/28/2024,Neha T,Chennai,Cycle,Full-time,4.44,Y
DP06013,12/30/2024,Neha M,Bengaluru,Bike,Full-time,4.68,Y
DP12993,12/20/2024,Ananya M,Bengaluru,Scooter,Part-time,4.04,Y
DP14898,12/14/2024,Arjun P,Hyderabad,Bike,Full-time,3.92,Y
DP06175,12/28/2024,Nikhil B,Mumbai,Scooter,Full-time,3.85,N
DP01302,12/28/2024,Neha Y,Hyderabad,Bike,Part-time,4.05,Y
DP03393,12/11/2024,Amit F,Chennai,Bike,Full-time,3.99,N
DP08922,12/22/2024,Ravi I,Ahmedabad,Scooter,Contract,4.03,Y
DP03297,12/16/2024,Ravi J,Bengaluru,Bike,Contract,4.55,Y
DP00019,12/25/2024,Ananya C,Bengaluru,Scooter,Full-time,4.41,Y
DP00788,12/31/2024,Neha M,Bengaluru,Scooter,Full-time,3.87,Y
DP07391,12/31/2024,Pooja T,Ahmedabad,Scooter,Contract,4.78,Y
DP12352,12/30/2024,Meena W,Pune,Cycle,Part-time,4.16,Y
DP09723,12/24/2024,Ravi U,Kolkata,Scooter,Contract,4.39,Y
DP12421,12/19/2024,Sneha K,Bengaluru,Scooter,Full-time,4.13,N
DP06895,12/15/2024,Vikas W,Hyderabad,Bike,Part-time,4.33,Y
DP04311,12/28/2024,Neha T,Chennai,Scooter,Full-time,3.92,Y
DP02615,12/24/2024,Divya D,Chennai,Bike,Full-time,4.34,Y
DP08097,12/22/2024,Nikhil H,Bengaluru,Bike,Full-time,4.57,Y
DP08221,12/7/2024,Vikas B,Pune,Car,Part-time,3.7,Y
DP13362,12/30/2024,Amit K,Hyderabad,Scooter,Full-time,4.45,Y
DP00264,12/31/2024,Rakesh Q,Chennai,Bike,Part-time,4.05,N
DP12969,12/18/2024,Meena J,Mumbai,Bike,Full-time,4.24,Y
DP13886,12/25/2024,Ravi G,Bengaluru,Scooter,Part-time,4.08,Y
DP08025,12/23/2024,Rakesh F,Ahmedabad,Bike,Part-time,4.18,Y
DP07561,12/23/2024,Suresh A,Bengaluru,Bike,Full-time,3.65,Y
DP05059,12/28/2024,Shreya G,Delhi,Cycle,Part-time,4.02,Y
DP01952,1/1/2025,Ravi K,Pune,Scooter,Full-time,4.77,N
DP04532,1/2/2025,Vikas J,Chennai,Bike,Contract,4.12,N
DP11248,12/22/2024,Priya Z,Mumbai,Bike,Part-time,4.07,Y
DP14131,12/27/2024,Santosh P,Bengaluru,Bike,Part-time,4.48,Y
DP06205,12/28/2024,Shreya S,Ahmedabad,Scooter,Contract,4.34,Y
DP04162,12/29/2024,Rahul R,Bengaluru,Scooter,Full-time,4.16,N
DP04522,12/31/2024,Suresh I,Mumbai,Bike,Part-time,4.28,N
DP02461,11/28/2024,Suresh Q,Hyderabad,Scooter,Full-time,3.94,Y
DP02945,12/23/2024,Vikas W,Kolkata,Bike,Full-time,3.8,Y
DP13558,12/25/2024,Ravi O,Ahmedabad,Bike,Full-time,4.47,Y
DP06723,12/30/2024,Rakesh F,Delhi,Bike,Full-time,4.51,Y
DP01140,12/24/2024,Ravi I,Bengaluru,Bike,Full-time,4.2,Y
DP09095,12/26/2024,Shreya Z,Bengaluru,Scooter,Part-time,4.32,Y
DP10680,12/8/2024,Amit X,Delhi,Car,Full-time,4.39,Y
DP04721,12/17/2024,Arjun W,Kolkata,Scooter,Part-time,4.47,Y
DP09783,12/28/2024,Shreya A,Ahmedabad,Scooter,Contract,4.28,Y
DP05172,12/13/2024,Manoj H,Mumbai,Bike,Part-time,4.57,Y
DP05449,12/26/2024,Manoj U,Hyderabad,Cycle,Full-time,4.53,Y
DP09184,12/28/2024,Nikhil U,Mumbai,Bike,Full-time,4.14,N
DP08717,12/13/2024,Arjun I,Chennai,Scooter,Full-time,4.46,Y
DP10641,12/5/2024,Neha T,Mumbai,Cycle,Full-time,4.04,Y
DP05942,12/17/2024,Priya H,Kolkata,Bike,Full-time,4.44,Y
DP13632,12/21/2024,Divya F,Bengaluru,Scooter,Full-time,4.26,Y
DP05728,12/22/2024,Priya U,Bengaluru,Scooter,Full-time,4.24,Y
DP09673,12/30/2024,Kiran K,Delhi,Scooter,Part-time,4.42,Y
DP09516,12/14/2024,Deepak M,Chennai,Bike,Part-time,4.21,Y
DP02835,12/8/2024,Arjun X,Ahmedabad,Scooter,Full-time,4.23,Y
DP00557,1/27/2025,Deepak G,Chennai,Bike,Part-time,4.32,Y
DP14369,2/2/2025,Santosh H,Mumbai,Scooter,Full-time,3.93,Y
DP02073,12/30/2024,Sneha D,Kolkata,Scooter,Full-time,3.5,Y
DP08110,12/27/2024,Amit H,Delhi,Scooter,Part-time,4.9,Y
DP09718,12/9/2024,Vikas T,Bengaluru,Bike,Full-time,4.41,Y
DP00504,12/14/2024,Amit M,Delhi,Cycle,Part-time,4.47,Y
DP06004,12/31/2024,Rakesh W,Pune,Cycle,Full-time,4.45,Y
DP06540,12/30/2024,Nikhil A,Delhi,Car,Part-time,4.31,Y
DP04090,12/13/2024,Rahul C,Delhi,Scooter,Part-time,3.64,Y
DP14828,12/28/2024,Amit O,Bengaluru,Cycle,Contract,4.16,N
DP11607,12/18/2024,Ravi L,Mumbai,Scooter,Full-time,4.33,Y
DP09731,12/18/2024,Neha N,Delhi,Bike,Part-time,4.56,Y
DP06475,12/21/2024,Deepak Y,Mumbai,Bike,Full-time,4.13,Y
DP04438,12/20/2024,Neha N,Ahmedabad,Cycle,Full-time,4.05,Y
DP04812,1/1/2025,Neha D,Chennai,Scooter,Part-time,4.5,Y
DP10290,12/8/2024,Rahul L,Hyderabad,Scooter,Contract,4.14,Y
DP04555,12/26/2024,Arjun W,Kolkata,Scooter,Part-time,4.57,Y
DP12338,12/23/2024,Amit T,Delhi,Bike,Contract,3.91,Y
DP07896,12/31/2024,Deepak D,Bengaluru,Scooter,Part-time,4.16,Y
DP13370,12/30/2024,Amit F,Kolkata,Bike,Contract,4.39,N
DP06728,12/23/2024,Kiran Y,Kolkata,Bike,Part-time,3.89,Y
DP13388,12/12/2024,Priya V,Bengaluru,Scooter,Contract,4.64,Y
DP08602,12/12/2024,Manoj C,Delhi,Bike,Full-time,4.32,Y
DP08496,1/1/2025,Neha M,Chennai,Cycle,Full-time,4.27,Y
DP06526,11/29/2024,Ravi D,Bengaluru,Scooter,Full-time,4.05,Y
DP02746,11/16/2024,Sneha P,Bengaluru,Scooter,Full-time,3.82,Y
DP06753,12/21/2024,Suresh J,Pune,Bike,Full-time,4.2,Y
DP04122,12/18/2024,Divya P,Kolkata,Scooter,Part-time,4.27,N
DP14913,12/29/2024,Manoj K,Mumbai,Cycle,Full-time,4.33,Y
DP09552,12/1/2024,Manoj C,Bengaluru,Cycle,Part-time,4.44,Y
DP14302,12/27/2024,Nikhil W,Bengaluru,Scooter,Part-time,4.26,Y
DP00571,12/21/2024,Suresh I,Pune,Bike,Full-time,3.93,Y
DP03826,1/2/2025,Ravi M,Mumbai,Scooter,Part-time,4.34,Y
DP08953,12/31/2024,Ravi Z,Delhi,Scooter,Part-time,4.34,Y
DP13553,12/12/2024,Suresh A,Pune,Car,Full-time,3.91,Y
DP09197,12/25/2024,Rahul K,Ahmedabad,Cycle,Full-time,4.19,Y
DP03204,12/16/2024,Nikhil N,Chennai,Bike,Full-time,4.13,N
DP07345,12/31/2024,Rahul V,Bengaluru,Scooter,Part-time,3.68,Y
DP12492,1/1/2025,Shreya F,Ahmedabad,Scooter,Full-time,4.09,Y
DP00134,12/29/2024,Suresh F,Bengaluru,Scooter,Part-time,4.54,N
DP06591,1/17/2025,Suresh M,Bengaluru,Bike,Part-time,4.22,N
DP05987,12/24/2024,Suresh W,Chennai,Car,Contract,4.65,Y
DP09386,1/8/2025,Rahul Z,Ahmedabad,Bike,Contract,4.85,N
DP14736,12/30/2024,Sneha R,Delhi,Scooter,Contract,4.44,Y
DP00138,12/21/2024,Kiran M,Mumbai,Cycle,Contract,4.18,Y
DP05277,12/26/2024,Ravi Z,Chennai,Scooter,Full-time,4.27,Y
DP07741,12/3/2024,Arjun H,Chennai,Cycle,Contract,4.49,Y
DP08020,12/26/2024,Priya M,Bengaluru,Cycle,Full-time,4.52,N
DP08899,12/29/2024,Santosh I,Pune,Scooter,Part-time,4.28,Y
DP11272,12/16/2024,Kiran K,Bengaluru,Scooter,Full-time,4.37,Y
DP08632,12/26/2024,Pooja N,Chennai,Bike,Part-time,3.66,Y
DP14778,11/28/2024,Nikhil B,Chennai,Cycle,Contract,3.96,Y
DP07709,12/19/2024,Kiran C,Mumbai,Scooter,Contract,4.12,Y
DP12393,12/15/2024,Deepak Q,Bengaluru,Bike,Full-time,3.86,Y
DP12031,12/20/2024,Priya O,Hyderabad,Scooter,Part-time,4.55,Y
DP07730,12/25/2024,Deepak Z,Pune,Bike,Contract,4.67,Y
DP04920,12/17/2024,Amit C,Mumbai,Bike,Contract,3.98,Y
DP11700,12/28/2024,Kiran N,Delhi,Bike,Contract,4.39,Y
DP14494,12/30/2024,Pooja G,Kolkata,Bike,Part-time,4.06,Y
DP13377,12/28/2024,Priya K,Hyderabad,Cycle,Part-time,4.17,Y
DP08981,12/29/2024,Sneha I,Hyderabad,Bike,Part-time,4.18,N
DP06240,12/29/2024,Neha Q,Chennai,Scooter,Contract,3.78,N
DP06103,1/2/2025,Arjun U,Mumbai,Cycle,Full-time,4.58,Y
DP01510,12/28/2024,Suresh E,Bengaluru,Bike,Contract,4.49,Y
DP02466,12/23/2024,Nikhil J,Hyderabad,Scooter,Part-time,4.62,Y
DP02932,12/19/2024,Amit B,Delhi,Cycle,Full-time,4.36,Y
DP08489,12/28/2024,Sneha R,Bengaluru,Cycle,Full-time,4.13,Y
DP13980,12/18/2024,Shreya X,Delhi,Scooter,Contract,4.86,Y
DP02549,12/27/2024,Santosh C,Delhi,Bike,Full-time,3.88,Y
DP08897,12/20/2024,Nikhil H,Bengaluru,Bike,Full-time,4.36,Y
DP10734,12/18/2024,Pooja C,Mumbai,Cycle,Contract,3.67,Y
DP14511,1/1/2025,Kiran Y,Bengaluru,Bike,Part-time,4.63,Y
DP13376,12/28/2024,Sneha Q,Kolkata,Car,Contract,4.64,Y
DP03930,11/26/2024,Rahul P,Chennai,Bike,Part-time,4.37,N
DP06954,12/29/2024,Neha E,Bengaluru,Scooter,Full-time,4.27,Y
DP12416,12/12/2024,Rahul E,Bengaluru,Scooter,Contract,4.55,Y
DP09725,12/22/2024,Meena W,Bengaluru,Bike,Contract,4.01,N
DP05852,12/26/2024,Manoj B,Bengaluru,Scooter,Contract,4.75,N
DP04687,12/31/2024,Shreya N,Kolkata,Scooter,Part-time,4.11,N
DP00291,12/26/2024,Sneha M,Delhi,Scooter,Part-time,3.83,Y
DP00101,12/29/2024,Manoj T,Bengaluru,Cycle,Contract,3.91,Y
DP05562,12/30/2024,Suresh D,Kolkata,Bike,Full-time,4.17,Y
DP06761,12/28/2024,Amit E,Delhi,Cycle,Contract,3.65,Y
DP08185,1/2/2025,Pooja V,Kolkata,Bike,Contract,4.28,Y
DP04845,12/14/2024,Neha W,Kolkata,Scooter,Full-time,4.49,Y
DP01420,1/1/2025,Deepak T,Bengaluru,Car,Full-time,4.06,Y
DP01975,12/30/2024,Nikhil B,Hyderabad,Bike,Part-time,3.89,Y
DP03719,12/31/2024,Suresh J,Hyderabad,Scooter,Part-time,4.29,Y
DP10052,12/31/2024,Sneha L,Chennai,Car,Contract,4.4,Y
DP10800,12/27/2024,Divya F,Mumbai,Scooter,Contract,3.96,Y
DP11739,1/24/2025,Meena U,Mumbai,Bike,Part-time,4.04,Y
DP06008,12/25/2024,Rakesh Z,Bengaluru,Bike,Full-time,4.41,Y
DP00453,11/29/2024,Rahul J,Hyderabad,Bike,Part-time,3.82,Y
DP05425,1/1/2025,Pooja J,Bengaluru,Scooter,Full-time,4.19,Y
DP11817,12/22/2024,Deepak I,Ahmedabad,Bike,Full-time,3.99,Y
DP00880,12/30/2024,Ravi W,Chennai,Cycle,Part-time,4.28,Y
DP05193,12/13/2024,Ravi P,Kolkata,Scooter,Part-time,4.24,N
DP06840,1/1/2025,Ravi G,Bengaluru,Scooter,Part-time,4.57,Y
DP05438,12/27/2024,Nikhil B,Kolkata,Scooter,Part-time,4.01,Y
DP05398,12/14/2024,Kiran B,Bengaluru,Cycle,Part-time,3.86,Y
DP03356,12/30/2024,Rahul U,Delhi,Scooter,Full-time,4.38,Y
DP05751,12/29/2024,Vikas J,Hyderabad,Scooter,Full-time,4.34,Y
DP11490,12/18/2024,Pooja V,Bengaluru,Cycle,Full-time,4.11,Y
DP05763,12/22/2024,Ravi O,Chennai,Cycle,Contract,4.78,Y
DP10517,12/28/2024,Rakesh Q,Delhi,Scooter,Part-time,4.05,Y
DP14427,11/30/2024,Pooja K,Pune,Bike,Contract,4.3,Y
DP14320,12/30/2024,Meena F,Ahmedabad,Cycle,Part-time,4.08,Y
DP07757,12/21/2024,Santosh A,Mumbai,Scooter,Full-time,4.16,Y
DP00829,12/24/2024,Vikas E,Chennai,Cycle,Full-time,4.45,Y
DP01340,12/24/2024,Sneha K,Delhi,Bike,Full-time,4.13,Y
DP07022,12/17/2024,Sneha Q,Chennai,Scooter,Full-time,3.75,N
DP12274,12/29/2024,Santosh Y,Mumbai,Cycle,Contract,4.48,Y
DP07402,12/17/2024,Pooja M,Kolkata,Bike,Full-time,3.97,Y
DP02089,12/3/2024,Kiran K,Ahmedabad,Cycle,Contract,3.91,Y
DP14651,12/18/2024,Kiran W,Chennai,Scooter,Full-time,3.96,N
DP04999,12/19/2024,Priya B,Bengaluru,Scooter,Full-time,4.31,Y
DP01795,12/19/2024,Manoj P,Hyderabad,Scooter,Contract,4.45,N
DP13687,2/18/2025,Suresh H,Pune,Bike,Contract,4.56,N
DP09363,12/22/2024,Rakesh L,Delhi,Scooter,Part-time,4.32,Y
DP10469,12/29/2024,Manoj F,Delhi,Scooter,Full-time,4.17,Y
DP13700,11/19/2024,Deepak B,Bengaluru,Scooter,Contract,4.35,N
DP07830,12/20/2024,Neha A,Bengaluru,Cycle,Full-time,4.17,N
DP04679,12/19/2024,Divya O,Mumbai,Scooter,Full-time,4.1,Y
DP14214,12/30/2024,Deepak U,Mumbai,Car,Full-time,4.31,Y
DP00498,12/3/2024,Ananya M,Delhi,Scooter,Full-time,4.61,Y
DP00637,12/29/2024,Divya P,Chennai,Bike,Full-time,4.41,N
DP07742,12/24/2024,Kiran A,Bengaluru,Bike,Contract,4.23,Y
DP04103,12/29/2024,Pooja K,Bengaluru,Cycle,Full-time,4.18,Y
DP03681,12/3/2024,Deepak G,Mumbai,Scooter,Full-time,4.65,Y
DP03151,12/6/2024,Sneha O,Kolkata,Scooter,Part-time,4.3,Y
DP05960,12/24/2024,Neha K,Bengaluru,Cycle,Contract,4.01,Y
DP03586,12/21/2024,Meena T,Ahmedabad,Scooter,Full-time,4.35,Y
DP05109,1/4/2025,Priya E,Chennai,Bike,Full-time,4.25,Y
DP00719,12/14/2024,Sneha O,Delhi,Bike,Full-time,4.02,Y
DP04254,12/17/2024,Santosh J,Bengaluru,Scooter,Full-time,4.1,Y
DP10685,12/30/2024,Pooja B,Bengaluru,Cycle,Part-time,4.29,Y
DP11420,12/3/2024,Divya Q,Delhi,Bike,Part-time,4.37,Y
DP10955,12/19/2024,Amit J,Delhi,Bike,Full-time,4.25,Y
DP03768,12/24/2024,Neha U,Ahmedabad,Bike,Full-time,4.05,Y
DP10353,12/6/2024,Divya S,Delhi,Scooter,Full-time,4.09,Y
DP06317,12/18/2024,Ananya K,Bengaluru,Bike,Part-time,3.79,Y
DP05142,12/6/2024,Priya V,Hyderabad,Bike,Full-time,4.14,Y
DP02811,12/29/2024,Ananya S,Bengaluru,Scooter,Part-time,4.43,Y
DP07673,12/9/2024,Rakesh S,Mumbai,Bike,Part-time,4.29,Y
DP13308,12/10/2024,Pooja B,Bengaluru,Scooter,Full-time,3.87,Y
DP01994,12/31/2024,Ananya E,Hyderabad,Bike,Part-time,4.41,Y
DP08415,12/20/2024,Deepak T,Hyderabad,Car,Full-time,4.26,Y
DP08941,12/31/2024,Divya K,Bengaluru,Scooter,Contract,3.75,Y
DP02099,12/31/2024,Meena V,Bengaluru,Bike,Contract,4.37,Y
DP11814,12/16/2024,Sneha M,Bengaluru,Cycle,Full-time,4.11,Y
DP01808,12/26/2024,Neha A,Kolkata,Bike,Contract,4.42,Y
DP08115,12/30/2024,Rahul F,Hyderabad,Scooter,Full-time,4.21,Y
DP13497,12/30/2024,Divya A,Bengaluru,Scooter,Full-time,4.59,Y
DP04148,12/20/2024,Priya D,Ahmedabad,Bike,Part-time,4.5,Y
DP00787,12/23/2024,Kiran B,Kolkata,Bike,Part-time,4.62,Y
DP10400,12/23/2024,Deepak V,Bengaluru,Bike,Full-time,4.61,Y
DP14305,1/1/2025,Pooja Q,Ahmedabad,Scooter,Part-time,3.99,Y
DP08254,12/26/2024,Arjun K,Bengaluru,Cycle,Part-time,4.26,Y
DP04333,12/22/2024,Divya E,Kolkata,Scooter,Part-time,4.35,Y
DP06165,12/28/2024,Suresh Z,Pune,Scooter,Contract,4.19,Y
DP01293,1/2/2025,Amit V,Kolkata,Cycle,Full-time,4.56,Y
DP05517,12/22/2024,Santosh O,Bengaluru,Cycle,Full-time,4.1,Y
DP03481,12/12/2024,Amit V,Bengaluru,Bike,Full-time,4.06,Y
DP11388,12/18/2024,Pooja L,Mumbai,Scooter,Contract,3.94,Y
DP06828,12/29/2024,Divya C,Mumbai,Bike,Contract,3.85,Y
DP09995,12/28/2024,Pooja H,Bengaluru,Cycle,Contract,4.28,Y
DP12830,12/28/2024,Suresh P,Pune,Car,Full-time,4.18,Y
DP04535,1/11/2025,Amit Z,Hyderabad,Scooter,Full-time,4.76,Y
DP01240,12/27/2024,Ravi K,Kolkata,Scooter,Full-time,3.92,Y
DP08882,12/3/2024,Rakesh Q,Ahmedabad,Scooter,Part-time,3.97,Y
DP02849,12/13/2024,Pooja C,Bengaluru,Scooter,Full-time,4.44,Y
DP03679,1/29/2025,Amit F,Mumbai,Cycle,Part-time,3.69,N
DP05374,12/25/2024,Deepak T,Pune,Bike,Full-time,4.34,N
DP11674,12/29/2024,Santosh G,Hyderabad,Scooter,Full-time,4.33,Y
DP01029,12/26/2024,Arjun T,Mumbai,Bike,Contract,3.81,Y
DP10191,1/12/2025,Arjun G,Hyderabad,Car,Contract,3.63,Y
DP12260,12/17/2024,Kiran S,Delhi,Bike,Part-time,4.25,Y
DP14328,1/8/2025,Sneha Q,Pune,Cycle,Full-time,4.63,Y
DP01758,12/17/2024,Amit J,Pune,Bike,Full-time,4.11,Y
DP14697,12/22/2024,Divya J,Mumbai,Cycle,Part-time,4.56,Y
DP13188,12/30/2024,Meena G,Bengaluru,Scooter,Full-time,4.05,N
DP01965,12/28/2024,Sneha Q,Kolkata,Scooter,Full-time,4.43,N
DP09397,12/27/2024,Meena Y,Delhi,Bike,Part-time,4.34,Y
DP08714,12/23/2024,Ravi J,Ahmedabad,Car,Full-time,4.45,Y
DP10083,12/19/2024,Arjun Z,Delhi,Bike,Full-time,4.22,Y
DP04643,12/23/2024,Ananya T,Bengaluru,Scooter,Part-time,3.77,Y
DP04752,12/16/2024,Rakesh C,Mumbai,Scooter,Part-time,4.3,Y
DP09026,12/7/2024,Santosh K,Mumbai,Bike,Part-time,4.17,Y
DP07441,12/19/2024,Sneha Z,Pune,Car,Contract,3.95,Y
DP09650,1/1/2025,Nikhil B,Delhi,Bike,Full-time,4.45,Y
DP14383,12/28/2024,Nikhil D,Hyderabad,Bike,Part-time,3.99,Y
DP00093,12/31/2024,Meena L,Kolkata,Scooter,Part-time,4.32,Y
DP09669,12/13/2024,Rahul K,Pune,Scooter,Part-time,3.59,Y
DP02188,11/23/2024,Vikas K,Delhi,Scooter,Full-time,4.44,Y
DP07841,12/27/2024,Nikhil L,Pune,Bike,Full-time,4.6,Y
DP12344,12/8/2024,Vikas Z,Mumbai,Bike,Part-time,3.64,Y
DP03491,12/28/2024,Santosh Y,Chennai,Cycle,Contract,4.62,Y
DP00727,12/23/2024,Rakesh F,Delhi,Scooter,Contract,3.89,Y
DP00998,12/27/2024,Vikas D,Mumbai,Bike,Full-time,4.53,Y
DP04367,12/27/2024,Vikas C,Mumbai,Scooter,Full-time,3.96,Y
DP02241,1/6/2025,Arjun E,Hyderabad,Bike,Full-time,3.99,Y
DP06387,12/30/2024,Priya R,Bengaluru,Scooter,Full-time,4.48,Y
DP09400,12/22/2024,Rakesh H,Hyderabad,Car,Full-time,4.17,Y
DP09052,2/9/2025,Kiran F,Bengaluru,Bike,Full-time,4.38,Y
DP01012,12/18/2024,Shreya S,Kolkata,Bike,Full-time,3.93,Y
DP05031,1/2/2025,Amit Z,Bengaluru,Bike,Full-time,3.82,Y
DP14233,11/21/2024,Deepak Q,Bengaluru,Bike,Full-time,4.43,Y
DP03632,1/28/2025,Nikhil K,Bengaluru,Scooter,Part-time,4.15,Y
DP07931,12/29/2024,Suresh S,Ahmedabad,Scooter,Contract,3.69,Y
DP05994,12/15/2024,Nikhil T,Bengaluru,Cycle,Part-time,4.18,Y
DP06985,1/2/2025,Neha W,Bengaluru,Car,Contract,4.26,Y
DP11183,11/28/2024,Santosh V,Kolkata,Scooter,Full-time,4.66,Y
DP11872,12/24/2024,Ravi C,Delhi,Scooter,Part-time,4.35,N
DP08114,12/23/2024,Arjun J,Hyderabad,Scooter,Full-time,4.5,Y
DP00302,12/29/2024,Vikas P,Ahmedabad,Scooter,Contract,4.15,N
DP05539,12/31/2024,Rahul T,Bengaluru,Car,Full-time,4.11,Y
DP04617,12/15/2024,Kiran A,Hyderabad,Scooter,Contract,3.89,N
DP09019,12/19/2024,Divya V,Hyderabad,Cycle,Part-time,4.12,Y
DP07659,12/1/2024,Neha D,Delhi,Cycle,Full-time,4.56,Y
DP08087,12/23/2024,Sneha B,Bengaluru,Bike,Part-time,4.28,Y
DP01967,12/14/2024,Vikas A,Ahmedabad,Scooter,Full-time,3.97,Y
DP02277,12/30/2024,Neha J,Pune,Scooter,Part-time,3.64,Y
DP08118,12/15/2024,Divya O,Mumbai,Bike,Full-time,4.44,Y
DP01849,12/28/2024,Rakesh H,Pune,Cycle,Contract,4.1,Y
DP06202,12/15/2024,Suresh Q,Chennai,Scooter,Full-time,4.18,Y
DP07381,12/25/2024,Manoj T,Kolkata,Bike,Contract,4.48,Y
DP06750,12/29/2024,Sneha D,Kolkata,Cycle,Full-time,4.16,Y
DP00759,12/26/2024,Sneha E,Bengaluru,Bike,Part-time,4.08,Y
DP06866,12/29/2024,Rakesh T,Mumbai,Scooter,Contract,4.38,N
DP09393,12/1/2024,Divya N,Mumbai,Scooter,Full-time,4.35,Y
DP04306,12/23/2024,Suresh B,Chennai,Scooter,Part-time,4.18,Y
DP10791,12/29/2024,Vikas Z,Delhi,Bike,Full-time,4.54,Y
DP11893,12/12/2024,Arjun L,Delhi,Scooter,Full-time,4.2,Y
DP11835,12/21/2024,Amit K,Kolkata,Scooter,Part-time,4.43,Y
DP02154,12/21/2024,Manoj E,Chennai,Scooter,Full-time,3.79,Y
DP01812,12/28/2024,Rahul P,Pune,Bike,Part-time,4.09,Y
DP12977,1/2/2025,Neha V,Delhi,Scooter,Full-time,4.24,Y
DP06547,1/1/2025,Arjun K,Pune,Car,Part-time,4.39,Y
DP10709,12/25/2024,Manoj Y,Bengaluru,Bike,Full-time,3.19,Y
DP02343,12/21/2024,Ravi S,Chennai,Cycle,Part-time,4.27,Y
DP12396,12/27/2024,Sneha S,Chennai,Scooter,Full-time,4.18,N
DP05278,12/31/2024,Kiran N,Ahmedabad,Bike,Part-time,3.8,Y
DP10989,12/26/2024,Ananya Z,Hyderabad,Bike,Part-time,4.49,N
DP03902,12/5/2024,Meena U,Bengaluru,Scooter,Full-time,3.98,Y
DP05377,12/24/2024,Kiran A,Bengaluru,Cycle,Full-time,3.73,N
DP12077,12/21/2024,Neha C,Chennai,Bike,Part-time,3.91,Y
DP11051,12/29/2024,Deepak U,Mumbai,Bike,Full-time,4.26,Y
DP06135,12/14/2024,Meena D,Delhi,Scooter,Part-time,4.01,Y
DP11155,12/18/2024,Vikas M,Bengaluru,Bike,Full-time,4.17,Y
DP08728,12/16/2024,Arjun Y,Bengaluru,Scooter,Full-time,4.75,Y
DP02046,12/2/2024,Nikhil R,Bengaluru,Cycle,Contract,4.11,Y
DP01018,1/2/2025,Ravi N,Mumbai,Bike,Part-time,4.05,Y
DP02301,12/29/2024,Ananya E,Bengaluru,Bike,Full-time,3.85,Y
DP13610,12/21/2024,Arjun L,Delhi,Bike,Full-time,5,Y
DP06207,12/12/2024,Neha L,Mumbai,Scooter,Full-time,3.93,Y
DP12332,1/7/2025,Divya J,Delhi,Bike,Contract,4.38,N
DP09840,12/12/2024,Neha C,Delhi,Bike,Part-time,4.29,Y
DP07805,11/24/2024,Sneha R,Bengaluru,Cycle,Full-time,4.29,Y
DP01363,12/23/2024,Amit U,Bengaluru,Bike,Full-time,4.02,Y
DP07252,12/1/2024,Kiran W,Ahmedabad,Scooter,Contract,4.31,Y
DP03652,12/29/2024,Rahul O,Delhi,Bike,Full-time,4.89,N
DP06622,12/28/2024,Deepak Q,Bengaluru,Car,Full-time,4.27,Y
DP07532,12/21/2024,Rahul F,Ahmedabad,Bike,Part-time,4.25,Y
DP04906,12/8/2024,Shreya N,Mumbai,Scooter,Full-time,3.7,Y
DP00473,12/15/2024,Nikhil C,Bengaluru,Bike,Full-time,4.09,Y
DP05081,12/17/2024,Suresh W,Bengaluru,Bike,Full-time,3.91,Y
DP09998,12/30/2024,Rahul N,Chennai,Scooter,Full-time,4.2,Y
DP00861,12/20/2024,Pooja D,Mumbai,Bike,Part-time,4.26,Y
DP04419,12/30/2024,Deepak M,Kolkata,Cycle,Contract,4.4,Y
DP00672,12/31/2024,Amit L,Bengaluru,Bike,Full-time,3.74,Y
DP08137,12/26/2024,Manoj X,Delhi,Bike,Full-time,4.33,Y
DP12163,12/9/2024,Suresh C,Mumbai,Scooter,Contract,4.62,Y
DP07760,12/20/2024,Sneha G,Bengaluru,Scooter,Full-time,4.53,Y
DP07365,12/6/2024,Arjun T,Bengaluru,Bike,Contract,3.79,Y
DP02621,12/13/2024,Arjun I,Bengaluru,Cycle,Part-time,4.64,Y
DP07230,12/26/2024,Sneha V,Bengaluru,Scooter,Contract,4.68,Y
DP12657,12/22/2024,Rahul A,Hyderabad,Scooter,Contract,3.79,Y
DP03277,1/2/2025,Amit B,Bengaluru,Cycle,Full-time,3.91,Y
DP09698,12/26/2024,Kiran I,Bengaluru,Cycle,Full-time,4.17,Y
DP09729,12/30/2024,Neha O,Pune,Scooter,Part-time,3.81,Y
DP02543,12/27/2024,Pooja G,Mumbai,Bike,Part-time,4.08,N
DP03308,11/30/2024,Meena O,Hyderabad,Cycle,Part-time,4.21,Y
DP14803,12/21/2024,Ananya C,Bengaluru,Scooter,Part-time,4.02,Y
DP05401,12/24/2024,Suresh T,Bengaluru,Scooter,Full-time,3.73,Y
DP14595,1/2/2025,Meena B,Chennai,Bike,Contract,3.87,Y
DP12413,12/31/2024,Kiran O,Hyderabad,Car,Full-time,4,N
DP12365,12/21/2024,Ananya Y,Delhi,Scooter,Contract,4.21,Y
DP10049,1/1/2025,Arjun B,Delhi,Scooter,Full-time,3.84,Y
DP14379,12/22/2024,Rakesh N,Bengaluru,Bike,Full-time,3.69,Y
DP02228,12/12/2024,Arjun P,Mumbai,Car,Full-time,4.12,Y
DP11792,12/31/2024,Meena R,Delhi,Scooter,Full-time,4.04,Y
DP03929,1/1/2025,Priya X,Pune,Cycle,Contract,4.2,Y
DP00295,12/28/2024,Vikas I,Bengaluru,Bike,Contract,4.67,Y
DP02308,12/12/2024,Rakesh W,Chennai,Bike,Full-time,3.98,Y
DP08485,12/25/2024,Amit Q,Chennai,Scooter,Part-time,4.23,Y
DP01928,12/30/2024,Ananya I,Delhi,Bike,Full-time,4.38,Y
DP06531,12/3/2024,Meena V,Bengaluru,Scooter,Part-time,3.98,Y
DP02179,12/17/2024,Amit Q,Bengaluru,Scooter,Full-time,4.42,Y
DP12321,12/31/2024,Vikas Z,Bengaluru,Scooter,Part-time,4.35,N
DP02656,1/2/2025,Sneha X,Delhi,Cycle,Contract,4.44,Y
DP10857,12/2/2024,Shreya U,Mumbai,Bike,Full-time,3.87,Y
DP13360,12/18/2024,Rahul R,Ahmedabad,Scooter,Full-time,4.1,Y
DP01000,11/27/2024,Santosh O,Bengaluru,Bike,Contract,4.54,Y
DP00323,12/7/2024,Ravi H,Bengaluru,Scooter,Full-time,4.5,Y
DP05366,12/27/2024,Arjun M,Bengaluru,Bike,Full-time,4.14,Y
DP12287,12/18/2024,Neha H,Chennai,Cycle,Contract,4.02,Y
DP00325,12/18/2024,Amit J,Bengaluru,Cycle,Contract,3.9,Y
DP03050,12/26/2024,Neha Q,Bengaluru,Bike,Full-time,3.91,N
DP01868,12/21/2024,Amit G,Mumbai,Scooter,Full-time,4.46,Y
DP09476,12/19/2024,Shreya X,Bengaluru,Bike,Full-time,4.45,Y
DP05221,1/1/2025,Ravi G,Delhi,Scooter,Part-time,4.2,N
DP11017,12/30/2024,Amit B,Bengaluru,Scooter,Full-time,3.65,N
DP07978,12/26/2024,Nikhil G,Hyderabad,Bike,Full-time,4.09,N
DP04270,12/24/2024,Santosh E,Bengaluru,Bike,Contract,3.7,Y
DP11927,12/15/2024,Nikhil Q,Ahmedabad,Cycle,Part-time,4.1,Y
DP06826,12/31/2024,Rahul E,Mumbai,Cycle,Full-time,4.16,Y
DP13134,12/24/2024,Vikas E,Delhi,Cycle,Part-time,4.16,N
DP13782,12/29/2024,Pooja P,Bengaluru,Scooter,Full-time,4.45,Y
DP11443,1/2/2025,Meena V,Delhi,Bike,Full-time,4.13,Y
DP14559,12/14/2024,Kiran K,Mumbai,Car,Full-time,4.04,Y
DP10230,12/28/2024,Sneha C,Ahmedabad,Car,Full-time,4.84,Y
DP09929,12/31/2024,Pooja O,Hyderabad,Scooter,Part-time,4.25,Y
DP12444,12/30/2024,Deepak W,Bengaluru,Scooter,Full-time,3.85,Y
DP05214,12/17/2024,Divya A,Chennai,Bike,Full-time,4.36,Y
DP09862,12/28/2024,Neha G,Delhi,Scooter,Contract,4.05,Y
DP05080,1/2/2025,Vikas S,Mumbai,Scooter,Full-time,4.2,Y
DP01312,12/25/2024,Rahul V,Chennai,Car,Part-time,4.8,Y
DP05397,12/25/2024,Divya F,Mumbai,Scooter,Full-time,4.12,N
DP11878,12/21/2024,Deepak X,Kolkata,Bike,Part-time,4.36,Y
DP03903,12/22/2024,Kiran L,Ahmedabad,Car,Part-time,4.36,Y
DP01532,12/10/2024,Suresh K,Hyderabad,Bike,Full-time,4.62,Y
DP05362,1/1/2025,Rakesh C,Mumbai,Scooter,Full-time,4.22,N
DP00969,12/9/2024,Amit U,Delhi,Scooter,Full-time,4.17,Y
DP06971,1/1/2025,Priya K,Bengaluru,Cycle,Full-time,4.1,N
DP08235,12/5/2024,Suresh Z,Hyderabad,Scooter,Full-time,4.06,N
DP00429,12/23/2024,Priya R,Bengaluru,Bike,Full-time,4.22,Y
DP06632,12/16/2024,Ananya V,Mumbai,Bike,Full-time,4.18,N
DP01692,12/22/2024,Neha G,Bengaluru,Cycle,Full-time,3.71,Y
DP04309,12/25/2024,Suresh U,Chennai,Scooter,Full-time,4.05,Y
DP11847,12/21/2024,Sneha C,Delhi,Cycle,Full-time,4,Y
DP14842,1/22/2025,Shreya R,Ahmedabad,Bike,Full-time,4.33,Y
DP11224,12/17/2024,Priya Y,Ahmedabad,Car,Contract,4.49,Y
DP12402,1/1/2025,Manoj D,Bengaluru,Bike,Full-time,4.31,Y
DP14661,12/16/2024,Ravi M,Chennai,Scooter,Contract,4.08,Y
DP04772,1/1/2025,Deepak L,Bengaluru,Bike,Contract,4.12,Y
DP05123,1/2/2025,Deepak T,Chennai,Cycle,Part-time,4.25,Y
DP03916,11/29/2024,Ananya X,Delhi,Car,Part-time,4.01,Y
DP04107,12/24/2024,Deepak T,Kolkata,Bike,Full-time,4.57,N
DP00705,12/15/2024,Vikas A,Bengaluru,Bike,Part-time,4.34,N
DP09909,12/15/2024,Sneha K,Delhi,Bike,Full-time,4.19,Y
DP08650,12/30/2024,Shreya S,Hyderabad,Bike,Part-time,4.63,Y
DP07952,12/27/2024,Vikas H,Bengaluru,Bike,Full-time,4.31,Y
DP13784,1/18/2025,Rahul Q,Chennai,Scooter,Contract,4.24,Y
DP02683,12/10/2024,Manoj T,Bengaluru,Bike,Contract,4.11,Y
DP09018,12/15/2024,Suresh Q,Mumbai,Scooter,Full-time,4.48,Y
DP08363,12/23/2024,Shreya Z,Delhi,Bike,Part-time,4.16,Y
DP14056,12/26/2024,Rahul J,Kolkata,Cycle,Part-time,4.3,Y
DP10809,12/23/2024,Kiran S,Bengaluru,Bike,Full-time,3.81,Y
DP10022,12/20/2024,Pooja D,Kolkata,Bike,Full-time,4.82,Y
DP11346,12/13/2024,Vikas C,Pune,Cycle,Part-time,3.82,Y
DP10647,1/1/2025,Neha Q,Chennai,Bike,Full-time,4.03,Y
DP08298,12/21/2024,Neha U,Bengaluru,Cycle,Full-time,4.25,Y
DP00761,12/18/2024,Ravi P,Bengaluru,Scooter,Full-time,4.14,Y
DP08155,12/15/2024,Meena T,Chennai,Scooter,Part-time,4.18,Y
DP09613,11/18/2024,Neha J,Chennai,Scooter,Full-time,4.16,Y
DP11293,12/30/2024,Manoj J,Mumbai,Bike,Full-time,4.45,Y
DP09748,12/6/2024,Santosh J,Chennai,Bike,Full-time,4.29,N
DP03501,12/28/2024,Priya N,Mumbai,Bike,Full-time,3.96,Y
DP09245,12/5/2024,Vikas N,Mumbai,Bike,Full-time,4.02,Y
DP05437,12/19/2024,Amit V,Delhi,Bike,Full-time,4.24,Y
DP04119,12/24/2024,Manoj L,Ahmedabad,Bike,Full-time,3.97,Y
DP01877,12/16/2024,Arjun C,Bengaluru,Cycle,Part-time,4.1,Y
DP06200,12/19/2024,Kiran T,Delhi,Scooter,Part-time,4.62,Y
DP10536,12/26/2024,Kiran M,Hyderabad,Bike,Full-time,4.37,Y
DP11024,12/26/2024,Pooja G,Hyderabad,Scooter,Full-time,4.38,Y
DP09274,12/22/2024,Deepak Y,Bengaluru,Scooter,Full-time,4.28,Y
DP12791,1/2/2025,Suresh I,Delhi,Scooter,Full-time,3.83,Y
DP07396,12/26/2024,Rakesh M,Delhi,Scooter,Contract,4.07,Y
DP11757,1/1/2025,Neha N,Bengaluru,Bike,Full-time,3.67,N
DP01026,12/31/2024,Kiran F,Ahmedabad,Scooter,Part-time,4.28,Y
DP07250,12/27/2024,Meena T,Bengaluru,Cycle,Full-time,4.01,Y
DP14612,12/20/2024,Ravi R,Chennai,Bike,Full-time,4.23,Y
DP02681,12/30/2024,Ravi C,Hyderabad,Bike,Full-time,4.03,Y
DP00416,1/2/2025,Priya X,Bengaluru,Bike,Full-time,4.56,Y
DP11077,11/29/2024,Nikhil J,Delhi,Scooter,Part-time,4.72,Y
DP04009,11/22/2024,Vikas O,Pune,Bike,Full-time,4.45,Y
DP14754,12/26/2024,Priya Z,Hyderabad,Bike,Part-time,4.29,Y
DP11437,12/31/2024,Divya N,Delhi,Scooter,Contract,4.09,Y
DP06515,12/31/2024,Pooja W,Bengaluru,Scooter,Contract,4.51,Y
DP04751,12/16/2024,Meena O,Kolkata,Scooter,Contract,4.3,N
DP12217,12/17/2024,Shreya G,Mumbai,Scooter,Part-time,4.05,Y
DP06726,12/29/2024,Vikas D,Bengaluru,Cycle,Part-time,3.83,Y
DP04947,11/27/2024,Rahul X,Chennai,Cycle,Full-time,4.55,Y
DP03611,12/10/2024,Manoj W,Mumbai,Car,Part-time,4.08,N
DP06608,12/30/2024,Neha Y,Bengaluru,Bike,Full-time,3.88,Y
DP02409,12/27/2024,Arjun O,Hyderabad,Bike,Full-time,4.68,Y
DP06817,12/29/2024,Rakesh I,Kolkata,Scooter,Full-time,4.12,N
DP13379,12/13/2024,Priya Q,Ahmedabad,Cycle,Part-time,4.19,N
DP02815,12/23/2024,Arjun Q,Pune,Bike,Part-time,4.32,Y
DP07688,12/31/2024,Rahul F,Chennai,Bike,Contract,4.01,Y
DP00974,12/21/2024,Rahul P,Bengaluru,Cycle,Full-time,4.29,Y
DP12020,12/27/2024,Shreya U,Bengaluru,Bike,Full-time,4.22,Y
DP12193,12/18/2024,Priya S,Kolkata,Cycle,Full-time,4.3,Y
DP03845,12/1/2024,Amit A,Bengaluru,Cycle,Full-time,4.77,Y
DP13189,12/28/2024,Arjun H,Bengaluru,Scooter,Part-time,4.27,Y
DP05032,12/21/2024,Shreya T,Pune,Scooter,Contract,4.27,Y
DP01021,12/18/2024,Divya H,Hyderabad,Cycle,Full-time,3.98,Y
DP02719,11/26/2024,Kiran V,Delhi,Bike,Full-time,4.23,Y
DP09085,12/29/2024,Deepak V,Bengaluru,Bike,Full-time,4.45,Y
DP05820,12/26/2024,Manoj O,Bengaluru,Cycle,Full-time,3.99,N
DP01076,12/22/2024,Rakesh B,Pune,Cycle,Contract,4.07,Y
DP06777,12/26/2024,Divya Z,Chennai,Bike,Part-time,4.72,N
DP07921,12/19/2024,Suresh T,Kolkata,Scooter,Full-time,4.38,Y
DP05013,12/31/2024,Pooja O,Chennai,Bike,Full-time,4.17,Y
DP09481,12/6/2024,Deepak P,Bengaluru,Scooter,Full-time,4.27,Y
DP08943,12/20/2024,Nikhil J,Bengaluru,Cycle,Full-time,4.36,Y
DP08258,12/25/2024,Nikhil B,Delhi,Scooter,Contract,4.28,Y
DP07336,12/17/2024,Arjun V,Delhi,Bike,Full-time,3.92,Y
DP07450,12/28/2024,Ravi Z,Pune,Cycle,Part-time,4.21,N
DP05984,12/7/2024,Suresh M,Mumbai,Scooter,Full-time,3.95,Y
DP06767,12/27/2024,Arjun Y,Mumbai,Scooter,Contract,4.05,N
DP03370,12/26/2024,Ravi M,Delhi,Scooter,Full-time,4.38,Y
DP09482,12/26/2024,Deepak D,Bengaluru,Car,Full-time,4.21,Y
DP13799,12/20/2024,Amit B,Bengaluru,Scooter,Full-time,3.81,Y
DP00450,12/17/2024,Neha K,Bengaluru,Bike,Part-time,4.6,Y
DP08262,12/23/2024,Neha H,Chennai,Bike,Part-time,4.31,Y
DP04093,12/25/2024,Ananya L,Hyderabad,Scooter,Full-time,4.67,N
DP06020,12/16/2024,Amit N,Delhi,Bike,Full-time,3.95,Y
DP06349,12/5/2024,Ananya A,Delhi,Scooter,Contract,4.04,Y
DP08264,1/2/2025,Pooja P,Chennai,Bike,Full-time,3.99,Y
DP10535,12/31/2024,Ravi S,Mumbai,Bike,Contract,4.23,Y
DP10173,12/2/2024,Arjun W,Delhi,Cycle,Full-time,4.49,Y
DP11320,12/2/2024,Nikhil A,Hyderabad,Scooter,Contract,4.08,N
DP09359,12/27/2024,Nikhil I,Hyderabad,Bike,Part-time,4.31,N
DP14928,12/20/2024,Pooja W,Delhi,Bike,Full-time,3.93,Y
DP12594,12/22/2024,Kiran P,Delhi,Bike,Full-time,4,N
DP01882,12/29/2024,Rakesh E,Mumbai,Bike,Contract,4.17,Y
DP06762,12/29/2024,Divya W,Chennai,Bike,Full-time,4.08,Y
DP01504,12/29/2024,Meena S,Pune,Bike,Part-time,4.25,Y
DP12660,12/31/2024,Rakesh O,Delhi,Scooter,Full-time,4.01,Y
DP10953,12/29/2024,Pooja G,Chennai,Scooter,Full-time,3.53,N
DP04803,12/1/2024,Vikas J,Bengaluru,Cycle,Part-time,4.01,Y
DP03208,12/24/2024,Meena J,Chennai,Bike,Full-time,3.48,Y
DP08072,12/9/2024,Rahul N,Delhi,Bike,Full-time,4.24,N
DP05869,12/5/2024,Pooja I,Bengaluru,Bike,Full-time,4.04,Y
DP07833,12/20/2024,Kiran H,Mumbai,Bike,Full-time,3.8,Y
DP12668,12/21/2024,Ananya M,Bengaluru,Scooter,Part-time,3.59,Y
DP14516,1/2/2025,Vikas F,Bengaluru,Scooter,Full-time,4.26,Y
DP11571,1/24/2025,Manoj L,Chennai,Scooter,Full-time,4.36,Y
DP11986,12/27/2024,Vikas T,Delhi,Scooter,Full-time,3.75,Y
DP12688,12/23/2024,Rakesh X,Pune,Cycle,Part-time,3.96,N
DP01171,11/30/2024,Pooja E,Bengaluru,Bike,Full-time,4.14,Y
DP01316,12/19/2024,Pooja I,Kolkata,Bike,Contract,4.39,Y
DP07472,12/25/2024,Suresh Y,Chennai,Cycle,Full-time,4.49,Y
DP13044,12/31/2024,Deepak K,Bengaluru,Scooter,Full-time,4.47,Y
DP06209,1/2/2025,Pooja I,Bengaluru,Bike,Full-time,4.13,Y
DP09690,12/16/2024,Rahul D,Bengaluru,Scooter,Contract,4.43,Y
DP11797,12/29/2024,Meena F,Bengaluru,Scooter,Contract,4.43,Y
DP06699,2/1/2025,Priya X,Bengaluru,Bike,Full-time,4.25,Y
DP11783,12/30/2024,Suresh F,Hyderabad,Scooter,Contract,4.57,N
DP14108,1/19/2025,Amit Z,Kolkata,Cycle,Part-time,4.41,N
DP13545,12/6/2024,Meena M,Hyderabad,Bike,Full-time,4.3,N
DP11338,12/11/2024,Rahul C,Mumbai,Scooter,Full-time,4.04,Y
DP13530,12/17/2024,Suresh Y,Ahmedabad,Scooter,Contract,4.02,Y
DP09247,1/2/2025,Sneha H,Bengaluru,Bike,Full-time,4.05,Y
DP09403,12/16/2024,Arjun V,Bengaluru,Bike,Part-time,4.26,Y
DP10546,12/27/2024,Kiran L,Chennai,Bike,Part-time,3.98,Y
DP02451,12/27/2024,Sneha K,Bengaluru,Bike,Full-time,3.5,Y
DP02989,12/25/2024,Amit D,Hyderabad,Scooter,Full-time,4.36,Y
DP10058,12/25/2024,Pooja S,Chennai,Scooter,Full-time,4.22,Y
DP02097,1/1/2025,Amit T,Delhi,Bike,Part-time,4.26,Y
DP03435,12/25/2024,Divya R,Ahmedabad,Bike,Full-time,4.24,Y
DP11179,12/24/2024,Priya Y,Ahmedabad,Bike,Full-time,4.08,Y
DP13132,12/14/2024,Amit Y,Ahmedabad,Scooter,Full-time,4.06,Y
DP05896,12/26/2024,Ananya F,Pune,Scooter,Contract,4.25,Y
DP13364,12/25/2024,Rakesh J,Delhi,Scooter,Contract,4.28,Y
DP00243,12/18/2024,Rakesh H,Delhi,Bike,Part-time,3.33,N
DP01410,12/6/2024,Divya Z,Bengaluru,Scooter,Contract,4.36,Y
DP11549,12/23/2024,Rahul H,Delhi,Scooter,Full-time,3.85,Y
DP07312,12/19/2024,Santosh Q,Mumbai,Car,Full-time,4.22,Y
DP09675,12/13/2024,Santosh L,Kolkata,Scooter,Full-time,4.5,Y
DP10093,12/18/2024,Pooja R,Delhi,Scooter,Part-time,4.62,Y
DP02324,12/30/2024,Divya C,Bengaluru,Cycle,Full-time,4.53,Y
DP00621,12/17/2024,Meena L,Bengaluru,Bike,Full-time,4.55,Y
DP06935,12/17/2024,Meena M,Bengaluru,Bike,Full-time,4.48,Y
DP13954,1/2/2025,Rahul T,Ahmedabad,Bike,Full-time,3.92,Y
DP12923,12/8/2024,Sneha U,Ahmedabad,Cycle,Contract,4.01,Y
DP07073,12/26/2024,Vikas W,Bengaluru,Bike,Part-time,4.45,N
DP08583,12/22/2024,Neha W,Pune,Car,Part-time,4.26,Y
DP13602,12/13/2024,Manoj R,Mumbai,Scooter,Full-time,4.51,Y
DP08161,12/21/2024,Ananya K,Bengaluru,Bike,Part-time,4,Y
DP06802,12/26/2024,Rakesh E,Chennai,Bike,Part-time,4.41,Y
DP06670,12/14/2024,Amit R,Bengaluru,Scooter,Full-time,4.46,Y
DP14464,12/26/2024,Vikas Z,Bengaluru,Scooter,Full-time,4.74,Y
DP01744,12/23/2024,Shreya Y,Pune,Bike,Full-time,4.32,Y
DP06435,1/2/2025,Kiran L,Bengaluru,Bike,Part-time,3.85,Y
DP06841,12/27/2024,Pooja W,Bengaluru,Bike,Full-time,4.59,Y
DP08191,12/23/2024,Rakesh F,Mumbai,Bike,Part-time,4.14,Y
DP06986,12/12/2024,Neha A,Ahmedabad,Bike,Full-time,4.34,Y
DP02983,12/28/2024,Deepak J,Kolkata,Bike,Full-time,3.76,N
DP13208,12/23/2024,Shreya B,Bengaluru,Scooter,Full-time,4.81,Y
DP12411,12/26/2024,Arjun F,Mumbai,Cycle,Full-time,4.03,Y
DP14356,12/13/2024,Sneha P,Ahmedabad,Bike,Contract,4.3,Y
DP05476,12/25/2024,Amit A,Mumbai,Scooter,Contract,3.94,Y
DP09125,12/29/2024,Arjun N,Ahmedabad,Bike,Part-time,3.74,Y
DP14500,12/24/2024,Nikhil I,Chennai,Scooter,Part-time,4.25,Y
DP13519,1/21/2025,Pooja M,Delhi,Bike,Part-time,3.98,N
DP04414,12/24/2024,Nikhil W,Kolkata,Car,Contract,4.58,Y
DP09561,12/19/2024,Vikas V,Pune,Bike,Part-time,3.97,Y
DP12973,12/21/2024,Manoj G,Mumbai,Bike,Full-time,4.42,Y
DP01743,1/1/2025,Rakesh U,Hyderabad,Scooter,Full-time,3.96,Y
DP12434,12/27/2024,Rakesh G,Bengaluru,Cycle,Contract,3.73,Y
DP01674,12/24/2024,Priya D,Bengaluru,Cycle,Full-time,3.47,Y
DP13439,12/29/2024,Sneha Z,Hyderabad,Cycle,Part-time,4.05,Y
DP04736,12/19/2024,Rakesh V,Chennai,Scooter,Full-time,4.42,Y
DP13499,12/29/2024,Pooja Q,Bengaluru,Bike,Part-time,4.19,Y
DP11543,1/14/2025,Divya S,Hyderabad,Bike,Part-time,3.71,N
DP14807,12/21/2024,Ananya V,Bengaluru,Cycle,Full-time,4.35,Y
DP04859,12/27/2024,Divya B,Kolkata,Bike,Part-time,4.04,N
DP13906,12/26/2024,Rakesh I,Bengaluru,Scooter,Full-time,4.66,N
DP00775,12/20/2024,Manoj G,Kolkata,Scooter,Full-time,4.11,Y
DP12694,12/30/2024,Deepak O,Ahmedabad,Bike,Contract,4.2,Y
DP14912,12/26/2024,Nikhil Q,Mumbai,Car,Full-time,4.15,Y
DP02287,12/31/2024,Arjun J,Bengaluru,Bike,Full-time,4.24,Y
DP03067,12/18/2024,Arjun Q,Kolkata,Car,Contract,4.08,Y
DP10176,12/24/2024,Ananya U,Kolkata,Scooter,Part-time,4.37,Y
DP03146,12/15/2024,Meena M,Bengaluru,Bike,Part-time,4.14,Y
DP01044,12/12/2024,Rahul F,Bengaluru,Bike,Full-time,3.95,N
DP08472,12/24/2024,Meena D,Bengaluru,Scooter,Part-time,3.82,Y
DP01476,12/29/2024,Priya R,Bengaluru,Scooter,Contract,3.87,Y
DP14699,12/30/2024,Nikhil U,Chennai,Cycle,Contract,3.97,N
DP02919,1/1/2025,Pooja J,Bengaluru,Bike,Part-time,3.96,Y
DP03531,12/24/2024,Priya F,Mumbai,Scooter,Full-time,5,Y
DP03883,12/21/2024,Shreya W,Ahmedabad,Bike,Full-time,3.87,N
DP01602,12/24/2024,Amit O,Bengaluru,Scooter,Part-time,4.2,Y
DP13181,12/21/2024,Vikas Q,Bengaluru,Bike,Full-time,4.22,Y
DP12356,12/27/2024,Suresh C,Chennai,Cycle,Part-time,4.44,Y
DP00260,11/23/2024,Rakesh G,Bengaluru,Cycle,Full-time,3.83,Y
DP04382,12/26/2024,Santosh P,Bengaluru,Scooter,Part-time,4.17,Y
DP13072,12/25/2024,Santosh X,Mumbai,Cycle,Part-time,4.65,Y
DP12905,12/28/2024,Kiran U,Mumbai,Scooter,Contract,3.95,Y
DP03250,12/27/2024,Vikas F,Delhi,Scooter,Part-time,4.03,Y
DP11153,12/20/2024,Manoj J,Mumbai,Bike,Full-time,4.33,Y
DP06230,1/6/2025,Shreya V,Bengaluru,Bike,Full-time,4.32,Y
DP06127,12/22/2024,Santosh W,Bengaluru,Bike,Part-time,4.43,Y
DP04089,12/24/2024,Arjun B,Bengaluru,Bike,Full-time,4.21,Y
DP08830,12/4/2024,Neha Y,Kolkata,Scooter,Part-time,4.05,Y
DP05391,12/26/2024,Ravi D,Hyderabad,Scooter,Contract,4.2,Y
DP12989,12/28/2024,Nikhil O,Delhi,Scooter,Contract,4.39,Y
DP08902,12/15/2024,Deepak J,Chennai,Scooter,Full-time,4.7,Y
DP13515,12/18/2024,Suresh S,Bengaluru,Scooter,Contract,4.39,Y
DP13736,12/29/2024,Rahul J,Mumbai,Cycle,Full-time,4.57,Y
DP02080,1/6/2025,Neha C,Bengaluru,Scooter,Contract,4.53,Y
DP07376,12/26/2024,Manoj Z,Bengaluru,Scooter,Part-time,4.12,Y
DP02052,12/23/2024,Nikhil A,Pune,Bike,Full-time,4.07,Y
DP00372,1/1/2025,Ravi Y,Hyderabad,Bike,Full-time,4.04,Y
DP05402,11/22/2024,Priya N,Hyderabad,Bike,Full-time,3.55,Y
DP04358,12/19/2024,Manoj E,Bengaluru,Scooter,Contract,4.82,Y
DP13338,1/1/2025,Neha Z,Mumbai,Bike,Part-time,4.32,Y
DP02970,1/5/2025,Sneha K,Delhi,Scooter,Full-time,4.22,Y
DP05053,12/7/2024,Santosh I,Kolkata,Scooter,Full-time,4.51,Y
DP02378,12/20/2024,Amit Q,Bengaluru,Scooter,Contract,3.96,Y
DP06080,1/9/2025,Vikas M,Delhi,Scooter,Full-time,4.66,Y
DP09872,12/23/2024,Rakesh E,Bengaluru,Bike,Full-time,3.44,Y
DP08889,12/25/2024,Amit O,Bengaluru,Bike,Contract,3.8,N
DP14089,12/25/2024,Meena I,Bengaluru,Car,Full-time,4.01,Y
DP13502,12/26/2024,Rahul C,Delhi,Bike,Full-time,4.21,Y
DP12481,12/27/2024,Suresh K,Delhi,Bike,Part-time,4.49,Y
DP08619,12/31/2024,Meena Q,Mumbai,Scooter,Part-time,4.22,Y
DP08492,1/1/2025,Amit M,Mumbai,Bike,Full-time,4,Y
DP10640,12/24/2024,Pooja H,Bengaluru,Scooter,Full-time,4.46,Y
DP02419,12/27/2024,Ananya P,Bengaluru,Scooter,Part-time,3.75,Y
DP10057,12/29/2024,Manoj Y,Bengaluru,Bike,Contract,3.98,Y
DP01016,12/22/2024,Suresh O,Delhi,Scooter,Part-time,3.53,Y
DP08581,12/23/2024,Suresh W,Bengaluru,Cycle,Part-time,4.56,Y
DP12820,12/30/2024,Sneha B,Mumbai,Scooter,Part-time,4.09,Y
DP01724,12/15/2024,Ravi J,Bengaluru,Bike,Part-time,4.47,Y
DP00056,12/14/2024,Suresh E,Ahmedabad,Bike,Part-time,4.71,Y
DP02933,12/26/2024,Ananya G,Bengaluru,Bike,Part-time,3.96,Y
DP01027,12/26/2024,Sneha B,Hyderabad,Scooter,Full-time,4.38,Y
DP06048,12/27/2024,Nikhil B,Bengaluru,Cycle,Full-time,4.17,Y
DP03157,12/29/2024,Shreya L,Chennai,Scooter,Full-time,4.08,Y
DP11853,12/5/2024,Ravi D,Mumbai,Scooter,Full-time,4.34,Y
DP02455,12/8/2024,Arjun T,Ahmedabad,Scooter,Contract,4.06,Y
DP08611,12/28/2024,Rahul F,Kolkata,Cycle,Part-time,4.38,Y
DP06949,12/31/2024,Santosh H,Bengaluru,Car,Full-time,4.4,N
DP08232,12/12/2024,Divya B,Bengaluru,Scooter,Contract,4.43,Y
DP14946,12/12/2024,Amit X,Hyderabad,Scooter,Full-time,3.92,N
DP09294,1/3/2025,Rahul Z,Bengaluru,Scooter,Contract,3.93,Y
DP08320,12/29/2024,Amit X,Pune,Bike,Full-time,4.1,N
DP11287,12/21/2024,Divya K,Bengaluru,Bike,Full-time,4.22,N
DP10424,12/30/2024,Kiran T,Kolkata,Scooter,Contract,4.07,Y
DP10553,12/28/2024,Ravi F,Pune,Scooter,Contract,4.7,Y
DP07005,12/30/2024,Ravi M,Bengaluru,Cycle,Full-time,3.99,Y
DP00926,12/27/2024,Neha J,Kolkata,Cycle,Full-time,4.82,Y
DP03284,1/17/2025,Shreya K,Pune,Bike,Full-time,4.68,Y
DP03304,12/21/2024,Deepak H,Chennai,Bike,Part-time,3.78,Y
DP04537,12/16/2024,Deepak H,Delhi,Scooter,Part-time,4.25,Y
DP04409,12/29/2024,Meena K,Delhi,Bike,Part-time,4.34,Y
DP04062,12/23/2024,Divya W,Chennai,Bike,Part-time,4.7,Y
DP01280,12/17/2024,Rakesh G,Bengaluru,Bike,Full-time,4.09,N
DP09244,12/29/2024,Rahul O,Hyderabad,Cycle,Part-time,4.1,Y
DP12443,12/24/2024,Meena D,Bengaluru,Bike,Full-time,3.84,Y
DP09099,12/28/2024,Ananya Z,Kolkata,Scooter,Full-time,4.19,Y
DP10289,12/8/2024,Meena J,Hyderabad,Cycle,Full-time,4.36,Y
DP00403,1/2/2025,Ananya M,Mumbai,Bike,Full-time,3.78,Y
DP03417,12/25/2024,Nikhil C,Mumbai,Cycle,Full-time,4.82,Y
DP01712,12/15/2024,Ananya S,Hyderabad,Scooter,Full-time,4.29,Y
DP01772,12/4/2024,Ravi L,Chennai,Bike,Full-time,4.04,Y
DP11742,12/1/2024,Shreya N,Mumbai,Bike,Part-time,3.62,Y
DP05382,3/1/2025,Neha B,Ahmedabad,Bike,Contract,4,Y
DP14513,12/28/2024,Pooja Q,Pune,Scooter,Part-time,4.59,Y
DP10747,12/27/2024,Neha B,Bengaluru,Scooter,Part-time,4.35,Y
DP02356,12/7/2024,Ananya A,Ahmedabad,Scooter,Contract,4.13,Y
DP11588,1/2/2025,Amit C,Bengaluru,Scooter,Contract,4.42,N
DP00081,12/26/2024,Meena J,Delhi,Cycle,Full-time,4.44,Y
DP01966,12/21/2024,Divya S,Kolkata,Scooter,Part-time,4.27,Y
DP05060,12/9/2024,Meena S,Bengaluru,Scooter,Part-time,4.42,Y
DP07264,12/24/2024,Suresh J,Chennai,Cycle,Full-time,4.81,Y
DP13148,12/22/2024,Ravi E,Hyderabad,Bike,Part-time,4.21,Y
DP07137,12/17/2024,Ananya T,Delhi,Cycle,Full-time,3.87,Y
DP09970,12/29/2024,Manoj L,Ahmedabad,Bike,Full-time,4.45,Y
DP13714,12/20/2024,Ravi M,Ahmedabad,Cycle,Full-time,4.23,Y
DP00664,12/27/2024,Meena T,Bengaluru,Scooter,Contract,4.33,N
DP01650,12/15/2024,Priya H,Bengaluru,Scooter,Part-time,4.14,Y
DP02778,12/18/2024,Pooja P,Bengaluru,Bike,Full-time,3.91,Y
DP04534,12/24/2024,Rahul C,Ahmedabad,Scooter,Part-time,4.26,Y
DP10864,12/27/2024,Santosh O,Bengaluru,Bike,Part-time,4.1,Y
DP03510,1/1/2025,Ravi N,Bengaluru,Scooter,Part-time,3.85,N
DP02329,12/14/2024,Arjun T,Chennai,Cycle,Full-time,4.4,Y
DP03882,12/2/2024,Nikhil Z,Ahmedabad,Cycle,Part-time,4.36,Y
DP09538,12/30/2024,Suresh D,Delhi,Cycle,Contract,4.38,Y
DP11092,12/31/2024,Rakesh V,Ahmedabad,Bike,Full-time,3.96,N
DP02962,12/10/2024,Sneha W,Bengaluru,Car,Part-time,4.37,Y
DP02373,1/20/2025,Priya P,Delhi,Scooter,Contract,4.25,Y
DP06337,12/21/2024,Kiran A,Bengaluru,Scooter,Full-time,3.88,Y
DP00214,12/18/2024,Rahul P,Bengaluru,Scooter,Part-time,4.37,Y
DP13484,11/28/2024,Santosh F,Mumbai,Bike,Part-time,4.5,Y
DP11387,12/26/2024,Rahul A,Bengaluru,Cycle,Contract,4.55,Y
DP07918,12/28/2024,Ananya C,Mumbai,Bike,Full-time,4.49,Y
DP14344,12/21/2024,Manoj T,Bengaluru,Bike,Part-time,4.31,N
DP06647,12/1/2024,Meena X,Chennai,Scooter,Part-time,3.63,N
DP08536,1/16/2025,Nikhil U,Bengaluru,Bike,Part-time,4.58,Y
DP00703,12/4/2024,Suresh I,Delhi,Scooter,Full-time,3.64,Y
DP04322,12/21/2024,Kiran L,Bengaluru,Car,Full-time,4.53,Y
DP12682,12/2/2024,Ravi I,Bengaluru,Scooter,Contract,3.97,N
DP09600,11/28/2024,Nikhil A,Hyderabad,Cycle,Full-time,4.74,Y
DP04048,12/1/2024,Sneha L,Pune,Scooter,Full-time,4.14,N
DP00796,12/11/2024,Pooja U,Pune,Bike,Full-time,4.7,Y
DP02433,12/24/2024,Arjun Y,Delhi,Scooter,Part-time,4.18,Y
DP10646,12/29/2024,Neha P,Chennai,Scooter,Full-time,4.51,Y
DP07762,12/31/2024,Rakesh P,Chennai,Scooter,Full-time,3.93,Y
DP03032,1/15/2025,Rahul F,Bengaluru,Bike,Part-time,4.39,Y
DP05385,12/29/2024,Rahul I,Ahmedabad,Bike,Part-time,4.48,Y
DP12450,1/30/2025,Vikas X,Delhi,Scooter,Full-time,4.29,Y
DP11142,12/22/2024,Arjun O,Bengaluru,Cycle,Contract,4.15,Y
DP14501,12/29/2024,Neha A,Pune,Scooter,Full-time,4.48,Y
DP10185,12/26/2024,Ananya J,Bengaluru,Scooter,Full-time,4.16,Y
DP13459,12/29/2024,Rakesh G,Delhi,Bike,Full-time,4.45,N
DP03987,1/3/2025,Rahul I,Chennai,Scooter,Full-time,4.28,Y
DP01911,1/1/2025,Sneha P,Kolkata,Scooter,Full-time,3.82,Y
DP04991,12/31/2024,Suresh H,Bengaluru,Scooter,Contract,4.34,Y
DP10923,12/23/2024,Pooja U,Hyderabad,Bike,Full-time,4.26,Y
DP10642,12/28/2024,Kiran C,Ahmedabad,Cycle,Full-time,4.16,N
DP13380,12/17/2024,Arjun L,Hyderabad,Bike,Full-time,4.53,Y
DP05271,12/30/2024,Ravi D,Hyderabad,Scooter,Part-time,4.85,Y
DP08777,11/30/2024,Priya I,Bengaluru,Scooter,Full-time,3.62,Y
DP00891,12/15/2024,Sneha O,Chennai,Scooter,Contract,3.95,N
DP14446,12/7/2024,Rakesh B,Ahmedabad,Bike,Part-time,4.18,N
DP03733,12/18/2024,Shreya Q,Kolkata,Cycle,Full-time,4.01,N
DP01821,12/27/2024,Ravi N,Ahmedabad,Bike,Full-time,3.98,Y
DP06055,12/25/2024,Sneha M,Hyderabad,Scooter,Part-time,4.46,Y
DP06999,1/2/2025,Sneha K,Ahmedabad,Scooter,Part-time,4.01,Y
DP02447,1/1/2025,Kiran H,Bengaluru,Scooter,Full-time,3.8,Y
DP10115,1/2/2025,Vikas S,Kolkata,Scooter,Full-time,4.22,Y
DP01192,12/26/2024,Pooja P,Hyderabad,Bike,Full-time,3.98,Y
DP04113,12/31/2024,Meena N,Pune,Cycle,Full-time,4.31,Y
DP04896,12/28/2024,Meena K,Ahmedabad,Bike,Contract,4.36,Y
DP11264,12/22/2024,Deepak N,Delhi,Scooter,Part-time,4.68,Y
DP10437,12/29/2024,Rahul L,Delhi,Scooter,Full-time,4.44,Y
DP13930,12/25/2024,Amit X,Mumbai,Scooter,Full-time,4.48,N
DP03149,12/28/2024,Vikas C,Hyderabad,Bike,Full-time,4.34,Y
DP10014,3/28/2025,Suresh G,Pune,Bike,Contract,4.6,Y
DP08972,12/26/2024,Priya Q,Mumbai,Scooter,Part-time,3.88,Y
DP14896,12/24/2024,Ravi R,Delhi,Bike,Part-time,3.88,Y
DP11749,12/22/2024,Ananya I,Delhi,Scooter,Contract,3.76,Y
DP12383,12/31/2024,Amit O,Hyderabad,Bike,Full-time,4.42,Y
DP01138,11/19/2024,Rakesh F,Hyderabad,Scooter,Full-time,3.69,Y
DP13950,12/26/2024,Pooja A,Chennai,Cycle,Full-time,4.22,Y
DP10069,12/26/2024,Suresh V,Delhi,Cycle,Contract,3.56,Y
DP00206,12/26/2024,Ravi D,Hyderabad,Bike,Part-time,4.36,N
DP10025,1/4/2025,Neha Q,Bengaluru,Bike,Full-time,4.31,Y
DP03118,12/25/2024,Manoj U,Mumbai,Cycle,Full-time,4.57,Y
DP14785,12/15/2024,Shreya K,Bengaluru,Scooter,Full-time,3.97,Y
DP03092,1/3/2025,Sneha A,Bengaluru,Cycle,Part-time,4.65,Y
DP14931,12/14/2024,Amit E,Delhi,Bike,Part-time,4.42,Y
DP14004,1/5/2025,Amit I,Kolkata,Bike,Full-time,4.2,N
DP14130,12/29/2024,Ananya V,Pune,Bike,Part-time,4.16,Y
DP00396,12/17/2024,Santosh V,Mumbai,Cycle,Contract,4.41,N
DP11279,1/1/2025,Arjun A,Bengaluru,Bike,Part-time,4.57,Y
DP13910,1/1/2025,Ravi N,Bengaluru,Cycle,Part-time,4.14,Y
DP12462,12/29/2024,Arjun P,Delhi,Bike,Full-time,4.52,N
DP03951,12/11/2024,Rahul U,Kolkata,Bike,Full-time,4.4,Y
DP03363,12/23/2024,Divya E,Kolkata,Bike,Full-time,4.09,Y
DP03037,12/29/2024,Divya N,Delhi,Bike,Contract,4.02,Y
DP08082,12/19/2024,Rahul W,Pune,Bike,Part-time,3.94,Y
DP13727,1/3/2025,Meena C,Delhi,Cycle,Full-time,4.23,Y
DP04597,12/22/2024,Manoj T,Bengaluru,Scooter,Part-time,4.05,Y
DP08979,12/20/2024,Sneha S,Kolkata,Bike,Full-time,4.48,Y
DP03173,12/10/2024,Ananya F,Mumbai,Cycle,Part-time,3.9,Y
DP04580,12/31/2024,Kiran Q,Kolkata,Car,Full-time,3.61,Y
DP08271,1/2/2025,Suresh B,Bengaluru,Bike,Part-time,3.88,N
DP10915,12/25/2024,Manoj D,Mumbai,Bike,Full-time,4.17,Y
DP12479,1/21/2025,Santosh E,Mumbai,Cycle,Part-time,4.06,Y
DP00178,12/9/2024,Ravi C,Delhi,Bike,Contract,3.43,Y
DP14574,12/24/2024,Nikhil N,Delhi,Scooter,Full-time,4.14,Y
DP08832,1/1/2025,Deepak V,Bengaluru,Scooter,Contract,4.29,Y
DP06053,12/25/2024,Rahul S,Pune,Bike,Full-time,4.02,Y
DP08833,12/7/2024,Priya H,Bengaluru,Scooter,Part-time,4.27,N
DP01621,11/26/2024,Rakesh U,Mumbai,Bike,Full-time,4.22,Y
DP10862,1/1/2025,Nikhil N,Delhi,Car,Contract,4.67,Y
DP14231,12/22/2024,Nikhil U,Kolkata,Bike,Full-time,4.48,N
DP05785,1/1/2025,Rahul Y,Hyderabad,Cycle,Contract,4.7,Y
DP05058,12/30/2024,Rahul A,Kolkata,Scooter,Full-time,4.22,Y
DP08130,12/9/2024,Arjun N,Hyderabad,Bike,Contract,4.42,Y
DP07842,12/30/2024,Sneha X,Chennai,Bike,Contract,4.53,Y
DP11763,12/26/2024,Rahul H,Bengaluru,Cycle,Full-time,4.2,Y
DP02079,12/14/2024,Meena N,Chennai,Scooter,Part-time,4.57,Y
DP08420,12/21/2024,Pooja Z,Mumbai,Cycle,Full-time,4,Y
DP10586,12/21/2024,Deepak R,Hyderabad,Car,Contract,5,Y
DP04648,12/26/2024,Amit V,Bengaluru,Scooter,Part-time,4.21,Y
DP02786,12/19/2024,Amit H,Delhi,Bike,Part-time,3.77,Y
DP02852,1/9/2025,Vikas X,Chennai,Bike,Full-time,4.15,Y
DP08790,12/29/2024,Amit W,Delhi,Bike,Full-time,4.3,Y
DP12112,12/23/2024,Sneha F,Delhi,Bike,Part-time,4.23,Y
DP05807,12/24/2024,Rakesh I,Hyderabad,Scooter,Part-time,3.98,Y
DP00346,12/19/2024,Vikas B,Bengaluru,Cycle,Full-time,4.5,Y
DP00385,11/30/2024,Arjun M,Kolkata,Scooter,Contract,4.56,Y
DP02040,12/20/2024,Amit Y,Mumbai,Bike,Contract,4.33,Y
DP00849,12/18/2024,Amit E,Bengaluru,Cycle,Full-time,4.34,Y
DP10784,12/29/2024,Santosh X,Ahmedabad,Scooter,Contract,4.35,Y
DP07703,12/27/2024,Rakesh X,Delhi,Scooter,Full-time,4.56,Y
DP12619,12/1/2024,Arjun H,Mumbai,Bike,Contract,4.61,Y
DP10388,12/11/2024,Arjun Q,Ahmedabad,Cycle,Part-time,4.43,Y
DP01733,12/16/2024,Kiran Q,Ahmedabad,Scooter,Contract,4.43,Y
DP12557,12/18/2024,Shreya M,Pune,Bike,Contract,4.15,Y
DP03441,12/22/2024,Nikhil W,Pune,Cycle,Full-time,4.62,Y
DP09012,12/27/2024,Suresh A,Delhi,Bike,Full-time,4.45,Y
DP05851,12/20/2024,Neha V,Ahmedabad,Scooter,Part-time,4.23,Y
DP11090,12/19/2024,Shreya Y,Bengaluru,Cycle,Part-time,4.32,N
DP01190,12/29/2024,Santosh A,Bengaluru,Scooter,Full-time,4.41,Y
DP04802,1/2/2025,Rakesh P,Pune,Cycle,Part-time,3.84,Y
DP07227,12/31/2024,Meena G,Kolkata,Bike,Contract,4.56,Y
DP02758,12/31/2024,Arjun A,Delhi,Scooter,Full-time,3.73,Y
DP08108,12/31/2024,Priya D,Chennai,Scooter,Full-time,4.55,Y
DP04710,12/15/2024,Santosh F,Bengaluru,Scooter,Contract,4.25,Y
DP09373,12/11/2024,Manoj I,Bengaluru,Cycle,Contract,3.87,Y
DP11022,12/26/2024,Kiran F,Pune,Bike,Part-time,4.16,N
DP07935,1/2/2025,Rakesh N,Chennai,Scooter,Full-time,4.14,Y
DP10402,12/18/2024,Priya A,Chennai,Bike,Full-time,4.03,Y
DP03462,12/28/2024,Ravi B,Mumbai,Cycle,Full-time,3.95,Y
DP14101,12/17/2024,Rakesh G,Bengaluru,Cycle,Part-time,4.43,N
DP04614,12/14/2024,Divya P,Ahmedabad,Bike,Part-time,3.79,Y
DP06668,1/2/2025,Rakesh G,Kolkata,Bike,Full-time,3.86,Y
DP02278,1/29/2025,Suresh I,Delhi,Bike,Part-time,4.9,Y
DP08538,12/19/2024,Priya J,Ahmedabad,Scooter,Contract,4.38,Y
DP02335,12/31/2024,Rakesh C,Mumbai,Bike,Part-time,4.02,Y
DP14081,12/23/2024,Rakesh S,Mumbai,Scooter,Part-time,4.51,Y
DP01469,1/14/2025,Divya F,Ahmedabad,Bike,Full-time,4.42,Y
DP13200,12/27/2024,Santosh V,Ahmedabad,Bike,Part-time,4.21,Y
DP02458,1/2/2025,Divya N,Mumbai,Bike,Contract,4.5,Y
DP08392,12/29/2024,Deepak H,Bengaluru,Bike,Full-time,4.5,Y
DP12999,12/7/2024,Sneha Q,Hyderabad,Car,Part-time,4.96,Y
DP00195,12/7/2024,Neha M,Delhi,Scooter,Part-time,3.79,Y
DP08568,2/14/2025,Meena F,Bengaluru,Bike,Full-time,4.25,Y
DP06800,12/27/2024,Shreya F,Pune,Scooter,Full-time,4.37,Y
DP09904,12/9/2024,Amit A,Chennai,Bike,Full-time,4.22,Y
DP13598,12/28/2024,Pooja K,Delhi,Scooter,Full-time,4.37,Y
DP14482,12/9/2024,Ananya M,Chennai,Cycle,Part-time,4.04,Y
DP08328,12/15/2024,Vikas G,Pune,Car,Full-time,4.35,Y
DP10756,12/22/2024,Shreya I,Mumbai,Scooter,Full-time,3.84,Y
DP03843,1/1/2025,Sneha H,Chennai,Scooter,Full-time,4.25,Y
DP12609,12/31/2024,Neha A,Delhi,Bike,Part-time,4.84,Y
DP04923,12/30/2024,Priya Z,Delhi,Scooter,Full-time,4.15,Y
DP14615,12/18/2024,Amit C,Bengaluru,Bike,Full-time,4.57,Y
DP14336,12/27/2024,Deepak W,Chennai,Scooter,Full-time,4.79,Y
DP07572,12/15/2024,Santosh P,Pune,Cycle,Contract,4.17,Y
DP00351,12/30/2024,Sneha U,Chennai,Bike,Part-time,4.12,Y
DP07426,12/22/2024,Vikas X,Bengaluru,Scooter,Part-time,4.29,Y
DP09074,1/2/2025,Pooja P,Kolkata,Scooter,Part-time,3.83,N
DP14407,12/22/2024,Ananya S,Delhi,Scooter,Part-time,4.49,Y
DP00947,1/1/2025,Arjun F,Bengaluru,Bike,Contract,4.52,Y
DP13594,1/2/2025,Deepak D,Mumbai,Bike,Part-time,4.08,Y
DP01357,12/19/2024,Arjun K,Bengaluru,Cycle,Full-time,4.45,Y
DP08950,1/24/2025,Rakesh Y,Chennai,Scooter,Full-time,3.98,Y
DP07159,12/5/2024,Vikas X,Mumbai,Scooter,Part-time,4.46,Y
DP05687,12/2/2024,Amit H,Delhi,Scooter,Contract,4.52,Y
DP11737,12/6/2024,Kiran J,Hyderabad,Cycle,Contract,3.13,Y
DP11741,12/26/2024,Sneha J,Chennai,Scooter,Full-time,4.66,Y
DP00710,12/20/2024,Sneha W,Mumbai,Bike,Part-time,3.65,Y
DP08075,12/26/2024,Ravi G,Hyderabad,Scooter,Full-time,4.42,Y
DP13938,12/21/2024,Divya W,Delhi,Bike,Part-time,3.62,N
DP09792,12/27/2024,Ravi U,Bengaluru,Cycle,Part-time,4.24,Y
DP08571,12/11/2024,Vikas E,Bengaluru,Bike,Full-time,4.22,Y
DP08629,12/28/2024,Suresh D,Delhi,Car,Full-time,4.22,N
DP06480,12/27/2024,Amit V,Kolkata,Scooter,Contract,4.13,Y
DP13923,12/27/2024,Vikas E,Bengaluru,Scooter,Full-time,4.12,Y
DP14985,12/27/2024,Santosh M,Mumbai,Scooter,Part-time,3.85,Y
DP07592,12/21/2024,Suresh T,Bengaluru,Scooter,Contract,3.85,Y
DP10352,12/10/2024,Santosh G,Hyderabad,Scooter,Full-time,4.11,Y
DP02296,12/28/2024,Manoj Y,Delhi,Bike,Full-time,3.94,Y
DP01665,12/15/2024,Meena P,Bengaluru,Bike,Full-time,3.71,Y
DP01669,12/27/2024,Santosh F,Delhi,Scooter,Full-time,4.41,Y
DP07240,12/19/2024,Arjun P,Delhi,Bike,Full-time,4.29,Y
DP14578,1/3/2025,Nikhil C,Bengaluru,Scooter,Part-time,3.81,Y
DP06960,1/3/2025,Rakesh J,Bengaluru,Scooter,Full-time,4.06,Y
DP10758,12/24/2024,Neha B,Bengaluru,Bike,Full-time,4.37,Y
DP06602,12/3/2024,Pooja H,Delhi,Scooter,Full-time,4.29,Y
DP06801,12/30/2024,Nikhil F,Chennai,Bike,Part-time,4.29,Y
DP13677,12/27/2024,Vikas G,Chennai,Car,Contract,4.75,Y
DP01463,12/31/2024,Rahul Y,Delhi,Cycle,Full-time,3.74,Y
DP12767,12/23/2024,Divya U,Bengaluru,Cycle,Part-time,4.78,N
DP08319,12/28/2024,Meena G,Kolkata,Scooter,Part-time,4.64,Y
DP08241,12/30/2024,Kiran H,Chennai,Bike,Full-time,4.03,N
DP02993,12/19/2024,Divya G,Hyderabad,Car,Full-time,4.63,Y
DP14208,12/26/2024,Sneha D,Pune,Cycle,Full-time,5,N
DP03988,12/27/2024,Ananya H,Kolkata,Cycle,Contract,4.6,Y
DP01793,1/13/2025,Deepak Q,Bengaluru,Bike,Full-time,3.94,Y
DP04338,12/24/2024,Divya H,Mumbai,Scooter,Part-time,4.35,Y
DP11525,12/27/2024,Divya C,Ahmedabad,Cycle,Contract,4.02,Y
DP10258,12/23/2024,Vikas Y,Chennai,Scooter,Part-time,4.67,Y
DP11683,12/29/2024,Santosh I,Chennai,Scooter,Full-time,4.12,Y
DP05358,12/22/2024,Kiran W,Bengaluru,Bike,Part-time,4.06,Y
DP10941,12/21/2024,Neha B,Ahmedabad,Bike,Contract,4.01,Y
DP04393,12/23/2024,Rahul U,Delhi,Scooter,Full-time,3.96,Y
DP03971,12/23/2024,Pooja F,Bengaluru,Cycle,Full-time,4.06,Y
DP11399,1/1/2025,Vikas B,Kolkata,Bike,Contract,4.51,Y
DP02740,12/9/2024,Vikas X,Bengaluru,Bike,Full-time,4.5,Y
DP09235,12/28/2024,Ravi Z,Kolkata,Scooter,Full-time,4.08,Y
DP07519,1/2/2025,Kiran G,Bengaluru,Bike,Contract,3.88,Y
DP04328,12/6/2024,Kiran W,Mumbai,Scooter,Contract,4.26,Y
DP13988,12/15/2024,Rakesh P,Bengaluru,Scooter,Part-time,4.32,Y
DP10921,1/3/2025,Priya R,Hyderabad,Cycle,Full-time,4.07,Y
DP06810,1/1/2025,Rahul B,Kolkata,Cycle,Full-time,4.44,Y
DP05569,12/29/2024,Rakesh K,Delhi,Car,Full-time,4.5,Y
DP06980,12/29/2024,Amit M,Mumbai,Bike,Part-time,3.76,Y
DP11761,12/20/2024,Meena E,Hyderabad,Bike,Full-time,4.45,Y
DP02547,1/1/2025,Ananya B,Bengaluru,Scooter,Full-time,4.45,Y
DP11593,12/23/2024,Priya A,Kolkata,Car,Part-time,4.21,Y
DP09466,12/1/2024,Meena Z,Chennai,Cycle,Contract,4.27,Y
DP00522,12/22/2024,Santosh P,Ahmedabad,Car,Contract,4.41,Y
DP02699,12/4/2024,Nikhil S,Ahmedabad,Bike,Part-time,3.95,Y
DP11137,1/7/2025,Priya O,Kolkata,Bike,Full-time,3.6,Y
DP13866,12/23/2024,Suresh I,Chennai,Scooter,Contract,4.07,N
DP05598,12/21/2024,Santosh G,Hyderabad,Car,Contract,4.74,Y
DP01611,12/28/2024,Deepak E,Kolkata,Scooter,Part-time,4.53,Y
DP09002,12/10/2024,Shreya S,Delhi,Bike,Full-time,4.39,Y
DP06648,12/22/2024,Shreya R,Delhi,Scooter,Full-time,4.25,Y
DP13247,12/13/2024,Nikhil O,Delhi,Scooter,Full-time,3.5,Y
DP00147,11/28/2024,Deepak X,Bengaluru,Scooter,Full-time,4.77,Y
DP04930,12/26/2024,Kiran G,Chennai,Cycle,Part-time,4.03,Y
DP10378,11/29/2024,Vikas Z,Ahmedabad,Bike,Part-time,4.51,Y
DP08234,1/2/2025,Pooja M,Bengaluru,Scooter,Full-time,4.35,Y
DP06085,12/26/2024,Sneha L,Chennai,Scooter,Full-time,4.39,Y
DP06691,12/26/2024,Amit O,Ahmedabad,Scooter,Full-time,4.02,Y
DP02854,12/27/2024,Shreya Z,Pune,Scooter,Full-time,4.07,Y
DP09079,12/15/2024,Ravi N,Chennai,Bike,Contract,4.28,Y
DP11745,12/28/2024,Priya P,Mumbai,Scooter,Contract,4,N
DP00100,12/20/2024,Rahul B,Ahmedabad,Cycle,Part-time,4.02,Y
DP02483,12/17/2024,Amit D,Kolkata,Cycle,Part-time,3.97,Y
DP11828,12/31/2024,Nikhil L,Delhi,Car,Contract,4.62,Y
DP05497,12/20/2024,Suresh F,Hyderabad,Bike,Part-time,4.06,Y
DP02814,12/21/2024,Santosh G,Ahmedabad,Scooter,Contract,5,Y
DP04771,1/3/2025,Santosh Q,Hyderabad,Scooter,Part-time,4.11,Y
DP01739,12/10/2024,Santosh K,Chennai,Scooter,Part-time,4.8,Y
DP06752,12/27/2024,Ananya F,Ahmedabad,Scooter,Full-time,3.88,Y
DP01030,12/27/2024,Kiran Z,Hyderabad,Bike,Full-time,4,Y
DP00845,12/24/2024,Ravi M,Kolkata,Scooter,Full-time,4.24,N
DP06096,1/18/2025,Manoj Z,Pune,Scooter,Full-time,4.19,Y
DP04314,12/20/2024,Divya S,Hyderabad,Bike,Contract,4.64,Y
DP13781,12/27/2024,Ravi L,Bengaluru,Bike,Full-time,3.84,Y
DP13709,1/1/2025,Amit Z,Bengaluru,Bike,Full-time,4.47,Y
DP01589,12/29/2024,Rakesh O,Delhi,Bike,Full-time,3.81,Y
DP02014,1/1/2025,Neha L,Ahmedabad,Scooter,Part-time,4.48,N
DP02798,11/30/2024,Rakesh X,Delhi,Bike,Part-time,4.03,Y
DP12149,12/28/2024,Rakesh X,Bengaluru,Cycle,Part-time,3.94,Y
DP05993,12/6/2024,Suresh F,Delhi,Scooter,Contract,4.06,Y
DP06277,1/2/2025,Ravi O,Bengaluru,Cycle,Full-time,3.99,Y
DP01615,12/18/2024,Shreya E,Delhi,Scooter,Contract,4.03,Y
DP12722,12/24/2024,Santosh K,Ahmedabad,Bike,Full-time,4.41,Y
DP02555,12/25/2024,Priya Y,Bengaluru,Bike,Full-time,4.5,Y
DP08854,12/20/2024,Ananya R,Mumbai,Bike,Contract,4.36,N
DP07444,12/31/2024,Manoj G,Chennai,Cycle,Full-time,4.33,Y
DP09533,12/31/2024,Ananya S,Mumbai,Scooter,Contract,4.46,N
DP01125,12/24/2024,Ravi V,Chennai,Bike,Contract,4.37,Y
DP08903,12/18/2024,Suresh Z,Chennai,Scooter,Part-time,4.17,Y
DP02375,12/31/2024,Ravi L,Kolkata,Bike,Contract,4.55,Y
DP00695,12/18/2024,Vikas E,Delhi,Bike,Contract,4.63,Y
DP10730,1/1/2025,Priya D,Ahmedabad,Bike,Full-time,4.6,Y
DP05022,12/13/2024,Pooja N,Kolkata,Cycle,Full-time,4.22,N
DP05630,1/2/2025,Arjun D,Bengaluru,Scooter,Full-time,3.91,N
DP12628,12/25/2024,Divya P,Pune,Cycle,Full-time,4.19,Y
DP01113,12/29/2024,Pooja S,Bengaluru,Bike,Full-time,4.9,Y
DP10719,12/25/2024,Priya T,Kolkata,Bike,Full-time,4.69,Y
DP13393,1/3/2025,Pooja K,Kolkata,Scooter,Full-time,3.85,Y
DP07971,12/29/2024,Sneha J,Delhi,Scooter,Full-time,4.41,Y
DP03763,12/13/2024,Kiran D,Bengaluru,Bike,Full-time,4.88,N
DP06570,12/28/2024,Arjun I,Ahmedabad,Bike,Full-time,3.83,Y
DP13779,12/27/2024,Santosh J,Hyderabad,Bike,Part-time,4.12,Y
DP09542,12/19/2024,Suresh Q,Chennai,Bike,Full-time,4.26,Y
DP11610,12/14/2024,Meena Z,Bengaluru,Cycle,Part-time,4.56,Y
DP05254,12/25/2024,Arjun J,Mumbai,Bike,Part-time,4.79,Y
DP10931,12/21/2024,Meena Y,Bengaluru,Bike,Part-time,3.79,Y
DP09855,12/19/2024,Amit F,Delhi,Bike,Full-time,4.37,Y
DP11691,12/31/2024,Neha X,Delhi,Scooter,Part-time,4.77,Y
DP07679,12/19/2024,Suresh X,Hyderabad,Car,Full-time,4.06,N
DP01283,12/23/2024,Kiran P,Delhi,Bike,Full-time,4.42,Y
DP03486,12/8/2024,Ananya Y,Chennai,Scooter,Part-time,3.82,Y
DP09192,12/1/2024,Suresh S,Delhi,Scooter,Full-time,4.82,Y
DP03529,12/14/2024,Vikas Z,Bengaluru,Scooter,Full-time,4.01,Y
DP06079,12/19/2024,Divya D,Bengaluru,Scooter,Full-time,4.01,Y
DP13749,12/15/2024,Kiran J,Hyderabad,Scooter,Full-time,4.5,Y
DP08528,12/15/2024,Sneha G,Kolkata,Bike,Full-time,4.5,Y
DP07387,12/26/2024,Rahul E,Chennai,Cycle,Contract,3.83,Y
DP11258,1/2/2025,Suresh P,Bengaluru,Bike,Full-time,3.89,Y
DP00154,12/12/2024,Pooja X,Mumbai,Cycle,Part-time,4.34,Y
DP11413,12/25/2024,Manoj D,Mumbai,Scooter,Contract,4.07,N
DP10308,1/2/2025,Vikas D,Hyderabad,Scooter,Full-time,4.44,Y
DP12282,12/31/2024,Rakesh F,Bengaluru,Bike,Full-time,4.05,Y
DP12427,12/26/2024,Rakesh A,Hyderabad,Cycle,Full-time,4.35,Y
DP04410,12/17/2024,Deepak F,Delhi,Scooter,Full-time,3.97,Y
DP05726,12/24/2024,Sneha Z,Pune,Scooter,Full-time,4.07,Y
DP04591,12/31/2024,Arjun Q,Mumbai,Cycle,Part-time,4.1,Y
DP10081,12/25/2024,Arjun X,Bengaluru,Cycle,Full-time,3.69,Y
DP00920,12/23/2024,Nikhil U,Bengaluru,Bike,Part-time,4.25,Y
DP04032,12/24/2024,Sneha R,Ahmedabad,Cycle,Contract,4.39,Y
DP01223,12/25/2024,Amit Q,Delhi,Scooter,Part-time,4.35,Y
DP04448,12/25/2024,Ravi S,Delhi,Scooter,Full-time,4.52,N
DP04526,12/31/2024,Vikas D,Mumbai,Scooter,Part-time,4.37,Y
DP09935,12/20/2024,Priya O,Mumbai,Scooter,Part-time,3.5,Y
DP10802,12/20/2024,Priya E,Hyderabad,Car,Full-time,3.89,N
DP12451,12/20/2024,Rakesh L,Mumbai,Bike,Contract,4.57,Y
DP09439,12/29/2024,Rakesh R,Delhi,Scooter,Full-time,4.66,Y
DP05912,12/30/2024,Rahul C,Bengaluru,Bike,Full-time,3.97,Y
DP11668,12/28/2024,Sneha V,Kolkata,Bike,Part-time,4.26,Y
DP10286,2/7/2025,Rahul M,Delhi,Scooter,Part-time,4.45,Y
DP14617,12/25/2024,Neha G,Delhi,Cycle,Full-time,4.32,Y
DP02908,12/25/2024,Nikhil M,Kolkata,Cycle,Full-time,4.37,Y
DP02616,1/2/2025,Rahul F,Bengaluru,Cycle,Contract,3.92,Y
DP09501,12/23/2024,Rakesh V,Pune,Bike,Part-time,4.58,N
DP08017,12/31/2024,Manoj B,Bengaluru,Bike,Full-time,4.32,Y
DP12886,12/31/2024,Nikhil Z,Bengaluru,Scooter,Full-time,4.15,N
DP10938,12/30/2024,Divya L,Bengaluru,Bike,Contract,4.3,Y
DP03693,12/27/2024,Priya D,Mumbai,Cycle,Full-time,4.18,Y
DP11902,12/10/2024,Kiran L,Chennai,Bike,Full-time,3.64,Y
DP06735,1/1/2025,Vikas C,Pune,Bike,Full-time,3.85,Y
DP09739,1/3/2025,Deepak D,Mumbai,Scooter,Full-time,4.47,Y
DP06652,11/25/2024,Meena N,Hyderabad,Bike,Contract,4.31,Y
DP03293,12/14/2024,Ananya D,Pune,Scooter,Full-time,3.94,Y
DP09050,12/29/2024,Kiran V,Bengaluru,Bike,Part-time,4.54,N
DP07835,12/12/2024,Meena B,Mumbai,Bike,Full-time,4.14,Y
DP08404,1/29/2025,Ananya Y,Chennai,Scooter,Full-time,4.08,Y
DP09674,12/13/2024,Neha W,Mumbai,Scooter,Part-time,4.7,Y
DP14066,12/25/2024,Priya B,Delhi,Bike,Contract,4.37,Y
DP01175,12/10/2024,Sneha L,Bengaluru,Scooter,Contract,4.22,Y
DP07192,12/15/2024,Kiran D,Chennai,Scooter,Contract,3.8,Y
DP01308,12/21/2024,Rahul Z,Kolkata,Bike,Part-time,4.57,Y
DP14864,12/16/2024,Kiran T,Bengaluru,Bike,Contract,4.32,Y
DP09612,12/18/2024,Suresh O,Hyderabad,Car,Full-time,4.1,Y
DP09916,12/20/2024,Manoj N,Chennai,Bike,Part-time,3.77,N
DP03875,12/22/2024,Suresh Z,Delhi,Car,Full-time,4.15,Y
DP09020,12/21/2024,Deepak W,Hyderabad,Scooter,Part-time,4.41,Y
DP14687,12/31/2024,Ravi I,Bengaluru,Scooter,Full-time,3.93,Y
DP10696,11/28/2024,Kiran Z,Delhi,Scooter,Full-time,4.22,Y
DP11690,1/19/2025,Nikhil S,Bengaluru,Scooter,Full-time,4.17,Y
DP02882,12/20/2024,Ravi I,Pune,Bike,Full-time,3.94,Y
DP08362,12/10/2024,Rahul D,Bengaluru,Scooter,Contract,4.03,Y
DP06870,12/17/2024,Neha Y,Ahmedabad,Bike,Full-time,4.71,Y
DP08401,12/21/2024,Santosh Y,Bengaluru,Cycle,Part-time,4.2,Y
DP12293,12/23/2024,Rakesh D,Hyderabad,Bike,Full-time,4.05,Y
DP08980,12/31/2024,Rakesh P,Delhi,Scooter,Full-time,4.15,Y
DP02833,12/25/2024,Vikas T,Hyderabad,Scooter,Full-time,4.21,Y
DP05464,12/9/2024,Neha N,Hyderabad,Scooter,Full-time,4.03,Y
DP05878,12/13/2024,Sneha R,Mumbai,Scooter,Part-time,3.32,Y
DP13412,11/19/2024,Deepak K,Bengaluru,Scooter,Contract,4.02,Y
DP07004,12/19/2024,Amit I,Bengaluru,Cycle,Contract,3.56,Y
DP03824,1/3/2025,Neha N,Mumbai,Cycle,Full-time,3.65,Y
DP06940,12/5/2024,Ravi H,Mumbai,Bike,Part-time,4.74,Y
DP01351,12/17/2024,Ravi G,Mumbai,Bike,Part-time,3.7,Y
DP06610,12/12/2024,Amit C,Chennai,Scooter,Full-time,3.88,Y
DP03797,12/6/2024,Rakesh J,Chennai,Scooter,Contract,3.98,Y
DP09338,12/8/2024,Meena L,Chennai,Scooter,Full-time,3.71,Y
DP07470,1/1/2025,Pooja B,Chennai,Bike,Contract,3.67,Y
DP02425,12/29/2024,Ravi Y,Chennai,Car,Full-time,4.54,Y
DP00854,1/1/2025,Amit K,Chennai,Scooter,Part-time,4.11,Y
DP01347,1/1/2025,Nikhil H,Mumbai,Bike,Full-time,4.23,Y
DP04436,12/20/2024,Ravi C,Pune,Cycle,Full-time,3.99,Y
DP03950,12/18/2024,Shreya X,Kolkata,Bike,Full-time,4.15,Y
DP01626,12/26/2024,Kiran A,Bengaluru,Bike,Part-time,4.52,Y
DP03527,1/3/2025,Arjun X,Bengaluru,Bike,Full-time,3.93,Y
DP08337,12/28/2024,Suresh T,Chennai,Bike,Part-time,4.11,Y
DP12906,11/28/2024,Arjun O,Bengaluru,Bike,Full-time,4.04,Y
DP00808,12/1/2024,Nikhil X,Chennai,Bike,Full-time,4.08,Y
DP01657,12/31/2024,Vikas H,Bengaluru,Car,Contract,3.99,Y
DP10256,12/30/2024,Suresh N,Kolkata,Scooter,Part-time,4.13,Y
DP02391,12/22/2024,Ravi Y,Delhi,Bike,Full-time,4.32,Y
DP01336,12/25/2024,Manoj G,Mumbai,Scooter,Full-time,4.04,Y
DP03599,12/26/2024,Pooja M,Bengaluru,Bike,Full-time,4.18,Y
DP14939,12/20/2024,Arjun I,Bengaluru,Scooter,Full-time,4.08,Y
DP03523,1/2/2025,Sneha O,Delhi,Bike,Part-time,4.4,Y
DP00417,12/24/2024,Ananya D,Mumbai,Bike,Part-time,4.03,Y
DP04052,12/21/2024,Suresh E,Mumbai,Scooter,Contract,4.51,N
DP04266,1/6/2025,Pooja X,Mumbai,Bike,Full-time,3.84,Y
DP08681,12/30/2024,Kiran L,Bengaluru,Scooter,Full-time,4.11,Y
DP12198,12/28/2024,Meena D,Ahmedabad,Car,Full-time,4.3,N
DP07111,12/12/2024,Nikhil F,Mumbai,Bike,Part-time,4.1,Y
DP13810,12/29/2024,Sneha Z,Ahmedabad,Bike,Full-time,3.94,Y
DP11026,12/3/2024,Rakesh G,Chennai,Scooter,Full-time,4.01,Y
DP00215,1/3/2025,Pooja C,Mumbai,Scooter,Contract,4.41,Y
DP12147,1/20/2025,Arjun N,Delhi,Bike,Full-time,4.73,Y
DP07667,12/31/2024,Pooja T,Bengaluru,Car,Full-time,3.98,N
DP04907,12/12/2024,Divya C,Pune,Scooter,Full-time,3.98,Y
DP03147,12/21/2024,Arjun M,Mumbai,Bike,Full-time,3.98,Y
DP06201,12/21/2024,Rakesh H,Mumbai,Bike,Part-time,4.18,Y
DP03785,12/28/2024,Pooja Y,Chennai,Bike,Full-time,4,Y
DP14165,12/21/2024,Priya L,Mumbai,Bike,Contract,4.35,Y
DP00299,12/29/2024,Rakesh O,Chennai,Car,Full-time,4.17,Y
DP07497,12/28/2024,Rakesh U,Delhi,Cycle,Full-time,3.93,N
DP11601,12/5/2024,Ananya R,Ahmedabad,Bike,Full-time,4.01,Y
DP12456,1/1/2025,Rahul G,Kolkata,Car,Contract,4.48,Y
DP08259,12/26/2024,Rakesh O,Bengaluru,Cycle,Part-time,4.07,Y
DP07815,12/14/2024,Priya H,Delhi,Scooter,Full-time,3.55,Y
DP01432,12/21/2024,Santosh Z,Bengaluru,Scooter,Part-time,3.65,Y
DP05342,1/3/2025,Vikas C,Ahmedabad,Scooter,Full-time,4.33,Y
DP05928,12/29/2024,Rakesh A,Pune,Bike,Full-time,3.74,Y
DP13476,12/24/2024,Amit L,Kolkata,Cycle,Part-time,4.37,Y
DP04635,12/25/2024,Pooja Z,Mumbai,Bike,Contract,4.18,Y
DP03428,12/22/2024,Vikas Q,Hyderabad,Scooter,Contract,4.03,Y
DP04571,12/12/2024,Amit Q,Bengaluru,Bike,Part-time,4.05,Y
DP10892,12/26/2024,Rakesh I,Mumbai,Cycle,Full-time,4.73,Y
DP12088,1/3/2025,Arjun F,Mumbai,Bike,Full-time,4.53,N
DP01473,12/23/2024,Ananya R,Hyderabad,Scooter,Part-time,3.84,Y
DP08318,1/2/2025,Ravi J,Ahmedabad,Cycle,Full-time,4.22,N
DP02322,12/14/2024,Vikas D,Bengaluru,Scooter,Full-time,3.75,Y
DP08037,12/24/2024,Nikhil Q,Kolkata,Bike,Contract,3.82,N
DP12495,1/1/2025,Priya R,Hyderabad,Cycle,Part-time,3.85,Y
DP13694,12/24/2024,Arjun G,Ahmedabad,Bike,Full-time,4.22,Y
DP07889,12/27/2024,Arjun B,Hyderabad,Scooter,Part-time,4.27,Y
DP04864,12/22/2024,Nikhil J,Mumbai,Scooter,Part-time,4.05,Y
DP08645,12/30/2024,Manoj P,Kolkata,Cycle,Full-time,4.48,N
DP14692,12/30/2024,Rahul J,Hyderabad,Cycle,Full-time,4.04,N
DP02538,1/2/2025,Deepak X,Pune,Scooter,Contract,4.02,Y
DP04739,12/15/2024,Rahul E,Delhi,Car,Contract,3.85,Y
DP14201,12/23/2024,Amit N,Mumbai,Scooter,Contract,3.83,Y
DP07384,1/3/2025,Arjun Z,Delhi,Scooter,Full-time,3.93,Y
DP12208,1/15/2025,Rakesh A,Pune,Scooter,Full-time,4.18,Y
DP08687,12/24/2024,Suresh A,Delhi,Scooter,Full-time,4.46,Y
DP14267,12/27/2024,Pooja B,Kolkata,Car,Full-time,4.38,Y
DP07272,12/7/2024,Amit J,Delhi,Bike,Full-time,4.23,Y
DP08186,12/1/2024,Deepak M,Kolkata,Scooter,Full-time,3.83,Y
DP13021,12/28/2024,Ananya K,Mumbai,Cycle,Part-time,4.04,N
DP09371,12/17/2024,Rahul O,Mumbai,Bike,Contract,3.77,Y
DP14659,12/15/2024,Arjun Z,Chennai,Scooter,Part-time,3.84,Y
DP07920,12/22/2024,Santosh B,Mumbai,Bike,Part-time,4.34,Y
DP04216,12/28/2024,Shreya Z,Bengaluru,Scooter,Part-time,4.33,Y
DP02518,12/27/2024,Meena D,Bengaluru,Bike,Part-time,4.21,Y
DP11854,12/8/2024,Ravi P,Bengaluru,Scooter,Full-time,4.09,Y
DP09903,12/11/2024,Suresh R,Hyderabad,Scooter,Full-time,4.21,Y
DP09165,12/26/2024,Shreya M,Mumbai,Scooter,Full-time,4.04,Y
DP10901,12/14/2024,Ananya P,Ahmedabad,Scooter,Part-time,4,Y
DP00148,12/26/2024,Vikas P,Chennai,Scooter,Full-time,4.42,Y
DP06908,12/19/2024,Meena H,Mumbai,Bike,Contract,4.52,N
DP06399,12/22/2024,Meena H,Delhi,Scooter,Contract,4.41,Y
DP11890,1/2/2025,Sneha G,Hyderabad,Scooter,Full-time,4.34,Y
DP08669,12/25/2024,Sneha N,Hyderabad,Scooter,Full-time,4.58,Y
DP06504,1/2/2025,Amit Z,Hyderabad,Scooter,Part-time,4.12,Y
DP11351,1/2/2025,Santosh F,Delhi,Bike,Full-time,3.71,Y
DP09215,12/28/2024,Neha C,Chennai,Scooter,Full-time,3.76,Y
DP00312,12/27/2024,Rahul O,Bengaluru,Cycle,Full-time,4.34,Y
DP01082,12/28/2024,Ravi J,Ahmedabad,Bike,Full-time,4.23,Y
DP13354,12/28/2024,Neha P,Bengaluru,Bike,Full-time,3.95,Y
DP13164,12/18/2024,Ravi G,Mumbai,Bike,Full-time,4.44,Y
DP08491,12/24/2024,Arjun Z,Delhi,Bike,Full-time,4.39,Y
DP09884,12/24/2024,Ravi T,Delhi,Bike,Full-time,4.76,Y
DP09445,12/21/2024,Priya E,Delhi,Cycle,Part-time,4.32,Y
DP08807,12/15/2024,Neha K,Mumbai,Bike,Full-time,3.79,Y
DP01811,12/17/2024,Deepak T,Delhi,Bike,Contract,4.22,Y
DP05520,12/27/2024,Ravi S,Hyderabad,Car,Full-time,4.13,Y
DP13721,1/2/2025,Kiran M,Bengaluru,Bike,Contract,4.19,Y
DP11091,12/20/2024,Arjun B,Bengaluru,Scooter,Part-time,4.11,Y
DP06097,12/21/2024,Vikas I,Pune,Bike,Contract,4.25,Y
DP05250,12/26/2024,Rakesh S,Hyderabad,Cycle,Full-time,3.81,Y
DP08517,1/3/2025,Nikhil G,Bengaluru,Scooter,Full-time,4.1,Y
DP03397,12/5/2024,Vikas K,Bengaluru,Bike,Part-time,4.42,N
DP07521,12/17/2024,Meena Y,Bengaluru,Scooter,Full-time,4.35,Y
DP03901,12/31/2024,Santosh N,Ahmedabad,Cycle,Full-time,3.82,N
DP07774,12/8/2024,Nikhil S,Ahmedabad,Scooter,Full-time,4.13,Y
DP02660,12/14/2024,Priya I,Bengaluru,Bike,Full-time,4.61,Y
DP11358,12/19/2024,Rakesh J,Chennai,Scooter,Contract,3.69,Y
DP09232,12/13/2024,Nikhil U,Bengaluru,Scooter,Full-time,4.37,Y
DP02573,12/31/2024,Deepak M,Mumbai,Scooter,Part-time,3.97,Y
DP04654,12/22/2024,Shreya P,Delhi,Cycle,Full-time,4.07,Y
DP13162,12/20/2024,Ananya O,Pune,Bike,Full-time,3.99,Y
DP09677,12/22/2024,Neha A,Hyderabad,Bike,Full-time,4.21,Y
DP07834,12/24/2024,Kiran N,Bengaluru,Scooter,Part-time,4.02,N
DP07289,12/19/2024,Divya K,Bengaluru,Scooter,Contract,4.11,Y
DP10556,12/26/2024,Ravi Y,Chennai,Scooter,Contract,4.55,Y
DP07465,12/30/2024,Divya Z,Chennai,Car,Part-time,4.06,Y
DP03666,12/11/2024,Priya J,Bengaluru,Bike,Full-time,4.51,Y
DP11396,12/29/2024,Rahul W,Mumbai,Bike,Contract,4.25,Y
DP04969,12/28/2024,Manoj K,Hyderabad,Scooter,Full-time,3.94,N
DP06406,12/29/2024,Rakesh T,Bengaluru,Scooter,Contract,4.44,Y
DP04202,12/24/2024,Suresh G,Bengaluru,Bike,Contract,4.64,N
DP00984,12/29/2024,Shreya E,Delhi,Cycle,Full-time,4.41,Y
DP09623,12/21/2024,Pooja T,Bengaluru,Bike,Part-time,4.28,N
DP11392,12/31/2024,Sneha J,Hyderabad,Scooter,Contract,3.85,Y
DP00259,12/16/2024,Deepak T,Kolkata,Car,Full-time,4,Y
DP14353,12/27/2024,Rakesh Y,Ahmedabad,Scooter,Full-time,4.22,Y
DP04386,1/2/2025,Manoj E,Kolkata,Bike,Full-time,4.55,Y
DP13718,12/23/2024,Ananya C,Bengaluru,Bike,Full-time,4.37,Y
DP06138,12/27/2024,Rakesh K,Delhi,Bike,Contract,4.22,Y
DP05471,12/21/2024,Rahul H,Pune,Bike,Part-time,4.12,Y
DP02832,12/30/2024,Amit H,Hyderabad,Car,Full-time,4.64,Y
DP05298,12/24/2024,Deepak M,Ahmedabad,Bike,Full-time,4.28,Y
DP07008,1/23/2025,Arjun B,Bengaluru,Bike,Part-time,4.52,Y
DP09818,1/1/2025,Neha R,Delhi,Cycle,Contract,4.34,Y
DP03861,12/22/2024,Rahul V,Bengaluru,Scooter,Contract,4.4,Y
DP14775,12/16/2024,Neha E,Ahmedabad,Scooter,Full-time,4.42,Y
DP10374,12/26/2024,Amit U,Bengaluru,Bike,Part-time,4.35,Y
DP02860,12/29/2024,Pooja Z,Mumbai,Scooter,Full-time,3.7,Y
DP06418,12/28/2024,Rahul N,Delhi,Scooter,Part-time,3.77,Y
DP03753,12/29/2024,Kiran A,Pune,Bike,Contract,4.36,Y
DP05858,12/24/2024,Rahul A,Bengaluru,Scooter,Full-time,4.59,Y
DP12602,12/25/2024,Santosh K,Delhi,Scooter,Full-time,3.68,Y
DP03131,12/30/2024,Rakesh R,Pune,Bike,Part-time,4.71,Y
DP12922,12/21/2024,Rakesh K,Delhi,Scooter,Full-time,3.78,Y
DP04536,12/30/2024,Meena J,Pune,Scooter,Full-time,4.73,N
DP04746,11/24/2024,Divya O,Kolkata,Bike,Full-time,4.32,Y
DP06646,12/17/2024,Rakesh Q,Pune,Bike,Full-time,4.13,N
DP13157,12/29/2024,Pooja Q,Mumbai,Bike,Part-time,3.89,Y
DP07431,11/29/2024,Amit A,Kolkata,Scooter,Part-time,3.83,Y
DP11875,12/18/2024,Nikhil U,Delhi,Scooter,Part-time,4.66,N
DP08373,12/21/2024,Divya T,Chennai,Scooter,Contract,4.03,Y
DP13328,1/2/2025,Neha A,Mumbai,Bike,Part-time,3.97,Y
DP12286,12/26/2024,Vikas P,Chennai,Scooter,Part-time,4.36,Y
DP00483,12/31/2024,Amit J,Mumbai,Bike,Part-time,4.19,Y
DP11651,12/5/2024,Rahul C,Pune,Cycle,Full-time,3.92,Y
DP02398,12/23/2024,Ananya V,Pune,Scooter,Contract,4.41,Y
DP00722,12/15/2024,Vikas Z,Mumbai,Scooter,Full-time,4.22,Y
DP04004,1/2/2025,Manoj M,Mumbai,Bike,Full-time,4.28,Y
DP13178,12/29/2024,Neha C,Pune,Bike,Full-time,4.38,Y
DP08548,12/31/2024,Nikhil S,Kolkata,Scooter,Full-time,4.31,Y
DP09161,12/21/2024,Nikhil K,Chennai,Bike,Full-time,4.72,N
DP07047,12/17/2024,Divya H,Delhi,Bike,Full-time,3.99,Y
DP14560,12/25/2024,Suresh Q,Mumbai,Cycle,Full-time,4.42,Y
DP00350,12/13/2024,Nikhil T,Bengaluru,Car,Full-time,4.51,Y
DP11892,12/18/2024,Divya X,Mumbai,Scooter,Contract,4.41,Y
DP00868,12/31/2024,Pooja A,Mumbai,Bike,Part-time,4.33,Y
DP07165,1/24/2025,Vikas O,Mumbai,Bike,Contract,4.06,Y
DP05027,11/23/2024,Santosh K,Delhi,Cycle,Part-time,4.13,Y
DP12016,12/22/2024,Ravi D,Mumbai,Bike,Full-time,4.76,Y
DP13758,12/21/2024,Suresh F,Pune,Bike,Part-time,5,Y
DP14364,12/26/2024,Meena G,Bengaluru,Scooter,Contract,3.89,Y
DP00582,12/30/2024,Priya C,Bengaluru,Scooter,Part-time,4.25,Y
DP06548,12/31/2024,Deepak P,Bengaluru,Bike,Part-time,4.04,Y
DP12897,12/3/2024,Ravi V,Bengaluru,Cycle,Full-time,4,Y
DP07819,1/2/2025,Ravi G,Pune,Scooter,Part-time,4.62,Y
DP03972,12/28/2024,Deepak D,Kolkata,Scooter,Full-time,3.87,Y
DP02528,12/11/2024,Suresh R,Bengaluru,Bike,Contract,3.86,Y
DP14592,12/23/2024,Priya J,Bengaluru,Bike,Part-time,4.39,Y
DP10254,12/28/2024,Sneha K,Bengaluru,Bike,Part-time,4.05,Y
DP00458,11/29/2024,Deepak F,Delhi,Cycle,Full-time,4.26,Y
DP03407,12/1/2024,Ravi C,Bengaluru,Scooter,Full-time,4.78,Y
DP10658,2/1/2025,Suresh A,Delhi,Bike,Full-time,4.85,Y
DP13350,12/22/2024,Suresh K,Mumbai,Bike,Full-time,4.23,Y
DP11337,12/21/2024,Deepak I,Bengaluru,Bike,Full-time,3.98,Y
DP08604,12/26/2024,Rakesh T,Ahmedabad,Bike,Full-time,4.53,Y
DP01243,12/24/2024,Santosh X,Kolkata,Scooter,Contract,3.93,N
DP09010,1/2/2025,Shreya A,Chennai,Bike,Full-time,4.5,Y
DP02078,12/5/2024,Rahul Z,Kolkata,Bike,Full-time,3.65,Y
DP01977,12/31/2024,Deepak D,Ahmedabad,Cycle,Part-time,4.06,Y
DP09131,1/3/2025,Rakesh O,Bengaluru,Scooter,Contract,4.73,Y
DP13568,12/31/2024,Suresh D,Ahmedabad,Car,Contract,4.18,Y
DP04010,12/24/2024,Vikas U,Hyderabad,Bike,Full-time,4.33,Y
DP02601,12/26/2024,Vikas W,Delhi,Scooter,Full-time,4.12,Y
DP02001,12/24/2024,Rakesh T,Kolkata,Bike,Full-time,4.61,Y
DP03224,1/2/2025,Kiran M,Kolkata,Bike,Full-time,4.23,Y
DP00742,12/20/2024,Meena E,Bengaluru,Bike,Contract,3.99,Y
DP13509,12/31/2024,Suresh L,Bengaluru,Scooter,Part-time,4.2,Y
DP08444,1/1/2025,Divya U,Ahmedabad,Bike,Full-time,4.45,Y
DP01028,12/19/2024,Deepak J,Bengaluru,Cycle,Part-time,4.51,Y
DP13720,12/25/2024,Neha V,Bengaluru,Cycle,Part-time,4.28,Y
DP01814,12/31/2024,Vikas N,Kolkata,Scooter,Full-time,4.03,Y
DP03900,1/1/2025,Ananya G,Ahmedabad,Car,Full-time,3.66,Y
DP09759,12/19/2024,Rakesh P,Chennai,Scooter,Part-time,4.05,Y
DP11103,12/27/2024,Ravi U,Chennai,Scooter,Part-time,4.04,Y
DP11806,12/9/2024,Neha P,Chennai,Bike,Part-time,4.65,Y
DP09889,12/4/2024,Ravi I,Pune,Scooter,Part-time,4.11,Y
DP10810,1/2/2025,Neha T,Chennai,Bike,Full-time,3.94,Y
DP00336,1/1/2025,Divya N,Chennai,Bike,Part-time,4.59,Y
DP02665,12/28/2024,Kiran U,Kolkata,Bike,Contract,4.43,Y
DP13862,12/31/2024,Suresh W,Pune,Bike,Full-time,3.51,Y
DP01102,12/27/2024,Meena G,Hyderabad,Scooter,Part-time,4.21,Y
DP07080,12/30/2024,Rakesh I,Hyderabad,Bike,Full-time,4.49,Y
DP10070,12/18/2024,Neha K,Bengaluru,Bike,Part-time,3.95,Y
DP03519,1/3/2025,Vikas W,Delhi,Bike,Full-time,4.48,Y
DP10729,12/30/2024,Rakesh K,Kolkata,Bike,Full-time,4.03,Y
DP05864,12/23/2024,Meena J,Delhi,Scooter,Contract,4.38,Y
DP04546,12/31/2024,Amit U,Hyderabad,Scooter,Full-time,4.21,Y
DP03469,12/20/2024,Ananya E,Chennai,Bike,Full-time,4.72,Y
DP10496,1/1/2025,Arjun N,Pune,Bike,Part-time,4.28,Y
DP13012,12/28/2024,Divya J,Pune,Bike,Part-time,4.26,Y
DP13894,12/17/2024,Manoj Z,Delhi,Bike,Part-time,4.81,Y
DP06874,1/12/2025,Meena B,Pune,Scooter,Contract,4.02,Y
DP11622,12/16/2024,Rahul N,Chennai,Scooter,Full-time,3.8,Y
DP02445,12/17/2024,Divya P,Delhi,Bike,Part-time,4.17,Y
DP04877,12/24/2024,Vikas K,Delhi,Cycle,Part-time,4.11,N
DP00489,12/26/2024,Nikhil R,Mumbai,Scooter,Full-time,4.3,Y
DP01767,12/31/2024,Rahul A,Mumbai,Bike,Full-time,4.2,Y
DP01559,12/29/2024,Santosh A,Hyderabad,Bike,Full-time,4.03,Y
DP05801,12/30/2024,Ravi Z,Kolkata,Cycle,Full-time,3.9,N
DP03006,12/19/2024,Santosh G,Bengaluru,Scooter,Contract,3.83,Y
DP00104,1/1/2025,Rahul T,Delhi,Scooter,Contract,4.23,N
DP04047,12/27/2024,Priya V,Kolkata,Bike,Contract,4.11,Y
DP01525,12/29/2024,Kiran E,Chennai,Bike,Part-time,3.87,Y
DP13882,1/2/2025,Kiran Q,Pune,Scooter,Contract,3.94,Y
DP11187,1/1/2025,Vikas G,Hyderabad,Scooter,Contract,4.18,Y
DP13544,1/17/2025,Ananya N,Chennai,Scooter,Contract,3.83,N
DP09993,12/4/2024,Pooja T,Bengaluru,Bike,Part-time,4.28,Y
DP07892,1/3/2025,Neha A,Mumbai,Scooter,Full-time,3.81,Y
DP06063,12/27/2024,Divya F,Pune,Scooter,Part-time,3.87,Y
DP07832,12/23/2024,Rahul B,Hyderabad,Scooter,Full-time,4,Y
DP09169,12/24/2024,Priya E,Hyderabad,Scooter,Contract,4.19,Y
DP01159,12/27/2024,Suresh H,Chennai,Scooter,Full-time,3.49,N
DP03013,11/28/2024,Sneha I,Mumbai,Car,Contract,4.13,Y
DP05488,12/8/2024,Kiran O,Ahmedabad,Scooter,Full-time,4.05,N
DP14674,12/28/2024,Meena P,Ahmedabad,Bike,Part-time,3.72,N
DP12172,12/17/2024,Sneha N,Mumbai,Bike,Part-time,3.64,Y
DP09986,1/4/2025,Meena L,Mumbai,Cycle,Part-time,4.57,Y
DP01523,12/11/2024,Pooja S,Bengaluru,Cycle,Full-time,3.94,Y
DP14721,12/31/2024,Santosh B,Chennai,Scooter,Part-time,4.37,Y
DP03405,1/1/2025,Manoj L,Mumbai,Bike,Full-time,4.3,Y
DP05285,12/30/2024,Priya G,Bengaluru,Scooter,Full-time,3.71,Y
DP02819,1/1/2025,Ananya A,Hyderabad,Bike,Full-time,4.43,Y
DP09214,12/20/2024,Deepak A,Kolkata,Scooter,Contract,4.77,Y
DP13163,12/26/2024,Suresh C,Kolkata,Scooter,Part-time,4.26,Y
DP07066,2/2/2025,Rakesh E,Mumbai,Scooter,Part-time,4.31,Y
DP10255,12/31/2024,Arjun N,Chennai,Scooter,Full-time,4.24,Y
DP01034,12/25/2024,Nikhil D,Bengaluru,Bike,Full-time,4.11,Y
DP14895,1/2/2025,Arjun C,Ahmedabad,Scooter,Full-time,4.4,N
DP12448,12/5/2024,Shreya U,Mumbai,Cycle,Full-time,4.17,Y
DP08730,12/29/2024,Pooja I,Pune,Bike,Full-time,3.97,Y
DP07932,12/24/2024,Arjun G,Pune,Bike,Contract,4.41,Y
DP03485,12/28/2024,Deepak J,Mumbai,Bike,Part-time,3.91,Y
DP11860,11/22/2024,Suresh C,Delhi,Car,Full-time,3.95,Y
DP07522,1/1/2025,Divya Z,Mumbai,Scooter,Full-time,4.76,Y
DP09873,12/8/2024,Vikas R,Bengaluru,Bike,Part-time,4.22,Y
DP02658,1/3/2025,Suresh Y,Bengaluru,Scooter,Part-time,4.62,Y
DP08511,12/14/2024,Priya D,Bengaluru,Scooter,Part-time,4.18,Y
DP07454,1/1/2025,Ravi Y,Bengaluru,Scooter,Contract,4.22,Y
DP02017,12/31/2024,Rahul M,Chennai,Bike,Full-time,4.24,Y
DP02922,12/27/2024,Meena K,Chennai,Car,Part-time,4.42,Y
DP00261,12/29/2024,Rakesh F,Mumbai,Scooter,Part-time,4.27,Y
DP14096,12/27/2024,Sneha H,Pune,Cycle,Part-time,4.18,Y
DP13761,12/24/2024,Shreya R,Chennai,Cycle,Contract,4.49,Y
DP03574,12/13/2024,Arjun B,Bengaluru,Scooter,Full-time,4.37,Y
DP05722,11/30/2024,Rahul Z,Ahmedabad,Bike,Part-time,4.66,Y
DP03658,12/21/2024,Vikas C,Ahmedabad,Cycle,Full-time,3.92,Y
DP06830,1/4/2025,Nikhil Y,Bengaluru,Scooter,Full-time,4.45,N
DP05232,12/19/2024,Manoj G,Hyderabad,Scooter,Full-time,3.91,N
DP00616,12/6/2024,Sneha G,Delhi,Scooter,Full-time,4.09,Y
DP10752,12/20/2024,Santosh D,Bengaluru,Bike,Contract,3.81,Y
DP09327,12/4/2024,Priya Q,Kolkata,Scooter,Full-time,4.64,Y
DP04046,1/1/2025,Suresh M,Delhi,Car,Contract,4.13,Y
DP09418,12/8/2024,Ravi E,Mumbai,Scooter,Full-time,4.09,Y
DP01101,12/29/2024,Neha Z,Pune,Scooter,Full-time,3.88,Y
DP14551,12/24/2024,Sneha U,Bengaluru,Cycle,Part-time,4.74,Y
DP12428,1/3/2025,Deepak Y,Mumbai,Scooter,Contract,4.27,N
DP03141,12/17/2024,Kiran F,Bengaluru,Bike,Part-time,4.21,Y
DP11564,1/2/2025,Kiran P,Ahmedabad,Bike,Contract,3.76,Y
DP08379,12/14/2024,Shreya R,Pune,Car,Full-time,4.03,Y
DP06655,12/26/2024,Santosh U,Bengaluru,Scooter,Full-time,4.09,Y
DP13997,12/12/2024,Ananya C,Hyderabad,Scooter,Contract,4.43,Y
DP12509,12/23/2024,Priya D,Delhi,Bike,Full-time,4.61,Y
DP01230,1/4/2025,Deepak O,Chennai,Cycle,Full-time,3.92,Y
DP04452,12/1/2024,Vikas Z,Bengaluru,Bike,Full-time,4.41,Y
DP14387,12/18/2024,Shreya U,Hyderabad,Bike,Full-time,4.43,Y
DP00560,12/17/2024,Vikas D,Hyderabad,Scooter,Full-time,4.19,Y
DP07027,1/2/2025,Pooja B,Bengaluru,Scooter,Contract,4.28,Y
DP00666,12/21/2024,Priya N,Mumbai,Bike,Contract,4.81,Y
DP00888,1/3/2025,Pooja I,Chennai,Scooter,Full-time,4.44,Y
DP12914,12/17/2024,Rahul Y,Pune,Bike,Full-time,3.77,Y
DP10466,12/29/2024,Meena L,Mumbai,Scooter,Full-time,4.18,Y
DP11647,2/2/2025,Amit W,Kolkata,Scooter,Part-time,3.99,Y
DP04817,1/2/2025,Santosh S,Bengaluru,Bike,Contract,4.25,Y
DP10432,12/21/2024,Ananya K,Bengaluru,Scooter,Full-time,4.39,Y
DP11005,12/21/2024,Divya L,Chennai,Scooter,Full-time,4.25,Y
DP00542,12/31/2024,Santosh C,Bengaluru,Bike,Full-time,4.12,Y
DP09691,1/2/2025,Santosh Q,Mumbai,Bike,Part-time,4.18,Y
DP02959,12/31/2024,Priya K,Mumbai,Bike,Contract,4.26,Y
DP02153,12/22/2024,Suresh E,Mumbai,Bike,Part-time,4.36,N
DP10472,12/25/2024,Manoj A,Bengaluru,Scooter,Full-time,4.45,N
DP03638,12/20/2024,Rakesh R,Bengaluru,Scooter,Contract,4.17,Y
DP10196,1/2/2025,Pooja M,Bengaluru,Bike,Contract,3.85,Y
DP10227,1/1/2025,Manoj F,Hyderabad,Bike,Full-time,4.04,Y
DP03480,12/24/2024,Ravi K,Mumbai,Bike,Full-time,4.38,Y
DP02619,12/20/2024,Meena L,Delhi,Bike,Full-time,4.12,N
DP13058,12/30/2024,Priya K,Ahmedabad,Bike,Full-time,3.63,Y
DP08983,12/19/2024,Ravi R,Hyderabad,Bike,Full-time,4.55,Y
DP01552,12/25/2024,Santosh M,Chennai,Bike,Contract,3.75,Y
DP12954,12/15/2024,Sneha L,Mumbai,Scooter,Full-time,4.47,Y
DP08707,12/31/2024,Manoj T,Bengaluru,Scooter,Full-time,4.24,Y
DP06544,12/29/2024,Manoj H,Chennai,Scooter,Full-time,4.1,Y
DP00333,1/3/2025,Divya N,Kolkata,Scooter,Part-time,4.01,Y
DP07824,12/22/2024,Santosh S,Hyderabad,Cycle,Part-time,3.55,Y
DP09630,1/1/2025,Santosh W,Ahmedabad,Scooter,Full-time,4.14,Y
DP04394,12/8/2024,Suresh O,Kolkata,Scooter,Part-time,4.29,Y
DP08237,1/8/2025,Arjun J,Bengaluru,Cycle,Full-time,4.55,Y
DP03866,1/2/2025,Sneha K,Pune,Bike,Part-time,4.08,Y
DP11497,12/24/2024,Rahul E,Ahmedabad,Bike,Full-time,3.84,Y
DP09023,1/1/2025,Pooja D,Bengaluru,Scooter,Part-time,4.07,Y
DP11216,2/6/2025,Santosh M,Chennai,Bike,Part-time,3.95,Y
DP03701,1/1/2025,Nikhil P,Delhi,Bike,Full-time,4.4,Y
DP07825,12/20/2024,Meena B,Chennai,Scooter,Contract,4.11,Y
DP05495,12/13/2024,Rahul T,Kolkata,Bike,Part-time,4.14,Y
DP08219,12/30/2024,Rahul Y,Hyderabad,Cycle,Full-time,4.46,Y
DP07748,12/29/2024,Vikas E,Delhi,Scooter,Full-time,4.32,Y
DP01716,1/2/2025,Arjun Z,Chennai,Bike,Part-time,3.95,Y
DP00579,1/1/2025,Divya R,Mumbai,Scooter,Part-time,3.95,Y
DP14230,12/6/2024,Santosh K,Pune,Bike,Contract,4.75,Y
DP10611,12/27/2024,Divya D,Chennai,Bike,Contract,4.27,Y
DP03475,12/20/2024,Kiran I,Bengaluru,Bike,Part-time,4.25,Y
DP02441,12/25/2024,Shreya N,Delhi,Bike,Full-time,4.3,Y
DP13538,12/20/2024,Santosh R,Pune,Bike,Part-time,4.04,Y
DP05403,12/31/2024,Priya B,Bengaluru,Scooter,Full-time,4.36,Y
DP11402,12/26/2024,Ravi R,Mumbai,Bike,Contract,4.47,Y
DP01823,1/25/2025,Ravi J,Delhi,Scooter,Full-time,3.98,Y
DP10140,12/26/2024,Santosh L,Chennai,Bike,Part-time,3.89,Y
DP13060,12/10/2024,Ravi F,Bengaluru,Scooter,Part-time,4.69,Y
DP04732,12/13/2024,Kiran R,Hyderabad,Car,Full-time,4.1,Y
DP04955,12/19/2024,Amit O,Chennai,Scooter,Part-time,4.63,Y
DP02142,12/13/2024,Ananya N,Bengaluru,Scooter,Full-time,3.93,Y
DP09867,12/24/2024,Nikhil A,Chennai,Scooter,Full-time,4.04,Y
DP00663,12/29/2024,Sneha I,Chennai,Scooter,Contract,3.89,Y
DP13318,2/13/2025,Santosh L,Bengaluru,Scooter,Contract,4.06,N
DP03321,11/29/2024,Shreya Y,Pune,Scooter,Contract,4.62,Y
DP02855,1/1/2025,Rakesh C,Hyderabad,Cycle,Part-time,4.15,Y
DP00455,12/25/2024,Ananya R,Pune,Scooter,Part-time,4.78,Y
DP01613,1/3/2025,Meena L,Bengaluru,Bike,Full-time,4.9,Y
DP09451,12/17/2024,Vikas F,Ahmedabad,Scooter,Part-time,4.01,Y
DP08014,12/21/2024,Neha D,Mumbai,Bike,Full-time,4.3,Y
DP02792,12/23/2024,Priya J,Mumbai,Bike,Full-time,4.27,Y
DP07804,12/19/2024,Shreya Q,Delhi,Scooter,Contract,3.85,Y
DP00118,1/4/2025,Priya A,Ahmedabad,Bike,Full-time,4.1,Y
DP06066,12/21/2024,Shreya X,Ahmedabad,Scooter,Part-time,4.37,Y
DP01671,12/30/2024,Amit G,Bengaluru,Bike,Full-time,4.33,Y
DP05734,12/30/2024,Manoj C,Bengaluru,Bike,Part-time,3.54,Y
DP02817,12/6/2024,Amit W,Delhi,Bike,Part-time,4.31,Y
DP11679,11/29/2024,Rakesh X,Ahmedabad,Bike,Full-time,4.24,N
DP07735,12/29/2024,Arjun G,Chennai,Scooter,Part-time,4.71,Y
DP11307,1/1/2025,Divya Y,Hyderabad,Scooter,Full-time,3.54,Y
DP08322,12/20/2024,Nikhil G,Delhi,Scooter,Part-time,4.39,N
DP04191,12/22/2024,Nikhil L,Chennai,Bike,Contract,4.2,Y
DP06888,12/6/2024,Priya K,Bengaluru,Cycle,Part-time,3.82,Y
DP10443,12/26/2024,Neha Q,Bengaluru,Car,Full-time,4.1,Y
DP02604,12/31/2024,Nikhil Y,Delhi,Scooter,Part-time,4.01,Y
DP01770,12/27/2024,Meena P,Ahmedabad,Scooter,Part-time,3.94,Y
DP11424,12/18/2024,Vikas K,Mumbai,Bike,Full-time,3.92,N
DP04242,1/1/2025,Neha B,Bengaluru,Scooter,Contract,4.3,Y
DP04235,12/9/2024,Ananya Z,Pune,Bike,Full-time,4.58,Y
DP11046,12/26/2024,Ravi W,Delhi,Bike,Part-time,4.46,Y
DP02714,1/2/2025,Rakesh N,Chennai,Cycle,Full-time,4.27,Y
DP12048,12/28/2024,Kiran G,Bengaluru,Scooter,Contract,4.7,Y
DP06780,12/10/2024,Meena H,Bengaluru,Cycle,Part-time,4.05,Y
DP03997,12/23/2024,Pooja N,Mumbai,Bike,Part-time,4.32,Y
DP08605,1/2/2025,Manoj K,Bengaluru,Cycle,Part-time,4.27,Y
DP06684,12/19/2024,Nikhil X,Kolkata,Bike,Contract,4.32,N
DP05890,12/27/2024,Priya U,Mumbai,Cycle,Full-time,3.95,Y
DP02711,1/4/2025,Shreya I,Chennai,Bike,Full-time,4.52,Y
DP11711,12/12/2024,Arjun M,Delhi,Cycle,Part-time,4.44,Y
DP00811,12/22/2024,Priya A,Delhi,Cycle,Full-time,4.21,Y
DP00956,12/27/2024,Deepak P,Bengaluru,Cycle,Part-time,4.89,Y
DP08912,12/5/2024,Deepak P,Delhi,Cycle,Full-time,4.21,Y
DP10755,12/31/2024,Shreya X,Mumbai,Cycle,Part-time,4.07,Y
DP05261,12/27/2024,Divya I,Kolkata,Bike,Full-time,4,Y
DP13653,12/17/2024,Rahul G,Delhi,Bike,Part-time,3.88,N
DP03540,12/28/2024,Santosh Y,Bengaluru,Scooter,Full-time,4.36,Y
DP09444,12/27/2024,Meena E,Bengaluru,Scooter,Part-time,4.56,Y
DP04197,12/2/2024,Manoj W,Delhi,Bike,Full-time,4.15,Y
DP03269,1/1/2025,Pooja G,Bengaluru,Bike,Contract,4.27,Y
DP06894,12/16/2024,Rahul O,Ahmedabad,Bike,Part-time,3.68,Y
DP13710,12/20/2024,Sneha M,Chennai,Bike,Part-time,4.59,Y
DP06270,12/19/2024,Rakesh B,Hyderabad,Bike,Full-time,4.36,Y
DP06408,12/24/2024,Santosh E,Pune,Bike,Contract,4.18,Y
DP00278,11/9/2024,Kiran F,Bengaluru,Scooter,Part-time,4.14,Y
DP04584,12/24/2024,Meena W,Delhi,Cycle,Contract,4.59,N
DP06160,1/2/2025,Kiran D,Kolkata,Cycle,Full-time,4.08,Y
DP05079,12/31/2024,Priya E,Chennai,Bike,Full-time,4.42,Y
DP14731,12/22/2024,Ravi T,Kolkata,Cycle,Contract,3.6,Y
DP10283,12/23/2024,Rahul W,Delhi,Cycle,Part-time,3.83,Y
DP13804,12/17/2024,Ananya Y,Mumbai,Scooter,Full-time,4.04,Y
DP05790,12/17/2024,Nikhil O,Delhi,Scooter,Contract,4.44,Y
DP05312,12/17/2024,Ananya L,Bengaluru,Bike,Full-time,4.3,N
DP10452,12/14/2024,Priya U,Bengaluru,Scooter,Part-time,3.98,Y
DP01411,1/1/2025,Nikhil I,Mumbai,Bike,Full-time,4.22,Y
DP09252,1/3/2025,Suresh H,Delhi,Bike,Full-time,4.23,Y
DP02213,2/28/2025,Neha W,Bengaluru,Scooter,Part-time,3.58,N
DP07242,12/16/2024,Manoj I,Bengaluru,Car,Full-time,4.35,Y
DP06798,12/18/2024,Kiran K,Mumbai,Scooter,Part-time,4.6,Y
DP06122,12/29/2024,Vikas Y,Bengaluru,Bike,Full-time,4.26,Y
DP10942,12/13/2024,Ravi W,Hyderabad,Bike,Full-time,4.03,Y
DP08463,1/2/2025,Sneha U,Hyderabad,Scooter,Part-time,4.53,Y
DP11960,12/19/2024,Shreya A,Ahmedabad,Scooter,Full-time,4.03,N
DP14597,12/27/2024,Sneha T,Ahmedabad,Scooter,Part-time,4.55,Y
DP14060,12/28/2024,Neha D,Mumbai,Bike,Part-time,4.42,Y
DP04764,1/4/2025,Divya C,Delhi,Scooter,Full-time,4.56,Y
DP05953,1/4/2025,Divya P,Chennai,Scooter,Contract,4.06,Y
DP03588,12/9/2024,Rahul D,Mumbai,Scooter,Full-time,4.5,Y
DP07954,1/2/2025,Deepak J,Hyderabad,Bike,Full-time,4.34,Y
DP10557,12/16/2024,Rakesh U,Chennai,Bike,Contract,4.5,Y
DP01468,12/28/2024,Neha I,Chennai,Bike,Full-time,3.72,Y
DP10999,12/7/2024,Nikhil H,Bengaluru,Scooter,Contract,4.26,Y
DP14854,12/23/2024,Divya V,Ahmedabad,Bike,Full-time,3.96,Y
DP13143,12/28/2024,Vikas Y,Ahmedabad,Bike,Part-time,4.26,Y
DP00348,1/27/2025,Pooja S,Chennai,Scooter,Part-time,3.92,Y
DP13962,1/3/2025,Arjun A,Hyderabad,Bike,Contract,3.61,Y
DP13586,2/3/2025,Divya X,Kolkata,Bike,Contract,3.96,N
DP05923,12/28/2024,Vikas C,Hyderabad,Bike,Full-time,4.43,Y
DP10415,12/29/2024,Nikhil E,Bengaluru,Scooter,Contract,4.55,Y
DP09666,12/20/2024,Neha D,Delhi,Cycle,Part-time,4.28,Y
DP05257,12/30/2024,Nikhil U,Ahmedabad,Bike,Contract,3.85,N
DP03576,12/18/2024,Santosh C,Delhi,Cycle,Part-time,4.51,Y
DP03976,1/3/2025,Meena C,Bengaluru,Bike,Full-time,4.41,N
DP08978,12/18/2024,Manoj L,Kolkata,Scooter,Full-time,3.98,Y
DP10513,2/5/2025,Deepak H,Ahmedabad,Bike,Full-time,4.42,Y
DP07302,12/28/2024,Priya Y,Mumbai,Cycle,Full-time,3.97,Y
DP00479,12/17/2024,Vikas A,Bengaluru,Bike,Contract,4,Y
DP03079,12/24/2024,Santosh D,Bengaluru,Scooter,Contract,4.25,Y
DP14780,12/18/2024,Suresh J,Mumbai,Bike,Full-time,4.2,Y
DP12701,12/20/2024,Sneha D,Bengaluru,Car,Full-time,4.41,Y
DP04870,2/16/2025,Pooja L,Bengaluru,Scooter,Full-time,4.03,Y
DP11712,12/27/2024,Rahul L,Bengaluru,Scooter,Part-time,4.52,N
DP03584,12/21/2024,Arjun H,Chennai,Cycle,Full-time,4.47,Y
DP08785,12/25/2024,Meena W,Kolkata,Bike,Part-time,3.83,Y
DP09273,1/3/2025,Kiran P,Chennai,Scooter,Full-time,3.78,N
DP10391,12/31/2024,Santosh H,Hyderabad,Bike,Full-time,4.02,Y
DP07548,12/7/2024,Rakesh X,Bengaluru,Bike,Full-time,4.43,Y
DP04677,11/28/2024,Suresh K,Bengaluru,Bike,Part-time,4.18,Y
DP12345,12/17/2024,Ananya S,Pune,Bike,Full-time,3.99,Y
DP11519,12/16/2024,Amit M,Bengaluru,Bike,Part-time,3.73,Y
DP06430,12/28/2024,Neha X,Bengaluru,Scooter,Part-time,3.92,Y
DP06702,12/24/2024,Vikas U,Bengaluru,Bike,Part-time,4.22,Y
DP07701,12/22/2024,Deepak F,Mumbai,Scooter,Part-time,4.18,Y
DP14409,12/21/2024,Sneha M,Delhi,Cycle,Full-time,4.44,Y
DP09204,12/26/2024,Neha Q,Bengaluru,Car,Full-time,3.94,Y
DP13488,12/23/2024,Arjun B,Mumbai,Cycle,Contract,3.79,N
DP09124,11/30/2024,Divya P,Mumbai,Scooter,Part-time,4.03,Y
DP08617,12/22/2024,Deepak D,Hyderabad,Scooter,Contract,4.12,Y
DP11831,12/25/2024,Manoj S,Delhi,Scooter,Full-time,3.96,Y
DP09961,12/29/2024,Rakesh N,Chennai,Cycle,Full-time,4.28,N
DP12537,12/17/2024,Divya U,Hyderabad,Scooter,Full-time,4.08,Y
DP07868,1/3/2025,Shreya E,Bengaluru,Scooter,Full-time,4.1,N
DP04305,12/18/2024,Meena N,Delhi,Bike,Part-time,4.53,N
DP03647,12/30/2024,Suresh V,Bengaluru,Cycle,Full-time,4.35,Y
DP09741,12/8/2024,Vikas C,Hyderabad,Scooter,Part-time,4.04,Y
DP02634,12/21/2024,Rahul K,Pune,Bike,Contract,3.8,Y
DP14219,12/30/2024,Neha R,Mumbai,Bike,Full-time,4.17,Y
DP03804,12/30/2024,Shreya O,Mumbai,Cycle,Full-time,4.26,Y
DP06919,12/23/2024,Rahul H,Bengaluru,Bike,Part-time,4.14,Y
DP03004,12/25/2024,Arjun F,Mumbai,Scooter,Full-time,4.58,Y
DP10416,12/30/2024,Neha C,Mumbai,Scooter,Full-time,4.32,N
DP01649,12/20/2024,Meena R,Kolkata,Scooter,Full-time,4.24,Y
DP01587,12/11/2024,Pooja F,Mumbai,Cycle,Full-time,4.31,Y
DP04326,12/27/2024,Amit U,Chennai,Car,Full-time,3.99,N
DP06403,12/23/2024,Neha W,Mumbai,Bike,Part-time,4.18,Y
DP08375,12/16/2024,Santosh W,Hyderabad,Cycle,Full-time,3.83,Y
DP01995,12/23/2024,Rahul F,Ahmedabad,Scooter,Full-time,4.21,Y
DP07281,1/1/2025,Arjun H,Delhi,Scooter,Part-time,4.02,Y
DP07669,1/4/2025,Arjun B,Delhi,Scooter,Full-time,3.87,Y
DP02023,12/22/2024,Pooja F,Bengaluru,Cycle,Full-time,4.56,Y
DP06590,12/12/2024,Manoj K,Delhi,Bike,Full-time,4.22,Y
DP00798,12/30/2024,Neha M,Mumbai,Car,Full-time,4.19,Y
DP04866,1/1/2025,Rahul K,Chennai,Scooter,Full-time,4.75,N
DP05566,1/3/2025,Amit F,Pune,Cycle,Full-time,4.15,Y
DP03002,12/31/2024,Ananya F,Ahmedabad,Bike,Full-time,3.81,Y
DP06071,12/25/2024,Sneha C,Hyderabad,Bike,Contract,4.1,N
DP03097,1/2/2025,Sneha F,Hyderabad,Bike,Part-time,3.97,Y
DP13353,12/25/2024,Sneha G,Mumbai,Car,Full-time,3.33,Y
DP00220,1/3/2025,Santosh A,Mumbai,Scooter,Contract,4.06,Y
DP14012,12/7/2024,Kiran X,Chennai,Scooter,Full-time,4.04,Y
DP06159,12/28/2024,Santosh O,Chennai,Scooter,Contract,4.28,Y
DP11538,12/18/2024,Amit N,Bengaluru,Bike,Part-time,4.35,Y
DP11119,1/2/2025,Rahul J,Bengaluru,Bike,Full-time,4.16,Y
DP10043,1/1/2025,Kiran J,Hyderabad,Car,Part-time,4.41,Y
DP05542,12/29/2024,Kiran K,Bengaluru,Scooter,Part-time,4.25,Y
DP14386,12/25/2024,Ravi J,Kolkata,Bike,Full-time,3.77,Y
DP03057,12/29/2024,Divya H,Bengaluru,Bike,Full-time,4.84,Y
DP14265,12/23/2024,Suresh N,Chennai,Car,Full-time,4.59,Y
DP02979,12/31/2024,Santosh Y,Pune,Scooter,Part-time,4.21,N
DP10603,12/19/2024,Suresh K,Delhi,Bike,Contract,4.07,Y
DP13186,12/16/2024,Priya T,Hyderabad,Scooter,Full-time,4.15,N
DP01752,12/30/2024,Neha W,Pune,Scooter,Contract,3.55,Y
DP05605,1/4/2025,Sneha Z,Delhi,Cycle,Full-time,4.51,N
DP10006,12/12/2024,Santosh R,Delhi,Bike,Contract,4.31,Y
DP14519,1/3/2025,Sneha F,Pune,Scooter,Full-time,4.38,Y
DP06437,1/1/2025,Rahul I,Bengaluru,Bike,Full-time,4.23,Y
DP04919,12/22/2024,Sneha R,Bengaluru,Scooter,Part-time,4.04,Y
DP09078,12/17/2024,Sneha J,Mumbai,Bike,Full-time,4.29,Y
DP13746,12/30/2024,Manoj N,Hyderabad,Cycle,Full-time,3.46,Y
DP00712,1/1/2025,Pooja N,Ahmedabad,Cycle,Full-time,4.02,Y
DP01899,12/29/2024,Meena M,Hyderabad,Bike,Contract,4.04,Y
DP07372,11/29/2024,Priya T,Kolkata,Scooter,Contract,4.3,Y
DP10856,12/6/2024,Priya F,Delhi,Bike,Contract,4.06,Y
DP04847,12/28/2024,Santosh D,Ahmedabad,Scooter,Full-time,4.2,Y
DP11984,12/31/2024,Arjun A,Kolkata,Cycle,Contract,4.09,Y
DP10690,1/1/2025,Shreya E,Hyderabad,Cycle,Part-time,4.7,Y
DP12328,12/14/2024,Deepak Z,Pune,Scooter,Part-time,3.74,Y
DP03180,1/4/2025,Vikas O,Delhi,Cycle,Full-time,4.45,Y
DP04243,12/23/2024,Rahul Y,Bengaluru,Bike,Contract,4.28,Y
DP01796,12/29/2024,Nikhil G,Pune,Scooter,Contract,3.53,Y
DP08030,12/16/2024,Sneha C,Hyderabad,Scooter,Full-time,3.95,N
DP13088,12/15/2024,Ananya G,Delhi,Scooter,Contract,4.23,Y
DP09150,12/1/2024,Pooja X,Mumbai,Scooter,Full-time,3.84,Y
DP11707,12/26/2024,Rahul K,Delhi,Bike,Contract,3.72,Y
DP01205,12/25/2024,Shreya S,Kolkata,Scooter,Contract,4.37,Y
DP00197,12/26/2024,Priya S,Hyderabad,Bike,Full-time,4.79,Y
DP07445,12/25/2024,Rahul B,Hyderabad,Scooter,Full-time,4.28,Y
DP11541,12/28/2024,Vikas G,Kolkata,Scooter,Full-time,3.97,Y
DP10637,1/1/2025,Neha G,Delhi,Car,Full-time,4.16,Y
DP07168,12/22/2024,Deepak D,Mumbai,Scooter,Contract,4.18,Y
DP07923,1/1/2025,Pooja E,Bengaluru,Bike,Full-time,4.17,Y
DP12051,12/25/2024,Amit X,Kolkata,Scooter,Full-time,4.37,Y
DP05004,12/22/2024,Amit T,Pune,Bike,Full-time,3.92,Y
DP10848,12/21/2024,Deepak I,Delhi,Bike,Full-time,4.34,Y
DP03695,12/27/2024,Sneha K,Delhi,Car,Part-time,4.42,Y
DP11438,1/2/2025,Suresh X,Chennai,Scooter,Full-time,4.15,Y
DP14584,12/27/2024,Rakesh H,Delhi,Scooter,Full-time,4.1,Y
DP14406,12/30/2024,Divya B,Ahmedabad,Bike,Part-time,4.27,Y
DP14092,1/24/2025,Meena K,Mumbai,Scooter,Part-time,4.12,Y
DP14654,12/28/2024,Priya H,Hyderabad,Scooter,Part-time,3.9,Y
DP04737,12/28/2024,Vikas N,Ahmedabad,Scooter,Part-time,4.18,Y
DP11807,12/13/2024,Rahul Z,Bengaluru,Scooter,Full-time,4.03,Y
DP03267,12/1/2024,Pooja F,Kolkata,Scooter,Full-time,4.09,N
DP02428,12/26/2024,Ananya O,Mumbai,Cycle,Part-time,4.28,Y
DP09767,12/30/2024,Ananya X,Hyderabad,Car,Full-time,4.76,Y
DP09714,12/20/2024,Arjun N,Hyderabad,Bike,Part-time,3.98,Y
DP07163,1/3/2025,Arjun I,Mumbai,Bike,Full-time,4.36,N
DP14257,1/1/2025,Manoj S,Pune,Bike,Contract,4.09,N
DP12231,12/8/2024,Suresh I,Pune,Cycle,Part-time,4.53,Y
DP05326,12/23/2024,Pooja D,Hyderabad,Cycle,Part-time,4.27,Y
DP08599,12/25/2024,Arjun J,Ahmedabad,Cycle,Full-time,3.99,Y
DP08696,1/2/2025,Sneha E,Bengaluru,Scooter,Part-time,3.95,Y
DP06997,11/30/2024,Manoj J,Mumbai,Scooter,Full-time,4.46,Y
DP00153,12/20/2024,Ananya T,Kolkata,Bike,Full-time,4.42,Y
DP07664,12/28/2024,Neha V,Bengaluru,Scooter,Full-time,4.18,Y
DP08841,1/2/2025,Pooja G,Bengaluru,Bike,Full-time,4.34,Y
DP04848,12/28/2024,Pooja S,Mumbai,Scooter,Full-time,3.88,Y
DP09209,12/19/2024,Divya G,Bengaluru,Scooter,Full-time,3.76,Y
DP03682,12/29/2024,Shreya R,Ahmedabad,Cycle,Contract,4.03,Y
DP07360,12/30/2024,Amit U,Mumbai,Cycle,Full-time,3.64,N
DP10481,12/8/2024,Ananya O,Hyderabad,Bike,Full-time,3.97,Y
DP02190,12/29/2024,Rakesh G,Kolkata,Scooter,Contract,4.32,Y
DP14179,12/17/2024,Divya V,Hyderabad,Bike,Full-time,4.45,N
DP09034,1/1/2025,Meena Z,Bengaluru,Scooter,Part-time,4.52,Y
DP01382,12/29/2024,Santosh I,Pune,Bike,Contract,3.75,Y
DP04425,12/29/2024,Ananya J,Bengaluru,Car,Full-time,4.89,Y
DP01622,12/30/2024,Suresh Q,Chennai,Bike,Full-time,4.13,Y
DP01506,12/29/2024,Ananya T,Bengaluru,Scooter,Part-time,4.07,N
DP12182,12/31/2024,Suresh H,Delhi,Bike,Full-time,4.25,Y
DP13056,1/19/2025,Amit U,Delhi,Bike,Part-time,4.5,Y
DP13900,12/24/2024,Santosh X,Kolkata,Scooter,Part-time,4.45,N
DP05985,12/24/2024,Sneha I,Bengaluru,Scooter,Full-time,4.27,Y
DP12838,11/29/2024,Ananya U,Bengaluru,Bike,Part-time,4.13,Y
DP06142,1/2/2025,Rakesh B,Ahmedabad,Bike,Full-time,3.65,Y
DP01853,1/4/2025,Divya A,Bengaluru,Cycle,Full-time,4.1,N
DP12679,12/25/2024,Santosh W,Chennai,Car,Part-time,4.21,Y
DP01193,12/29/2024,Divya Z,Chennai,Cycle,Contract,4.85,Y
DP03553,1/3/2025,Sneha H,Bengaluru,Scooter,Full-time,4.59,Y
DP13133,12/25/2024,Shreya C,Kolkata,Cycle,Part-time,4.75,Y
DP03854,12/31/2024,Vikas C,Kolkata,Bike,Part-time,3.69,N
DP01675,12/19/2024,Vikas C,Bengaluru,Scooter,Full-time,4.03,Y
DP03545,12/5/2024,Meena I,Pune,Scooter,Part-time,4.56,Y
DP02731,12/9/2024,Kiran Q,Pune,Scooter,Full-time,4.69,Y
DP00669,12/27/2024,Santosh Q,Pune,Scooter,Full-time,4.17,Y
DP05681,1/1/2025,Neha K,Bengaluru,Bike,Part-time,3.63,Y
DP01886,12/19/2024,Pooja Z,Bengaluru,Bike,Contract,4.28,Y
DP00165,12/24/2024,Priya Z,Bengaluru,Car,Contract,4.03,Y
DP11096,12/5/2024,Pooja G,Chennai,Bike,Full-time,4.37,Y
DP14169,12/22/2024,Ravi M,Bengaluru,Bike,Contract,4.22,Y
DP13317,1/1/2025,Ananya V,Mumbai,Scooter,Contract,4.5,Y
DP07608,12/22/2024,Amit I,Mumbai,Scooter,Full-time,4.44,Y
DP02525,1/3/2025,Arjun L,Delhi,Scooter,Full-time,4.34,Y
DP11974,12/26/2024,Ravi S,Ahmedabad,Scooter,Contract,4.02,Y
DP09080,12/17/2024,Vikas L,Delhi,Bike,Part-time,4.2,Y
DP14887,12/29/2024,Ananya U,Bengaluru,Car,Contract,4.27,Y
DP13342,12/18/2024,Ravi J,Bengaluru,Scooter,Full-time,4.14,Y
DP07878,12/25/2024,Rakesh Q,Chennai,Scooter,Part-time,4.16,Y
DP01722,1/2/2025,Sneha I,Pune,Scooter,Contract,3.83,Y
DP05996,12/16/2024,Kiran E,Pune,Cycle,Full-time,3.51,N
DP06618,12/29/2024,Ravi J,Pune,Scooter,Full-time,4.23,Y
DP11294,1/2/2025,Vikas N,Chennai,Scooter,Contract,4.02,Y
DP12527,12/31/2024,Meena E,Mumbai,Bike,Part-time,4.4,N
DP00226,12/11/2024,Ravi M,Delhi,Bike,Contract,4.05,Y
DP03984,12/30/2024,Ravi Q,Delhi,Car,Contract,4.36,Y
DP11617,2/5/2025,Kiran U,Delhi,Scooter,Contract,3.98,Y
DP11508,12/28/2024,Sneha F,Hyderabad,Scooter,Full-time,5,Y
DP10612,1/4/2025,Neha Y,Hyderabad,Scooter,Full-time,3.98,Y
DP03432,12/24/2024,Shreya R,Kolkata,Scooter,Contract,4.64,Y
DP03220,12/21/2024,Ananya F,Hyderabad,Bike,Part-time,4.68,Y
DP02716,1/2/2025,Neha R,Kolkata,Cycle,Full-time,4.58,Y
DP01803,1/1/2025,Pooja G,Bengaluru,Cycle,Part-time,4.61,Y
DP06081,12/29/2024,Nikhil I,Bengaluru,Scooter,Part-time,3.77,N
DP02110,12/30/2024,Arjun P,Mumbai,Scooter,Full-time,3.93,N
DP02813,1/3/2025,Ananya N,Kolkata,Scooter,Part-time,3.91,Y
DP13905,12/27/2024,Neha D,Delhi,Scooter,Full-time,3.83,Y
DP07541,12/30/2024,Meena W,Bengaluru,Bike,Full-time,3.96,Y
DP01220,12/26/2024,Divya W,Bengaluru,Scooter,Full-time,4.02,Y
DP10842,12/30/2024,Suresh G,Hyderabad,Bike,Part-time,4.22,Y
DP07861,12/21/2024,Nikhil Q,Pune,Bike,Full-time,3.94,N
DP12289,12/31/2024,Ananya M,Bengaluru,Scooter,Full-time,4.45,Y
DP00451,12/19/2024,Rahul F,Bengaluru,Scooter,Part-time,4.06,N
DP13771,12/25/2024,Rahul S,Kolkata,Bike,Full-time,4.08,Y
DP07157,12/30/2024,Ananya H,Ahmedabad,Bike,Part-time,4.15,Y
DP02650,12/28/2024,Amit I,Hyderabad,Bike,Full-time,4.32,Y
DP03150,12/25/2024,Vikas W,Bengaluru,Scooter,Contract,3.99,Y
DP08417,12/3/2024,Vikas S,Ahmedabad,Bike,Full-time,4.3,Y
DP12847,12/28/2024,Priya L,Bengaluru,Cycle,Full-time,4.17,Y
DP05502,1/2/2025,Rakesh T,Ahmedabad,Scooter,Full-time,3.64,Y
DP02479,12/9/2024,Amit V,Delhi,Car,Part-time,4.26,Y
DP07570,12/19/2024,Rakesh T,Pune,Scooter,Full-time,4.04,Y
DP10874,12/31/2024,Pooja Y,Hyderabad,Bike,Part-time,4.39,Y
DP06310,1/2/2025,Neha J,Bengaluru,Bike,Full-time,4.01,Y
DP09395,1/2/2025,Deepak S,Mumbai,Scooter,Contract,4.31,Y
DP04757,12/24/2024,Arjun L,Bengaluru,Scooter,Part-time,3.91,Y
DP02898,12/6/2024,Neha F,Bengaluru,Scooter,Full-time,4.05,N
DP12233,12/11/2024,Priya O,Chennai,Scooter,Part-time,3.64,Y
DP10558,12/29/2024,Divya D,Bengaluru,Scooter,Part-time,4.67,Y
DP09773,1/1/2025,Santosh B,Chennai,Scooter,Full-time,4.3,Y
DP09530,1/1/2025,Divya G,Delhi,Cycle,Contract,4.23,Y
DP14742,1/4/2025,Deepak P,Pune,Scooter,Full-time,4.07,Y
DP00593,12/25/2024,Meena B,Bengaluru,Scooter,Part-time,4.27,Y
DP12523,1/1/2025,Rahul L,Delhi,Scooter,Full-time,4.41,Y
DP09103,12/5/2024,Pooja R,Bengaluru,Bike,Full-time,4.38,N
DP11166,12/31/2024,Rakesh A,Chennai,Scooter,Full-time,4.03,Y
DP10664,12/31/2024,Neha M,Bengaluru,Scooter,Part-time,4.45,Y
DP08278,12/21/2024,Shreya Z,Mumbai,Scooter,Contract,3.98,Y
DP07200,1/12/2025,Neha C,Delhi,Scooter,Full-time,4.19,Y
DP04520,1/3/2025,Ravi B,Bengaluru,Scooter,Full-time,4.32,Y
DP03152,12/13/2024,Neha E,Delhi,Scooter,Full-time,4.49,Y
DP02775,12/30/2024,Priya Y,Chennai,Bike,Part-time,4.23,Y
DP12755,12/28/2024,Sneha S,Hyderabad,Scooter,Contract,3.89,Y
DP12615,12/31/2024,Suresh R,Delhi,Bike,Full-time,4,Y
DP09370,1/1/2025,Rahul O,Mumbai,Bike,Contract,4.44,Y
DP06450,1/3/2025,Suresh K,Delhi,Bike,Contract,4.11,Y
DP05805,12/19/2024,Deepak Q,Kolkata,Scooter,Contract,4.25,Y
DP12792,12/2/2024,Vikas S,Delhi,Bike,Full-time,4.17,Y
DP06353,12/23/2024,Santosh H,Bengaluru,Scooter,Part-time,4.41,N
DP09423,12/10/2024,Pooja L,Bengaluru,Cycle,Part-time,3.75,Y
DP14061,12/25/2024,Vikas Z,Ahmedabad,Scooter,Part-time,4.14,Y
DP14182,12/21/2024,Divya L,Ahmedabad,Bike,Part-time,4.52,N
DP10321,12/12/2024,Nikhil R,Chennai,Bike,Full-time,4.06,Y
DP06596,12/14/2024,Divya O,Mumbai,Scooter,Contract,3.87,Y
DP08743,12/25/2024,Neha J,Ahmedabad,Bike,Part-time,4.71,Y
DP00075,12/28/2024,Deepak R,Bengaluru,Scooter,Part-time,3.89,Y
DP11214,11/28/2024,Suresh Y,Hyderabad,Scooter,Full-time,3.84,Y
DP14436,1/2/2025,Amit J,Chennai,Cycle,Full-time,4.46,Y
DP08269,12/7/2024,Kiran A,Kolkata,Cycle,Full-time,4.54,N
DP00729,1/3/2025,Arjun A,Bengaluru,Cycle,Contract,4.37,Y
DP12187,1/1/2025,Rakesh G,Chennai,Bike,Contract,4.23,Y
DP03054,12/25/2024,Rahul Y,Bengaluru,Scooter,Full-time,4.16,Y
DP04564,12/5/2024,Deepak Y,Ahmedabad,Scooter,Contract,4.42,N
DP14438,12/18/2024,Amit J,Kolkata,Bike,Full-time,3.89,Y
DP07675,1/3/2025,Meena F,Mumbai,Scooter,Full-time,4.41,Y
DP03457,12/26/2024,Rakesh N,Mumbai,Bike,Contract,4.21,Y
DP04594,12/26/2024,Meena Q,Ahmedabad,Bike,Full-time,4.62,N
DP07927,1/4/2025,Amit O,Bengaluru,Cycle,Contract,4.31,N
DP06868,1/2/2025,Kiran B,Delhi,Bike,Part-time,4.28,Y
DP06453,1/3/2025,Ananya S,Kolkata,Scooter,Contract,4.19,Y
DP05773,12/30/2024,Vikas N,Ahmedabad,Bike,Part-time,4.37,Y
DP10928,12/28/2024,Amit L,Chennai,Bike,Full-time,4.18,Y
DP11203,1/1/2025,Suresh O,Hyderabad,Bike,Full-time,4.08,N
DP08106,12/26/2024,Priya U,Mumbai,Bike,Full-time,4.34,Y
DP10213,12/30/2024,Sneha L,Bengaluru,Cycle,Part-time,4.51,Y
DP13892,12/29/2024,Deepak K,Hyderabad,Bike,Full-time,4.26,Y
DP13777,12/28/2024,Amit B,Mumbai,Bike,Full-time,4.41,N
DP12929,1/4/2025,Meena V,Delhi,Scooter,Full-time,4.28,Y
DP05487,12/28/2024,Divya B,Pune,Bike,Full-time,4.17,Y
DP01385,1/4/2025,Shreya T,Bengaluru,Bike,Full-time,3.98,Y
DP08068,12/21/2024,Nikhil F,Bengaluru,Bike,Full-time,4.23,Y
DP05091,12/28/2024,Priya W,Hyderabad,Scooter,Part-time,3.84,Y
DP12270,12/20/2024,Ananya K,Pune,Bike,Part-time,3.64,Y
DP04642,1/1/2025,Divya O,Chennai,Bike,Full-time,3.84,Y
DP01601,12/7/2024,Priya F,Ahmedabad,Scooter,Full-time,3.64,Y
DP00391,12/19/2024,Shreya U,Hyderabad,Scooter,Part-time,4.11,Y
DP11671,12/29/2024,Deepak R,Chennai,Scooter,Full-time,4.27,Y
DP02392,1/28/2025,Ravi S,Bengaluru,Scooter,Contract,4.38,Y
DP12158,12/15/2024,Arjun L,Ahmedabad,Bike,Part-time,4.03,Y
DP03453,12/29/2024,Amit F,Delhi,Bike,Full-time,4.4,Y
DP08166,12/26/2024,Priya T,Delhi,Cycle,Contract,3.41,Y
DP07668,12/3/2024,Priya U,Ahmedabad,Car,Contract,4.53,Y
DP06567,2/15/2025,Manoj P,Mumbai,Scooter,Part-time,4.01,Y
DP00659,12/29/2024,Kiran A,Hyderabad,Bike,Full-time,4.55,Y
DP01805,12/18/2024,Divya V,Delhi,Bike,Full-time,4.94,Y
DP09491,12/31/2024,Deepak K,Mumbai,Scooter,Part-time,3.96,N
DP11021,12/28/2024,Neha P,Bengaluru,Scooter,Full-time,3.78,Y
DP00034,12/25/2024,Santosh P,Delhi,Bike,Contract,4.12,Y
DP02297,12/24/2024,Kiran K,Delhi,Scooter,Full-time,4.3,Y
DP12049,12/31/2024,Santosh B,Chennai,Scooter,Full-time,3.82,N
DP01694,1/2/2025,Manoj H,Bengaluru,Scooter,Full-time,3.81,Y
DP12140,12/14/2024,Meena X,Delhi,Scooter,Part-time,4.34,Y
DP08058,12/24/2024,Rakesh Y,Bengaluru,Scooter,Full-time,4.5,N
DP14563,11/21/2024,Neha Y,Ahmedabad,Scooter,Full-time,4.67,Y
DP01725,12/1/2024,Priya K,Pune,Scooter,Full-time,3.5,Y
DP11943,12/22/2024,Ravi L,Chennai,Bike,Contract,3.95,Y
DP11652,12/27/2024,Sneha B,Kolkata,Bike,Contract,4.11,Y
DP10870,1/3/2025,Amit L,Mumbai,Cycle,Full-time,4.13,Y
DP10017,12/20/2024,Sneha O,Delhi,Scooter,Full-time,4.76,N
DP07094,12/19/2024,Sneha N,Bengaluru,Bike,Full-time,3.65,Y
DP08518,12/19/2024,Nikhil M,Ahmedabad,Cycle,Full-time,4.33,Y
DP05900,1/4/2025,Kiran P,Mumbai,Bike,Full-time,4.44,N
DP09398,12/25/2024,Suresh T,Pune,Bike,Contract,3.91,Y
DP06427,12/24/2024,Nikhil B,Bengaluru,Bike,Part-time,4.28,Y
DP07429,12/31/2024,Santosh B,Chennai,Cycle,Part-time,4.14,Y
DP08715,12/18/2024,Shreya O,Ahmedabad,Cycle,Contract,4.24,Y
DP00658,12/31/2024,Priya I,Delhi,Scooter,Full-time,4.85,Y
DP02623,12/24/2024,Arjun K,Mumbai,Cycle,Full-time,3.85,Y
DP12730,12/29/2024,Sneha Q,Pune,Scooter,Part-time,4.12,Y
DP01791,12/16/2024,Rahul E,Chennai,Car,Part-time,4.45,Y
DP09686,12/29/2024,Manoj F,Bengaluru,Bike,Contract,4.2,N
DP09660,12/23/2024,Manoj X,Pune,Cycle,Full-time,4.1,Y
DP13144,12/28/2024,Neha V,Bengaluru,Bike,Full-time,3.94,Y
DP03556,12/17/2024,Ananya X,Mumbai,Bike,Part-time,4.71,Y
DP05611,12/7/2024,Nikhil M,Bengaluru,Scooter,Full-time,4.39,Y
DP06763,12/20/2024,Deepak A,Ahmedabad,Bike,Part-time,3.79,Y
DP12276,12/26/2024,Suresh Y,Kolkata,Scooter,Full-time,4.67,Y
DP03209,12/30/2024,Rahul H,Bengaluru,Scooter,Full-time,4.02,N
DP14988,12/23/2024,Arjun O,Bengaluru,Bike,Full-time,4.73,N
DP07280,12/21/2024,Pooja I,Bengaluru,Scooter,Full-time,4.1,Y
DP09275,1/2/2025,Santosh L,Bengaluru,Bike,Contract,4.47,Y
DP09207,12/31/2024,Ananya S,Chennai,Scooter,Full-time,3.58,Y
DP10770,12/26/2024,Rakesh C,Mumbai,Scooter,Contract,4.26,N
DP09679,12/24/2024,Ananya R,Chennai,Cycle,Contract,4.59,Y
DP10846,12/20/2024,Neha B,Mumbai,Scooter,Part-time,4.12,Y
DP00120,1/21/2025,Arjun C,Bengaluru,Bike,Part-time,4.44,Y
DP14276,12/30/2024,Suresh I,Kolkata,Scooter,Part-time,4.04,Y
DP13606,12/29/2024,Vikas M,Kolkata,Cycle,Full-time,4.67,Y
DP14015,12/25/2024,Arjun S,Bengaluru,Bike,Part-time,4.04,Y
DP12359,1/3/2025,Manoj X,Chennai,Scooter,Full-time,4.3,Y
DP07631,12/25/2024,Arjun D,Kolkata,Scooter,Contract,4.35,Y
DP05737,12/26/2024,Ravi D,Chennai,Scooter,Full-time,3.59,Y
DP13563,12/26/2024,Rahul Q,Delhi,Scooter,Full-time,4.19,Y
DP13676,12/16/2024,Amit J,Kolkata,Bike,Full-time,4.11,N
DP01801,12/25/2024,Kiran O,Mumbai,Bike,Part-time,4.57,Y
DP09701,12/18/2024,Arjun F,Mumbai,Scooter,Full-time,4.82,Y
DP00037,12/31/2024,Nikhil T,Pune,Bike,Full-time,4.6,Y
DP14322,12/27/2024,Suresh H,Chennai,Bike,Contract,4.34,Y
DP05105,12/23/2024,Manoj O,Bengaluru,Scooter,Part-time,4.36,Y
DP02169,12/16/2024,Manoj G,Hyderabad,Bike,Full-time,4.3,Y
DP05317,12/30/2024,Neha N,Kolkata,Cycle,Contract,4.23,Y
DP12811,1/4/2025,Suresh K,Delhi,Bike,Full-time,4.21,N
DP04629,12/15/2024,Deepak L,Hyderabad,Car,Part-time,4.39,Y
DP08873,12/31/2024,Arjun X,Mumbai,Bike,Full-time,3.71,N
DP05729,12/31/2024,Divya T,Kolkata,Cycle,Contract,4.16,Y
DP04950,12/29/2024,Rahul Y,Ahmedabad,Bike,Contract,4.06,Y
DP04251,1/2/2025,Nikhil J,Pune,Bike,Part-time,4.13,Y
DP10433,12/30/2024,Shreya A,Chennai,Bike,Part-time,4.21,Y
DP01664,12/28/2024,Sneha Z,Ahmedabad,Bike,Full-time,3.93,Y
DP01496,1/2/2025,Pooja W,Mumbai,Scooter,Full-time,3.86,Y
DP01162,12/31/2024,Neha S,Kolkata,Bike,Full-time,4.81,Y
DP11134,12/28/2024,Shreya U,Bengaluru,Scooter,Contract,4.31,Y
DP13705,12/4/2024,Amit A,Delhi,Scooter,Full-time,4.05,Y
DP10778,12/18/2024,Suresh X,Delhi,Car,Contract,4.31,Y
DP13185,12/6/2024,Shreya B,Ahmedabad,Bike,Contract,4.2,Y
DP04041,12/19/2024,Rakesh Z,Chennai,Cycle,Full-time,4.01,Y
DP06458,1/3/2025,Manoj Q,Bengaluru,Scooter,Full-time,4.43,Y
DP13609,12/26/2024,Manoj L,Mumbai,Cycle,Full-time,3.78,N
DP00698,1/31/2025,Pooja E,Kolkata,Bike,Full-time,4.24,Y
DP07810,12/29/2024,Pooja O,Chennai,Bike,Contract,4.28,N
DP01652,1/1/2025,Ravi P,Hyderabad,Scooter,Contract,3.98,N
DP01294,12/14/2024,Meena Z,Delhi,Scooter,Contract,4.03,Y
DP06400,1/1/2025,Vikas X,Bengaluru,Bike,Full-time,3.92,Y
DP12756,12/8/2024,Nikhil C,Bengaluru,Scooter,Full-time,4.1,Y
DP02422,12/23/2024,Suresh M,Bengaluru,Scooter,Part-time,4.61,N
DP10068,1/3/2025,Shreya A,Mumbai,Bike,Part-time,3.87,N
DP00044,12/8/2024,Vikas M,Kolkata,Scooter,Part-time,3.71,Y
DP00258,12/30/2024,Shreya C,Mumbai,Scooter,Part-time,4.37,Y
DP14020,1/1/2025,Neha B,Pune,Bike,Part-time,4.22,Y
DP11107,1/8/2025,Ananya D,Bengaluru,Cycle,Full-time,3.89,Y
DP12030,12/6/2024,Pooja K,Hyderabad,Bike,Full-time,4.14,N
DP12202,12/12/2024,Nikhil L,Chennai,Bike,Full-time,4.44,Y
DP09635,11/17/2024,Santosh B,Mumbai,Scooter,Contract,4.48,Y
DP10977,1/1/2025,Sneha Z,Pune,Scooter,Full-time,4.84,Y
DP11385,12/29/2024,Rakesh H,Bengaluru,Scooter,Part-time,4.19,Y
DP01511,12/29/2024,Deepak J,Kolkata,Scooter,Full-time,4.64,Y
DP05831,1/4/2025,Suresh F,Ahmedabad,Cycle,Full-time,4.13,Y
DP04573,12/30/2024,Rakesh F,Kolkata,Bike,Part-time,4.33,N
DP11583,1/12/2025,Shreya C,Pune,Cycle,Contract,4.02,N
DP02183,12/28/2024,Arjun U,Delhi,Car,Part-time,4.9,Y
DP07039,12/8/2024,Priya C,Delhi,Scooter,Full-time,4.25,Y
DP01946,12/27/2024,Nikhil A,Kolkata,Scooter,Contract,4.09,N
DP08347,12/27/2024,Vikas M,Chennai,Bike,Part-time,3.94,Y
DP13699,12/28/2024,Ravi Y,Hyderabad,Cycle,Full-time,4.04,N
DP00922,12/31/2024,Kiran Z,Chennai,Scooter,Part-time,3.92,N
DP04808,1/1/2025,Pooja E,Chennai,Bike,Contract,4,Y
DP10309,1/2/2025,Nikhil Y,Mumbai,Scooter,Full-time,4.3,Y
DP10145,12/22/2024,Kiran V,Pune,Scooter,Full-time,4.45,Y
DP02943,12/22/2024,Manoj A,Mumbai,Car,Full-time,4.23,Y
DP08847,12/24/2024,Suresh Y,Chennai,Scooter,Contract,3.58,Y
DP06509,12/28/2024,Ananya O,Kolkata,Scooter,Full-time,3.95,Y
DP01024,12/20/2024,Amit Y,Pune,Scooter,Full-time,4.27,Y
DP10459,12/30/2024,Nikhil G,Mumbai,Scooter,Part-time,4.34,Y
DP06580,11/25/2024,Pooja F,Pune,Bike,Contract,4.74,Y
DP05253,12/26/2024,Ananya Z,Bengaluru,Bike,Full-time,4.01,N
DP11374,1/2/2025,Priya G,Ahmedabad,Cycle,Part-time,4.27,Y
DP11801,12/27/2024,Nikhil U,Delhi,Cycle,Full-time,4.08,Y
DP01480,12/27/2024,Kiran R,Chennai,Scooter,Contract,3.86,Y
DP06479,1/4/2025,Rahul N,Delhi,Scooter,Part-time,3.85,Y
DP09120,12/14/2024,Suresh N,Bengaluru,Scooter,Full-time,4.2,N
DP03688,12/3/2024,Sneha V,Bengaluru,Scooter,Part-time,3.51,Y
DP06650,12/24/2024,Rakesh W,Chennai,Scooter,Contract,4.15,Y
DP00923,12/8/2024,Priya P,Chennai,Scooter,Part-time,4.05,Y
DP12629,12/25/2024,Meena I,Chennai,Bike,Full-time,4.4,Y
DP07032,12/24/2024,Ravi P,Bengaluru,Scooter,Full-time,4.45,Y
DP06709,12/30/2024,Shreya J,Hyderabad,Bike,Full-time,4.4,Y
DP00085,12/24/2024,Divya M,Bengaluru,Bike,Full-time,3.79,Y
DP10959,12/28/2024,Meena C,Delhi,Scooter,Part-time,4.57,Y
DP12438,12/29/2024,Shreya N,Delhi,Scooter,Part-time,4.21,N
DP13489,12/14/2024,Amit Z,Mumbai,Bike,Full-time,4.31,Y
DP14978,12/26/2024,Nikhil H,Mumbai,Cycle,Part-time,4.33,Y
DP01234,12/29/2024,Priya I,Kolkata,Cycle,Part-time,4.5,Y
DP03798,12/19/2024,Amit F,Mumbai,Scooter,Contract,4.55,N
DP01834,12/27/2024,Suresh F,Hyderabad,Cycle,Full-time,4.66,Y
DP08676,12/11/2024,Ananya C,Mumbai,Bike,Part-time,4.39,Y
DP13664,12/13/2024,Pooja L,Mumbai,Cycle,Contract,4.68,Y
DP08701,12/28/2024,Pooja H,Mumbai,Cycle,Part-time,4.36,Y
DP04363,12/31/2024,Divya S,Bengaluru,Scooter,Part-time,4.06,Y
DP14287,12/30/2024,Nikhil R,Mumbai,Scooter,Full-time,4.08,Y
DP05231,12/31/2024,Arjun L,Hyderabad,Scooter,Part-time,4.13,Y
DP07924,12/23/2024,Santosh J,Hyderabad,Bike,Full-time,3.78,N
DP13082,12/30/2024,Vikas E,Bengaluru,Bike,Part-time,4.28,Y
DP11926,12/26/2024,Deepak Y,Kolkata,Bike,Contract,3.74,Y
DP03021,12/29/2024,Amit U,Kolkata,Bike,Contract,3.8,Y
DP10465,12/18/2024,Meena I,Hyderabad,Car,Part-time,4.46,Y
DP07370,1/3/2025,Meena Y,Kolkata,Scooter,Full-time,4.27,Y
DP00343,1/5/2025,Sneha A,Delhi,Cycle,Full-time,4.07,Y
DP09992,1/4/2025,Amit C,Hyderabad,Cycle,Full-time,4.55,N
DP10718,12/23/2024,Manoj H,Hyderabad,Cycle,Contract,4.1,Y
DP01333,12/11/2024,Deepak X,Ahmedabad,Bike,Part-time,4.37,Y
DP03051,12/21/2024,Neha O,Kolkata,Car,Full-time,3.96,Y
DP10396,1/5/2025,Meena R,Ahmedabad,Scooter,Part-time,4.21,Y
DP02103,12/6/2024,Suresh D,Kolkata,Car,Full-time,4.25,Y
DP10906,12/27/2024,Meena M,Chennai,Scooter,Full-time,3.96,Y
DP08721,12/31/2024,Rakesh O,Mumbai,Scooter,Part-time,4.46,Y
DP10813,12/27/2024,Ravi W,Chennai,Scooter,Full-time,4.3,Y
DP00635,12/16/2024,Divya M,Delhi,Bike,Contract,4.07,Y
DP03502,12/19/2024,Shreya N,Hyderabad,Cycle,Part-time,4.35,Y
DP12970,12/10/2024,Vikas W,Kolkata,Bike,Full-time,4.28,Y
DP00246,12/26/2024,Deepak O,Chennai,Scooter,Part-time,4.47,Y
DP13534,12/12/2024,Neha J,Pune,Scooter,Full-time,3.94,N
DP14442,1/2/2025,Rahul R,Delhi,Cycle,Full-time,4.27,Y
DP00471,12/17/2024,Rahul M,Mumbai,Scooter,Part-time,3.84,Y
DP08779,12/25/2024,Santosh X,Delhi,Bike,Full-time,3.36,Y
DP06258,1/5/2025,Priya L,Mumbai,Scooter,Full-time,4.39,Y
DP09154,12/22/2024,Arjun E,Bengaluru,Bike,Full-time,3.88,Y
DP05376,12/2/2024,Divya C,Bengaluru,Bike,Full-time,4.54,Y
DP09271,12/30/2024,Ravi W,Delhi,Bike,Full-time,4.16,Y
DP09972,12/27/2024,Neha C,Pune,Bike,Contract,4.22,Y
DP14556,12/21/2024,Ananya E,Chennai,Bike,Part-time,3.68,Y
DP02884,1/3/2025,Meena H,Delhi,Bike,Full-time,4.27,Y
DP14437,1/1/2025,Rahul X,Bengaluru,Bike,Part-time,3.88,Y
DP05380,1/1/2025,Santosh C,Hyderabad,Cycle,Part-time,4.71,Y
DP03872,11/28/2024,Manoj D,Ahmedabad,Bike,Contract,3.9,Y
DP13633,1/18/2025,Neha P,Bengaluru,Bike,Part-time,4.31,N
DP02720,12/14/2024,Arjun S,Bengaluru,Scooter,Full-time,4.13,Y
DP14028,12/7/2024,Rakesh V,Bengaluru,Bike,Full-time,3.82,N
DP10279,12/3/2024,Rakesh K,Bengaluru,Bike,Contract,4.06,Y
DP10264,1/3/2025,Arjun Q,Chennai,Bike,Contract,3.6,Y
DP03198,12/7/2024,Pooja Y,Chennai,Scooter,Part-time,3.89,Y
DP11253,12/26/2024,Arjun G,Bengaluru,Scooter,Full-time,4.35,Y
DP09805,12/22/2024,Ravi U,Ahmedabad,Bike,Full-time,4.68,N
DP04618,1/1/2025,Santosh F,Delhi,Bike,Full-time,4.21,Y
DP03947,12/14/2024,Nikhil H,Bengaluru,Car,Contract,3.9,Y
DP10187,12/25/2024,Vikas T,Mumbai,Scooter,Part-time,4.57,Y
DP02744,12/24/2024,Arjun M,Bengaluru,Car,Full-time,4.33,Y
DP07582,12/20/2024,Suresh M,Mumbai,Bike,Full-time,4.06,Y
DP08327,12/29/2024,Divya S,Mumbai,Car,Part-time,4.23,Y
DP05724,12/20/2024,Rahul R,Chennai,Scooter,Part-time,4.13,Y
DP10769,12/4/2024,Rakesh U,Delhi,Scooter,Contract,3.9,Y
DP00064,12/31/2024,Meena Z,Bengaluru,Bike,Part-time,4.93,N
DP10162,12/29/2024,Arjun Q,Pune,Scooter,Full-time,3.73,Y
DP01919,12/19/2024,Sneha X,Kolkata,Bike,Contract,4.19,Y
DP13888,12/28/2024,Divya C,Bengaluru,Bike,Contract,4.44,Y
DP10952,12/27/2024,Deepak G,Kolkata,Scooter,Full-time,4.19,Y
DP11466,12/25/2024,Ravi I,Delhi,Scooter,Part-time,3.76,Y
DP12904,12/25/2024,Vikas N,Pune,Scooter,Part-time,4.37,Y
DP00642,1/4/2025,Kiran E,Ahmedabad,Cycle,Full-time,4.56,Y
DP06489,1/3/2025,Ananya C,Ahmedabad,Bike,Contract,3.83,Y
DP10583,12/20/2024,Deepak Q,Delhi,Scooter,Full-time,3.81,Y
DP02237,12/17/2024,Nikhil D,Bengaluru,Scooter,Contract,4.56,Y
DP05128,1/2/2025,Ananya O,Kolkata,Scooter,Full-time,4.13,Y
DP00537,12/27/2024,Rakesh K,Pune,Bike,Full-time,4.35,Y
DP10201,12/27/2024,Rahul M,Chennai,Car,Contract,4.61,Y
DP06790,12/23/2024,Deepak E,Bengaluru,Cycle,Full-time,4.07,Y
DP03346,1/2/2025,Vikas S,Delhi,Cycle,Contract,4.37,Y
DP10777,12/26/2024,Kiran C,Bengaluru,Bike,Contract,3.88,Y
DP14548,1/4/2025,Pooja R,Bengaluru,Bike,Part-time,4,N
DP03942,12/7/2024,Nikhil B,Hyderabad,Bike,Part-time,4.3,Y
DP09006,1/4/2025,Priya G,Mumbai,Bike,Part-time,3.76,Y
DP00126,1/2/2025,Nikhil H,Bengaluru,Scooter,Part-time,4.1,Y
DP03391,12/17/2024,Shreya O,Delhi,Scooter,Full-time,4.45,Y
DP00793,12/10/2024,Santosh D,Chennai,Scooter,Contract,4.06,Y
DP10785,2/26/2025,Meena I,Kolkata,Scooter,Full-time,4.37,Y
DP13973,1/7/2025,Priya C,Pune,Scooter,Contract,4.32,Y
DP10366,12/29/2024,Priya W,Bengaluru,Scooter,Contract,4.06,Y
DP14346,12/29/2024,Arjun E,Ahmedabad,Bike,Full-time,4.24,Y
DP10950,12/28/2024,Manoj T,Chennai,Scooter,Full-time,4.53,Y
DP12952,12/2/2024,Shreya F,Bengaluru,Scooter,Full-time,4.25,Y
DP11963,1/3/2025,Ravi R,Mumbai,Bike,Part-time,3.77,Y
DP14229,12/29/2024,Kiran Z,Hyderabad,Cycle,Full-time,4.25,Y
DP07306,1/1/2025,Santosh U,Ahmedabad,Bike,Part-time,3.9,Y
DP12816,12/1/2024,Ananya D,Bengaluru,Scooter,Full-time,4.27,N
DP09832,12/25/2024,Suresh U,Pune,Bike,Full-time,4.32,Y
DP09279,11/28/2024,Amit T,Bengaluru,Bike,Part-time,4.1,Y
DP09170,12/24/2024,Priya R,Mumbai,Bike,Contract,4.52,Y
DP12734,1/5/2025,Pooja O,Bengaluru,Bike,Full-time,4.37,Y
DP13670,12/30/2024,Santosh M,Ahmedabad,Scooter,Part-time,4.68,Y
DP12055,1/2/2025,Amit N,Kolkata,Cycle,Contract,4.18,Y
DP03590,11/24/2024,Priya R,Mumbai,Car,Part-time,4.13,Y
DP01073,1/1/2025,Deepak F,Bengaluru,Scooter,Part-time,4.12,Y
DP01304,1/1/2025,Vikas I,Delhi,Scooter,Full-time,4.2,Y
DP09762,11/26/2024,Vikas V,Kolkata,Bike,Contract,3.79,N
DP02649,12/30/2024,Vikas L,Chennai,Scooter,Part-time,4.29,Y
DP04424,12/14/2024,Vikas I,Kolkata,Bike,Contract,4.4,Y
DP12833,12/27/2024,Shreya D,Bengaluru,Scooter,Full-time,4.16,Y
DP07469,12/22/2024,Ananya C,Mumbai,Bike,Part-time,4.22,Y
DP04661,12/26/2024,Rahul X,Bengaluru,Bike,Full-time,4.1,Y
DP07062,12/31/2024,Kiran G,Delhi,Bike,Contract,4.73,Y
DP08567,12/10/2024,Amit I,Mumbai,Scooter,Full-time,4.09,Y
DP03062,12/29/2024,Manoj F,Bengaluru,Bike,Contract,4.2,Y
DP09544,1/4/2025,Manoj A,Pune,Scooter,Part-time,4.25,Y
DP12504,12/29/2024,Rahul O,Chennai,Cycle,Full-time,4.14,Y
DP06151,12/28/2024,Arjun L,Bengaluru,Bike,Part-time,4.01,Y
DP12189,12/5/2024,Kiran U,Hyderabad,Bike,Part-time,3.67,N
DP07198,1/2/2025,Rahul R,Ahmedabad,Scooter,Part-time,4.28,Y
DP14327,1/1/2025,Shreya Y,Bengaluru,Scooter,Part-time,4.38,Y
DP05934,12/29/2024,Vikas B,Delhi,Car,Full-time,3.84,Y
DP03549,1/3/2025,Pooja G,Mumbai,Scooter,Part-time,3.89,Y
DP06467,12/25/2024,Shreya X,Hyderabad,Scooter,Part-time,4.1,Y
DP03857,12/25/2024,Ravi C,Kolkata,Scooter,Contract,4.53,Y
DP03495,12/22/2024,Divya M,Hyderabad,Cycle,Full-time,4.03,Y
DP10310,12/31/2024,Rakesh S,Chennai,Bike,Part-time,4.13,Y
DP00166,12/15/2024,Deepak N,Mumbai,Bike,Full-time,4.52,Y
DP12431,12/27/2024,Deepak H,Chennai,Scooter,Contract,3.99,N
DP03865,12/19/2024,Suresh N,Bengaluru,Scooter,Full-time,4.14,Y
DP06060,12/26/2024,Ravi V,Ahmedabad,Scooter,Full-time,4.61,Y
DP10105,1/2/2025,Priya K,Mumbai,Bike,Part-time,4.45,Y
DP01246,12/28/2024,Santosh J,Bengaluru,Scooter,Full-time,4.57,Y
DP00384,12/31/2024,Vikas T,Bengaluru,Bike,Contract,4.49,Y
DP01728,12/25/2024,Sneha F,Kolkata,Car,Full-time,3.8,Y
DP09422,12/17/2024,Priya L,Mumbai,Bike,Part-time,4.3,Y
DP11457,12/29/2024,Sneha O,Mumbai,Scooter,Full-time,4.36,Y
DP13462,12/30/2024,Arjun P,Bengaluru,Scooter,Contract,3.8,Y
DP02961,12/30/2024,Rahul Z,Bengaluru,Bike,Contract,4.17,Y
DP11827,1/23/2025,Priya T,Bengaluru,Scooter,Contract,4.07,Y
DP14234,12/16/2024,Shreya F,Hyderabad,Cycle,Part-time,3.9,Y
DP06438,12/30/2024,Meena P,Delhi,Bike,Part-time,4.38,Y
DP10008,1/4/2025,Shreya H,Bengaluru,Bike,Part-time,4.04,Y
DP07162,2/18/2025,Rahul N,Ahmedabad,Bike,Full-time,4.75,Y
DP14685,12/26/2024,Divya X,Kolkata,Bike,Contract,3.7,Y
DP05587,12/19/2024,Neha O,Ahmedabad,Cycle,Full-time,4.56,Y
DP12154,12/22/2024,Shreya D,Chennai,Bike,Part-time,4.39,Y
DP08122,12/19/2024,Kiran H,Kolkata,Scooter,Contract,4.19,Y
DP10004,12/25/2024,Kiran I,Ahmedabad,Scooter,Full-time,4.42,Y
DP02264,12/24/2024,Ravi J,Hyderabad,Cycle,Full-time,4.37,Y
DP07724,12/31/2024,Kiran P,Mumbai,Scooter,Part-time,3.55,Y
DP08711,12/22/2024,Rahul W,Hyderabad,Bike,Full-time,4.27,Y
DP13280,12/30/2024,Amit I,Delhi,Scooter,Full-time,4.05,Y
DP01482,1/3/2025,Divya P,Bengaluru,Scooter,Full-time,3.62,Y
DP13907,12/16/2024,Kiran B,Chennai,Bike,Full-time,4.5,Y
DP01747,12/16/2024,Amit W,Ahmedabad,Cycle,Contract,4,Y
DP05466,12/28/2024,Meena R,Bengaluru,Scooter,Full-time,4.12,Y
DP09500,12/21/2024,Amit R,Bengaluru,Scooter,Contract,4.2,Y
DP14752,12/23/2024,Pooja A,Bengaluru,Bike,Full-time,4.08,Y
DP00973,12/18/2024,Ananya B,Pune,Bike,Part-time,4.14,Y
DP02019,1/14/2025,Santosh Y,Bengaluru,Bike,Full-time,4.21,Y
DP05750,12/25/2024,Manoj F,Mumbai,Bike,Contract,4,Y
DP00204,12/28/2024,Meena V,Bengaluru,Bike,Full-time,4.08,Y
DP08076,1/4/2025,Meena P,Bengaluru,Bike,Part-time,4.07,Y
DP07853,12/28/2024,Meena N,Bengaluru,Scooter,Full-time,4.14,Y
DP03844,12/28/2024,Pooja H,Mumbai,Bike,Part-time,4.21,N
DP01871,12/23/2024,Neha Y,Kolkata,Scooter,Full-time,4.18,Y
DP05301,12/29/2024,Manoj B,Mumbai,Car,Part-time,4.17,Y
DP14962,12/7/2024,Meena Y,Chennai,Bike,Contract,4.28,Y
DP09090,12/23/2024,Nikhil M,Bengaluru,Cycle,Part-time,4.18,Y
DP09551,12/25/2024,Meena L,Bengaluru,Scooter,Part-time,4.37,Y
DP14078,1/3/2025,Ravi B,Hyderabad,Scooter,Part-time,4.4,Y
DP08787,1/1/2025,Divya R,Delhi,Bike,Contract,3.66,Y
DP06112,12/22/2024,Neha M,Bengaluru,Bike,Full-time,5,Y
DP05168,12/16/2024,Pooja R,Mumbai,Car,Full-time,4.35,Y
DP02377,12/10/2024,Santosh L,Mumbai,Scooter,Full-time,4.46,Y
DP01350,12/29/2024,Kiran Z,Hyderabad,Cycle,Part-time,4.9,Y
DP11468,12/21/2024,Neha Y,Delhi,Bike,Part-time,4.12,Y
DP03494,1/13/2025,Rakesh D,Mumbai,Scooter,Contract,3.62,Y
DP12846,12/8/2024,Neha O,Ahmedabad,Scooter,Full-time,3.64,Y
DP14286,12/28/2024,Vikas N,Ahmedabad,Scooter,Full-time,4.23,Y
DP04150,1/8/2025,Santosh W,Hyderabad,Cycle,Full-time,3.92,Y
DP09689,1/5/2025,Kiran Q,Hyderabad,Bike,Contract,4.54,Y
DP10186,12/31/2024,Nikhil B,Chennai,Bike,Part-time,3.23,Y
DP00208,12/25/2024,Rahul C,Hyderabad,Bike,Full-time,4.47,Y
DP14735,12/25/2024,Sneha H,Chennai,Bike,Part-time,4.3,Y
DP06523,12/27/2024,Kiran C,Bengaluru,Scooter,Part-time,4.45,Y
DP02808,1/4/2025,Manoj E,Hyderabad,Bike,Full-time,3.54,N
DP14910,1/1/2025,Meena J,Kolkata,Bike,Full-time,4.51,Y
DP03351,12/3/2024,Rahul B,Pune,Bike,Full-time,4.19,Y
DP10003,12/22/2024,Manoj I,Delhi,Cycle,Full-time,3.73,Y
DP12224,12/26/2024,Santosh T,Ahmedabad,Bike,Contract,4.18,Y
DP13752,12/29/2024,Pooja E,Bengaluru,Scooter,Contract,4.91,Y
DP11229,12/24/2024,Nikhil Z,Mumbai,Scooter,Contract,4.29,Y
DP10291,12/16/2024,Manoj P,Mumbai,Scooter,Full-time,4.11,Y
DP05111,1/3/2025,Arjun G,Delhi,Cycle,Full-time,4.81,Y
DP05955,12/2/2024,Meena Z,Delhi,Bike,Part-time,4.09,Y
DP00082,1/3/2025,Divya L,Delhi,Bike,Part-time,4.53,Y
DP10219,1/1/2025,Ananya X,Kolkata,Bike,Part-time,3.93,N
DP04776,12/19/2024,Priya I,Hyderabad,Bike,Contract,3.96,N
DP11925,1/21/2025,Meena O,Kolkata,Bike,Full-time,4.24,Y
DP13209,12/27/2024,Sneha P,Delhi,Bike,Contract,4.43,Y
DP03282,12/23/2024,Meena U,Pune,Scooter,Contract,4.9,Y
DP02732,1/4/2025,Sneha T,Bengaluru,Bike,Full-time,4.5,Y
DP01917,1/5/2025,Arjun H,Pune,Scooter,Full-time,4.23,Y
DP03357,2/2/2025,Pooja W,Ahmedabad,Scooter,Full-time,4.46,Y
DP11776,12/18/2024,Suresh X,Hyderabad,Scooter,Full-time,3.64,Y
DP13494,12/23/2024,Shreya H,Hyderabad,Car,Full-time,4.06,Y
DP06918,12/19/2024,Sneha X,Ahmedabad,Bike,Full-time,4.68,Y
DP00993,12/23/2024,Deepak L,Delhi,Scooter,Full-time,4.09,Y
DP03382,1/3/2025,Shreya B,Hyderabad,Scooter,Full-time,4.1,Y
DP13467,12/30/2024,Rakesh Y,Chennai,Cycle,Part-time,4.32,N
DP10398,12/27/2024,Rahul C,Kolkata,Scooter,Part-time,4.17,Y
DP08703,12/29/2024,Deepak B,Chennai,Scooter,Part-time,3.86,Y
DP12341,12/27/2024,Pooja C,Bengaluru,Scooter,Full-time,4.27,Y
DP10643,12/6/2024,Ananya M,Bengaluru,Bike,Part-time,4.01,N
DP02837,1/4/2025,Amit T,Hyderabad,Bike,Full-time,4.18,Y
DP00917,12/31/2024,Vikas P,Kolkata,Bike,Full-time,4.37,Y
DP11762,1/3/2025,Pooja Y,Mumbai,Scooter,Full-time,4.4,Y
DP01930,1/5/2025,Rahul E,Bengaluru,Car,Full-time,4.27,Y
DP07848,12/22/2024,Divya T,Delhi,Cycle,Full-time,4.18,Y
DP03609,12/16/2024,Amit Q,Kolkata,Cycle,Part-time,3.98,Y
DP07533,12/28/2024,Neha R,Hyderabad,Scooter,Full-time,4.46,Y
DP07761,12/5/2024,Ravi L,Chennai,Bike,Part-time,4.38,Y
DP05977,11/28/2024,Sneha G,Bengaluru,Bike,Contract,4.39,Y
DP13816,12/22/2024,Amit N,Bengaluru,Bike,Contract,4.17,Y
DP08286,1/1/2025,Manoj F,Delhi,Bike,Full-time,4.51,Y
DP11897,12/1/2024,Kiran G,Bengaluru,Scooter,Full-time,4.17,Y
DP10832,11/20/2024,Priya A,Bengaluru,Bike,Full-time,4.05,N
DP11689,12/26/2024,Arjun G,Kolkata,Scooter,Contract,4.38,Y
DP05588,12/21/2024,Santosh X,Mumbai,Scooter,Full-time,4.1,N
DP07126,12/31/2024,Vikas J,Ahmedabad,Scooter,Contract,4.33,Y
DP11288,12/25/2024,Meena M,Mumbai,Scooter,Contract,4,N
DP10243,12/18/2024,Kiran E,Bengaluru,Scooter,Full-time,4.46,N
DP10766,12/11/2024,Suresh K,Bengaluru,Scooter,Contract,4.15,N
DP02504,12/31/2024,Suresh X,Hyderabad,Bike,Full-time,4.22,N
DP05444,12/9/2024,Rahul S,Delhi,Bike,Full-time,4.02,N
DP05956,1/5/2025,Nikhil H,Pune,Scooter,Part-time,4.06,N
DP11476,12/29/2024,Manoj W,Hyderabad,Car,Full-time,4.26,Y
DP12244,12/27/2024,Meena R,Delhi,Bike,Contract,4.51,Y
DP00997,1/3/2025,Amit B,Hyderabad,Cycle,Contract,4.16,Y
DP10753,1/1/2025,Ananya K,Mumbai,Scooter,Part-time,4.01,Y
DP06877,12/31/2024,Arjun E,Chennai,Bike,Full-time,4.38,Y
DP14819,12/18/2024,Vikas N,Delhi,Scooter,Part-time,4.42,Y
DP12874,12/28/2024,Pooja M,Bengaluru,Scooter,Full-time,4.37,Y
DP13697,12/22/2024,Vikas L,Bengaluru,Bike,Contract,3.97,Y
DP14603,1/1/2025,Ananya U,Chennai,Bike,Full-time,4.38,Y
DP03725,12/27/2024,Nikhil H,Kolkata,Car,Full-time,4.45,N
DP04828,12/29/2024,Suresh P,Ahmedabad,Cycle,Part-time,4.16,Y
DP11059,1/14/2025,Priya I,Bengaluru,Bike,Full-time,3.96,Y
DP05490,12/20/2024,Neha E,Mumbai,Scooter,Contract,4.13,Y
DP12839,12/10/2024,Sneha O,Kolkata,Bike,Contract,4.24,Y
DP14016,12/28/2024,Rahul N,Ahmedabad,Cycle,Part-time,3.65,Y
DP02268,12/30/2024,Pooja E,Hyderabad,Bike,Contract,4.03,Y
DP08312,12/31/2024,Shreya M,Hyderabad,Car,Contract,3.88,Y
DP00773,12/8/2024,Vikas E,Kolkata,Scooter,Full-time,4.03,Y
DP13970,1/3/2025,Priya Q,Hyderabad,Bike,Full-time,4.72,Y
DP09325,12/24/2024,Suresh V,Bengaluru,Scooter,Full-time,4.19,Y
DP03335,12/29/2024,Shreya V,Bengaluru,Bike,Contract,4.06,Y
DP13486,1/4/2025,Vikas K,Bengaluru,Cycle,Full-time,4.23,Y
DP04292,12/19/2024,Rahul S,Delhi,Scooter,Full-time,3.94,Y
DP14046,12/19/2024,Ananya Q,Chennai,Scooter,Part-time,4.16,Y
DP02181,12/24/2024,Neha K,Chennai,Bike,Full-time,3.76,Y
DP03093,12/26/2024,Ananya O,Chennai,Bike,Part-time,4.2,Y
DP09375,12/24/2024,Ravi G,Bengaluru,Bike,Part-time,4.52,Y
DP03217,1/3/2025,Ravi G,Bengaluru,Bike,Part-time,3.63,Y
DP13443,12/23/2024,Nikhil S,Bengaluru,Cycle,Contract,4.38,Y
DP11196,12/20/2024,Nikhil C,Bengaluru,Cycle,Full-time,4.2,Y
DP08607,12/24/2024,Divya I,Hyderabad,Scooter,Full-time,4.06,Y
DP07840,12/25/2024,Meena Q,Chennai,Bike,Full-time,4.98,Y
DP05543,12/12/2024,Kiran S,Chennai,Scooter,Part-time,4.34,Y
DP10960,12/29/2024,Sneha J,Kolkata,Scooter,Full-time,4.1,Y
DP07678,12/3/2024,Priya G,Mumbai,Cycle,Part-time,4.48,Y
DP12591,12/2/2024,Arjun T,Kolkata,Scooter,Full-time,4.36,Y
DP05806,12/29/2024,Rahul B,Chennai,Bike,Full-time,4.04,Y
DP01120,12/30/2024,Santosh S,Ahmedabad,Car,Full-time,4.03,Y
DP10507,12/27/2024,Shreya V,Mumbai,Scooter,Full-time,4.3,Y
DP04840,12/24/2024,Kiran N,Hyderabad,Scooter,Contract,4.15,Y
DP13524,12/24/2024,Deepak J,Kolkata,Bike,Full-time,4.6,Y
DP14220,1/1/2025,Suresh O,Mumbai,Bike,Full-time,4.07,Y
DP09663,1/1/2025,Ravi V,Kolkata,Scooter,Contract,4.39,Y
DP10498,12/27/2024,Manoj P,Bengaluru,Scooter,Contract,4.25,Y
DP08660,12/29/2024,Priya C,Delhi,Bike,Full-time,4.86,Y
DP01683,12/31/2024,Rahul M,Bengaluru,Bike,Full-time,4.16,Y
DP11178,12/22/2024,Neha R,Bengaluru,Scooter,Full-time,4.35,N
DP11408,12/10/2024,Kiran Q,Bengaluru,Scooter,Part-time,3.84,Y
DP04201,1/1/2025,Amit U,Ahmedabad,Bike,Contract,4.32,Y
DP02434,11/24/2024,Priya Y,Bengaluru,Scooter,Part-time,4.57,Y
DP08857,1/3/2025,Manoj R,Bengaluru,Bike,Part-time,4.29,N
DP03528,12/30/2024,Sneha K,Mumbai,Scooter,Full-time,4.22,Y
DP04283,1/25/2025,Ananya H,Delhi,Cycle,Contract,3.84,N
DP05933,12/20/2024,Pooja K,Bengaluru,Scooter,Full-time,3.66,Y
DP09268,1/2/2025,Pooja V,Chennai,Bike,Contract,4.06,Y
DP09895,12/25/2024,Nikhil N,Mumbai,Bike,Full-time,4.3,Y
DP09102,1/1/2025,Arjun F,Mumbai,Scooter,Contract,4.2,Y
DP08050,12/15/2024,Amit W,Mumbai,Scooter,Full-time,3.97,N
DP11276,12/28/2024,Rakesh S,Chennai,Bike,Full-time,4.31,Y
DP06087,1/1/2025,Shreya K,Chennai,Scooter,Full-time,3.85,Y
DP06044,12/31/2024,Sneha B,Pune,Bike,Contract,4.03,Y
DP03534,12/7/2024,Arjun H,Mumbai,Cycle,Contract,3.94,Y
DP13228,1/5/2025,Ravi L,Hyderabad,Bike,Full-time,4.33,Y
DP08190,12/31/2024,Rahul L,Bengaluru,Scooter,Full-time,4.11,Y
DP14536,1/4/2025,Santosh C,Kolkata,Cycle,Part-time,4.51,N
DP03130,12/25/2024,Neha R,Hyderabad,Bike,Contract,4.13,Y
DP13074,12/27/2024,Suresh I,Bengaluru,Scooter,Part-time,4.25,Y
DP09119,1/2/2025,Rakesh Q,Hyderabad,Bike,Full-time,4.16,Y
DP04582,12/29/2024,Santosh M,Kolkata,Scooter,Full-time,4.22,Y
DP01163,12/3/2024,Deepak H,Bengaluru,Bike,Full-time,3.76,Y
DP14339,12/8/2024,Amit V,Delhi,Scooter,Full-time,4.12,Y
DP09321,12/14/2024,Ravi G,Ahmedabad,Car,Part-time,4.03,Y
DP04822,1/3/2025,Divya Y,Mumbai,Bike,Contract,3.58,Y
DP02062,12/6/2024,Manoj Q,Bengaluru,Scooter,Full-time,4.74,Y
DP13555,12/30/2024,Deepak C,Delhi,Scooter,Full-time,3.69,Y
DP05306,12/17/2024,Arjun Z,Pune,Scooter,Part-time,4.17,Y
DP06203,1/2/2025,Ananya I,Ahmedabad,Scooter,Part-time,4.67,Y
DP08625,12/29/2024,Rakesh N,Mumbai,Cycle,Full-time,4.1,Y
DP06771,1/2/2025,Kiran R,Delhi,Scooter,Full-time,3.97,Y
DP02501,12/30/2024,Santosh T,Bengaluru,Bike,Full-time,4.52,Y
DP07912,11/21/2024,Rahul J,Pune,Cycle,Full-time,4.44,N
DP13165,12/17/2024,Arjun R,Bengaluru,Scooter,Contract,3.95,Y
DP14573,12/16/2024,Kiran Y,Kolkata,Bike,Contract,3.68,Y
DP04339,1/18/2025,Arjun X,Kolkata,Bike,Full-time,4.81,Y
DP11366,12/26/2024,Amit U,Kolkata,Bike,Contract,3.93,Y
DP06070,12/27/2024,Kiran R,Mumbai,Bike,Full-time,3.87,Y
DP06145,12/28/2024,Pooja L,Kolkata,Scooter,Part-time,4.24,Y
DP14204,12/30/2024,Pooja O,Kolkata,Scooter,Full-time,3.69,Y
DP06688,12/22/2024,Ananya Q,Hyderabad,Bike,Full-time,3.63,Y
DP11070,1/3/2025,Santosh D,Mumbai,Scooter,Full-time,4.22,Y
DP11101,12/8/2024,Ravi B,Pune,Scooter,Full-time,4.52,Y
DP13029,12/20/2024,Rakesh I,Delhi,Bike,Part-time,4,Y
DP01600,12/29/2024,Santosh A,Ahmedabad,Car,Full-time,4.09,N
DP00756,12/20/2024,Shreya D,Bengaluru,Bike,Full-time,3.98,N
DP07987,11/29/2024,Priya L,Bengaluru,Cycle,Part-time,4.06,N
DP00932,12/15/2024,Neha Y,Delhi,Cycle,Full-time,3.75,Y
DP14432,12/3/2024,Vikas Y,Delhi,Scooter,Contract,4.08,Y
DP14625,12/11/2024,Neha B,Bengaluru,Bike,Part-time,4.2,Y
DP14213,1/1/2025,Santosh G,Delhi,Cycle,Part-time,3.97,Y
DP14539,12/27/2024,Amit U,Bengaluru,Bike,Part-time,4.04,Y
DP10311,12/27/2024,Shreya E,Ahmedabad,Cycle,Full-time,4.53,Y
DP08751,12/30/2024,Suresh L,Pune,Bike,Full-time,4.28,Y
DP03863,1/2/2025,Nikhil W,Delhi,Scooter,Contract,4.92,Y
DP06234,12/8/2024,Suresh R,Hyderabad,Bike,Contract,4.63,Y
DP02584,1/17/2025,Pooja C,Bengaluru,Cycle,Contract,4,Y
DP06011,12/28/2024,Nikhil R,Chennai,Cycle,Part-time,4.68,Y
DP09016,3/2/2025,Manoj Z,Bengaluru,Bike,Part-time,4.15,N
DP08214,12/28/2024,Amit C,Kolkata,Bike,Full-time,4.14,Y
DP11966,11/28/2024,Neha H,Hyderabad,Bike,Part-time,3.98,Y
DP10926,12/28/2024,Deepak J,Mumbai,Bike,Contract,4.01,Y
DP09948,12/26/2024,Sneha K,Bengaluru,Bike,Full-time,3.93,Y
DP03905,12/25/2024,Manoj P,Mumbai,Scooter,Full-time,4.01,N
DP14911,1/1/2025,Neha H,Chennai,Cycle,Part-time,4.55,N
DP12283,2/23/2025,Shreya T,Bengaluru,Bike,Contract,3.78,Y
DP02767,12/28/2024,Sneha R,Mumbai,Bike,Full-time,4.13,N
DP08766,12/11/2024,Nikhil G,Bengaluru,Bike,Part-time,4.16,N
DP02102,12/9/2024,Neha Q,Bengaluru,Scooter,Part-time,4.35,Y
DP12141,12/24/2024,Divya T,Ahmedabad,Scooter,Full-time,4.14,Y
DP01545,1/1/2025,Pooja P,Bengaluru,Cycle,Full-time,4.39,Y
DP03413,12/25/2024,Shreya S,Bengaluru,Bike,Full-time,3.95,Y
DP03133,1/1/2025,Priya C,Bengaluru,Cycle,Full-time,4.25,Y
DP11339,1/4/2025,Divya W,Bengaluru,Bike,Full-time,4.79,Y
DP10894,12/8/2024,Ravi M,Pune,Scooter,Part-time,3.77,Y
DP05194,12/28/2024,Arjun V,Pune,Scooter,Part-time,4.33,Y
DP00847,12/22/2024,Rakesh K,Bengaluru,Scooter,Full-time,4.43,Y
DP08224,1/3/2025,Kiran P,Bengaluru,Bike,Part-time,4.11,Y
DP02253,12/18/2024,Arjun W,Bengaluru,Car,Full-time,4.65,Y
DP12116,12/23/2024,Neha I,Delhi,Cycle,Contract,4.17,Y
DP09014,1/2/2025,Ravi X,Bengaluru,Scooter,Full-time,3.57,Y
DP08002,12/31/2024,Amit K,Chennai,Scooter,Full-time,4.17,Y
DP12357,12/12/2024,Nikhil L,Bengaluru,Scooter,Contract,4.42,Y
DP09024,12/19/2024,Sneha C,Bengaluru,Scooter,Contract,4.48,Y
DP09703,12/30/2024,Santosh Z,Pune,Scooter,Contract,3.94,N
DP03487,12/25/2024,Ananya U,Delhi,Bike,Full-time,4.46,N
DP14814,12/26/2024,Nikhil Y,Kolkata,Scooter,Full-time,4.08,Y
DP10954,12/24/2024,Ananya W,Mumbai,Bike,Part-time,3.89,Y
DP06478,12/21/2024,Santosh N,Hyderabad,Scooter,Full-time,3.88,Y
DP00625,12/25/2024,Ravi J,Chennai,Scooter,Full-time,3.75,Y
DP14763,12/26/2024,Shreya H,Bengaluru,Scooter,Contract,3.85,Y
DP01635,12/21/2024,Kiran K,Delhi,Scooter,Contract,4.51,N
DP02367,12/22/2024,Priya B,Mumbai,Scooter,Part-time,4.2,Y
DP11641,12/30/2024,Ravi O,Bengaluru,Car,Full-time,3.89,N
DP05386,12/25/2024,Amit I,Mumbai,Bike,Full-time,3.97,Y
DP01310,12/26/2024,Meena S,Bengaluru,Bike,Full-time,3.66,Y
DP06455,2/1/2025,Rakesh Y,Hyderabad,Scooter,Full-time,4.21,Y
DP01990,12/30/2024,Nikhil H,Chennai,Bike,Part-time,4.16,Y
DP14848,12/31/2024,Ananya A,Hyderabad,Scooter,Full-time,3.88,N
DP07266,12/23/2024,Nikhil A,Mumbai,Bike,Contract,4.57,Y
DP04505,1/1/2025,Meena I,Bengaluru,Bike,Full-time,4.28,Y
DP08094,12/29/2024,Suresh K,Kolkata,Scooter,Full-time,4.35,Y
DP10461,12/22/2024,Santosh Z,Delhi,Scooter,Contract,4.47,Y
DP01207,12/25/2024,Neha K,Delhi,Bike,Full-time,4.33,Y
DP09435,12/22/2024,Vikas Z,Hyderabad,Scooter,Part-time,4.12,Y
DP01863,12/29/2024,Ravi B,Bengaluru,Bike,Full-time,4.12,Y
DP01244,12/16/2024,Ravi S,Pune,Scooter,Full-time,4.04,Y
DP03767,1/1/2025,Ravi S,Mumbai,Scooter,Contract,4.19,Y
DP00480,1/16/2025,Rakesh K,Mumbai,Bike,Part-time,4.36,Y
DP11951,1/1/2025,Santosh Y,Delhi,Scooter,Part-time,4.37,Y
DP12948,12/26/2024,Ananya B,Mumbai,Cycle,Full-time,3.96,N
DP05028,12/29/2024,Divya Z,Chennai,Scooter,Contract,4.11,Y
DP10303,12/21/2024,Shreya R,Ahmedabad,Scooter,Full-time,4.13,Y
DP11083,12/31/2024,Sneha A,Bengaluru,Bike,Part-time,4.61,Y
DP06187,12/26/2024,Sneha A,Delhi,Bike,Full-time,4.7,Y
DP14127,12/29/2024,Sneha U,Mumbai,Bike,Part-time,4.39,Y
DP12290,12/25/2024,Shreya M,Bengaluru,Bike,Part-time,4.08,Y
DP12761,12/16/2024,Arjun W,Chennai,Bike,Full-time,4.01,N
DP09081,12/24/2024,Neha M,Bengaluru,Scooter,Full-time,4.25,Y
DP09342,12/29/2024,Rahul F,Chennai,Scooter,Part-time,3.81,Y
DP02036,12/24/2024,Suresh N,Bengaluru,Cycle,Part-time,4.18,Y
DP05270,1/5/2025,Santosh M,Pune,Bike,Part-time,3.59,Y
DP00249,12/31/2024,Sneha T,Kolkata,Bike,Full-time,4.52,Y
DP00840,12/30/2024,Pooja B,Pune,Scooter,Full-time,3.76,Y
DP10672,12/31/2024,Rakesh Y,Mumbai,Bike,Part-time,4.73,Y
DP06260,1/1/2025,Suresh P,Delhi,Bike,Full-time,4.37,N
DP10441,1/5/2025,Santosh U,Mumbai,Cycle,Full-time,4.44,Y
DP11562,12/21/2024,Vikas M,Pune,Cycle,Full-time,4.06,Y
DP02115,11/28/2024,Sneha R,Kolkata,Bike,Full-time,4.11,Y
DP04780,1/2/2025,Shreya B,Chennai,Cycle,Part-time,4.36,Y
DP01148,1/21/2025,Suresh P,Bengaluru,Bike,Full-time,4.3,N
DP10663,12/17/2024,Meena S,Bengaluru,Scooter,Part-time,4.52,Y
DP03887,12/11/2024,Ravi K,Kolkata,Scooter,Full-time,4.18,Y
DP12889,1/3/2025,Ravi B,Mumbai,Car,Full-time,4.18,Y
DP05300,12/6/2024,Arjun P,Bengaluru,Bike,Full-time,3.48,Y
DP04164,12/22/2024,Priya Y,Hyderabad,Scooter,Full-time,3.69,Y
DP14272,12/11/2024,Pooja N,Chennai,Bike,Full-time,3.86,Y
DP11904,12/3/2024,Deepak L,Bengaluru,Bike,Full-time,4.14,N
DP12129,12/25/2024,Deepak Q,Bengaluru,Bike,Contract,4.4,Y
DP04353,1/1/2025,Santosh P,Mumbai,Cycle,Part-time,4.3,Y
DP14877,12/29/2024,Nikhil Y,Mumbai,Cycle,Full-time,4.02,Y
DP09782,1/4/2025,Ananya K,Delhi,Cycle,Full-time,4.3,Y
DP08042,12/27/2024,Santosh Z,Delhi,Cycle,Full-time,4.24,N
DP08800,1/2/2025,Ravi E,Delhi,Scooter,Contract,3.97,Y
DP14524,12/27/2024,Manoj P,Ahmedabad,Scooter,Part-time,4.12,Y
DP00229,12/17/2024,Rahul O,Bengaluru,Bike,Part-time,3.67,Y
DP14997,12/31/2024,Shreya N,Chennai,Scooter,Part-time,4.31,Y
DP08994,12/23/2024,Meena U,Delhi,Scooter,Full-time,4.31,Y
DP05187,12/30/2024,Suresh V,Delhi,Car,Full-time,4.06,Y
DP03955,12/19/2024,Sneha B,Bengaluru,Cycle,Full-time,3.76,N
DP02602,2/7/2025,Rakesh A,Delhi,Cycle,Part-time,3.99,Y
DP05239,12/30/2024,Santosh P,Bengaluru,Scooter,Part-time,4.21,N
DP01832,11/28/2024,Santosh J,Bengaluru,Bike,Part-time,3.86,Y
DP13471,12/24/2024,Shreya B,Chennai,Scooter,Full-time,4.56,Y
DP14678,12/29/2024,Divya F,Chennai,Scooter,Full-time,4.47,Y
DP00568,12/16/2024,Pooja H,Bengaluru,Scooter,Full-time,4.19,Y
DP03895,1/3/2025,Manoj Z,Mumbai,Bike,Part-time,4.39,N
DP05328,12/26/2024,Deepak V,Bengaluru,Cycle,Part-time,4.19,Y
DP01183,12/22/2024,Manoj D,Pune,Scooter,Contract,3.75,Y
DP00004,12/22/2024,Shreya D,Mumbai,Scooter,Contract,3.93,Y
DP10804,1/3/2025,Arjun E,Bengaluru,Cycle,Full-time,4.49,Y
DP10015,1/1/2025,Sneha A,Pune,Scooter,Part-time,3.8,Y
DP04937,1/3/2025,Rahul X,Mumbai,Cycle,Full-time,4.91,Y
DP09366,12/23/2024,Sneha F,Kolkata,Scooter,Full-time,4.18,N
DP06687,12/28/2024,Manoj H,Bengaluru,Scooter,Contract,4.3,Y
DP08281,1/1/2025,Arjun Z,Mumbai,Bike,Full-time,4.58,N
DP07704,12/23/2024,Rahul X,Bengaluru,Scooter,Part-time,4.4,Y
DP09821,11/19/2024,Nikhil E,Bengaluru,Bike,Part-time,3.84,Y
DP09468,12/23/2024,Priya A,Ahmedabad,Scooter,Full-time,4.17,N
DP13925,12/6/2024,Santosh Q,Bengaluru,Bike,Full-time,4.11,Y
DP11281,12/28/2024,Rahul E,Mumbai,Bike,Full-time,3.84,Y
DP03374,12/29/2024,Manoj H,Chennai,Scooter,Contract,4.39,Y
DP06171,12/30/2024,Ravi P,Hyderabad,Bike,Contract,4.15,Y
DP09272,12/18/2024,Manoj Y,Ahmedabad,Scooter,Full-time,4.02,Y
DP06185,12/18/2024,Priya G,Kolkata,Cycle,Full-time,4.37,Y
DP07114,12/6/2024,Neha J,Ahmedabad,Bike,Full-time,3.93,Y
DP09798,1/5/2025,Rakesh W,Ahmedabad,Scooter,Part-time,3.58,Y
DP02572,12/12/2024,Arjun J,Kolkata,Cycle,Full-time,4.26,Y
DP13258,12/25/2024,Vikas D,Pune,Bike,Full-time,4.62,Y
DP00434,12/24/2024,Amit Q,Delhi,Bike,Part-time,4.26,Y
DP02056,12/21/2024,Amit O,Chennai,Cycle,Contract,3.55,N
DP07435,12/22/2024,Divya A,Chennai,Scooter,Part-time,4.26,Y
DP10084,12/15/2024,Meena K,Hyderabad,Bike,Contract,4.3,Y
DP11209,1/1/2025,Neha A,Chennai,Bike,Contract,4.21,Y
DP06708,12/15/2024,Rakesh X,Delhi,Bike,Full-time,4.43,Y
DP04892,1/2/2025,Meena R,Mumbai,Bike,Part-time,3.74,Y
DP05196,12/30/2024,Sneha K,Pune,Scooter,Part-time,4.3,Y
DP06821,1/3/2025,Shreya Y,Mumbai,Cycle,Contract,4.38,Y
DP01369,1/3/2025,Vikas G,Delhi,Scooter,Full-time,3.29,N
DP08970,12/4/2024,Manoj K,Ahmedabad,Bike,Full-time,3.92,N
DP05810,1/21/2025,Deepak B,Bengaluru,Scooter,Part-time,4.36,Y
DP08292,12/20/2024,Deepak Q,Delhi,Bike,Full-time,3.87,Y
DP13604,12/31/2024,Rahul P,Kolkata,Bike,Full-time,3.85,Y
DP11492,1/3/2025,Amit C,Chennai,Scooter,Full-time,3.81,Y
DP12115,12/29/2024,Divya N,Chennai,Bike,Contract,3.85,Y
DP07147,12/15/2024,Divya P,Delhi,Car,Full-time,4.25,Y
DP07259,12/19/2024,Sneha M,Mumbai,Bike,Full-time,4.28,Y
DP14125,12/22/2024,Shreya R,Hyderabad,Scooter,Full-time,3.93,Y
DP02823,12/5/2024,Pooja H,Mumbai,Bike,Part-time,4.82,Y
DP05861,12/24/2024,Sneha F,Bengaluru,Bike,Part-time,3.83,N
DP14035,12/29/2024,Kiran P,Bengaluru,Cycle,Full-time,4.48,Y
DP11781,12/27/2024,Nikhil E,Pune,Cycle,Part-time,4.61,Y
DP05595,12/16/2024,Suresh C,Hyderabad,Scooter,Full-time,4.27,Y
DP12705,2/5/2025,Sneha S,Bengaluru,Scooter,Part-time,4.05,Y
DP05118,12/30/2024,Sneha B,Mumbai,Scooter,Full-time,4.35,N
DP10431,12/20/2024,Shreya L,Bengaluru,Bike,Full-time,3.96,Y
DP08898,12/14/2024,Neha W,Mumbai,Car,Full-time,3.86,N
DP00136,1/3/2025,Shreya G,Chennai,Bike,Full-time,4.29,Y
DP08435,2/7/2025,Santosh Q,Kolkata,Bike,Full-time,4.13,N
DP03720,12/29/2024,Shreya Q,Delhi,Bike,Part-time,4.42,Y
DP10627,1/5/2025,Meena W,Bengaluru,Scooter,Full-time,4.16,Y
DP10419,12/27/2024,Arjun S,Delhi,Scooter,Part-time,4.4,Y
DP11484,11/30/2024,Rahul G,Pune,Bike,Full-time,4.24,Y
DP13147,12/27/2024,Vikas K,Bengaluru,Bike,Contract,4.26,Y
DP13266,1/9/2025,Priya O,Delhi,Scooter,Full-time,4.22,Y
DP02839,12/23/2024,Deepak V,Ahmedabad,Scooter,Full-time,4.43,Y
DP09581,1/1/2025,Neha T,Pune,Scooter,Contract,4.51,Y
DP00555,12/31/2024,Santosh P,Pune,Bike,Part-time,4.35,Y
DP09597,12/17/2024,Suresh W,Mumbai,Cycle,Full-time,4.42,Y
DP01388,12/29/2024,Shreya A,Delhi,Cycle,Full-time,3.87,N
DP08171,12/22/2024,Pooja I,Pune,Scooter,Full-time,3.89,Y
DP11302,12/11/2024,Manoj U,Ahmedabad,Scooter,Part-time,4.62,Y
DP06062,12/24/2024,Meena P,Ahmedabad,Cycle,Part-time,3.61,Y
DP13870,1/2/2025,Ravi S,Ahmedabad,Scooter,Full-time,4.01,Y
DP03164,12/31/2024,Nikhil R,Delhi,Bike,Full-time,4.23,Y
DP08512,12/31/2024,Neha W,Pune,Bike,Part-time,4.01,Y
DP01869,12/30/2024,Kiran H,Delhi,Bike,Part-time,4.09,Y
DP12959,12/26/2024,Manoj A,Kolkata,Bike,Full-time,4.21,N
DP06023,12/5/2024,Vikas B,Bengaluru,Scooter,Full-time,3.84,Y
DP03544,12/28/2024,Shreya U,Ahmedabad,Scooter,Part-time,4.23,Y
DP08070,1/1/2025,Kiran T,Delhi,Bike,Full-time,3.61,Y
DP02203,1/1/2025,Priya F,Pune,Scooter,Full-time,4.62,Y
DP10840,12/1/2024,Amit Z,Delhi,Cycle,Full-time,4.84,Y
DP03525,12/6/2024,Meena Y,Pune,Bike,Part-time,3.88,Y
DP10078,1/1/2025,Santosh T,Mumbai,Cycle,Contract,3.84,Y
DP13946,12/25/2024,Manoj Z,Chennai,Bike,Full-time,3.64,Y
DP02164,12/26/2024,Amit K,Ahmedabad,Scooter,Contract,4.31,Y
DP11162,12/27/2024,Deepak T,Kolkata,Cycle,Full-time,4.08,Y
DP08879,1/6/2025,Neha Y,Bengaluru,Bike,Part-time,4.23,Y
DP06886,12/21/2024,Rakesh J,Bengaluru,Scooter,Contract,4.51,Y
DP00241,12/26/2024,Rahul Q,Kolkata,Cycle,Contract,4.57,N
DP08547,12/28/2024,Neha S,Chennai,Cycle,Part-time,4.03,Y
DP10965,12/20/2024,Rahul C,Kolkata,Bike,Part-time,3.97,Y
DP08526,12/27/2024,Neha L,Chennai,Bike,Full-time,3.81,Y
DP09043,12/31/2024,Meena Y,Delhi,Bike,Part-time,4.38,Y
DP00943,1/4/2025,Ravi H,Pune,Scooter,Full-time,3.87,Y
DP13658,12/19/2024,Amit H,Mumbai,Scooter,Full-time,4.57,Y
DP07854,12/26/2024,Rakesh H,Mumbai,Cycle,Part-time,4.03,Y
DP07707,12/24/2024,Nikhil U,Pune,Bike,Part-time,4.81,Y
DP04563,12/29/2024,Neha M,Mumbai,Scooter,Full-time,3.96,Y
DP10157,12/31/2024,Manoj H,Delhi,Scooter,Contract,4.55,Y
DP09510,1/1/2025,Amit B,Bengaluru,Bike,Full-time,3.98,Y
DP05305,12/24/2024,Shreya H,Bengaluru,Bike,Full-time,4.36,Y
DP07131,12/27/2024,Deepak S,Delhi,Cycle,Contract,4.58,Y
DP11611,12/22/2024,Manoj C,Delhi,Bike,Part-time,4.25,Y
DP10720,1/1/2025,Meena J,Mumbai,Scooter,Full-time,3.97,Y
DP12601,12/23/2024,Vikas U,Delhi,Scooter,Contract,4.67,Y
DP07671,12/25/2024,Meena T,Hyderabad,Bike,Full-time,4.01,Y
DP03039,12/30/2024,Vikas N,Delhi,Bike,Contract,4.81,Y
DP01526,12/26/2024,Sneha Y,Pune,Scooter,Contract,4.57,Y
DP06404,12/16/2024,Priya Z,Bengaluru,Bike,Full-time,4.09,Y
DP02600,2/10/2025,Suresh A,Bengaluru,Bike,Full-time,4.47,N
DP03309,12/26/2024,Vikas F,Hyderabad,Scooter,Contract,4.33,N
DP07467,11/27/2024,Shreya E,Delhi,Cycle,Full-time,3.92,Y
DP04298,12/28/2024,Vikas X,Kolkata,Car,Full-time,4.75,N
DP11719,1/12/2025,Divya O,Pune,Bike,Full-time,4.49,N
DP06501,11/27/2024,Shreya U,Delhi,Cycle,Part-time,3.74,Y
DP04120,1/3/2025,Kiran F,Pune,Bike,Full-time,3.62,Y
DP07181,12/11/2024,Shreya B,Pune,Scooter,Contract,4.24,Y
DP14118,1/5/2025,Amit O,Kolkata,Scooter,Full-time,4.13,Y
DP04497,12/30/2024,Arjun D,Bengaluru,Car,Full-time,4.03,Y
DP07051,1/2/2025,Priya I,Ahmedabad,Bike,Full-time,4.13,N
DP06457,12/26/2024,Amit U,Bengaluru,Bike,Part-time,4.56,Y
DP12401,1/4/2025,Vikas C,Ahmedabad,Scooter,Contract,4.22,Y
DP04912,12/29/2024,Divya Z,Kolkata,Scooter,Full-time,4.69,Y
DP05537,1/12/2025,Neha Q,Bengaluru,Cycle,Full-time,4.03,Y
DP13101,12/30/2024,Vikas T,Chennai,Bike,Full-time,3.94,Y
DP03847,12/6/2024,Amit O,Bengaluru,Bike,Full-time,4.01,Y
DP07397,12/26/2024,Deepak J,Hyderabad,Car,Full-time,4.01,Y
DP12126,12/22/2024,Pooja H,Hyderabad,Bike,Contract,4.09,Y
DP01271,1/2/2025,Santosh I,Chennai,Cycle,Contract,4.11,Y
DP14014,12/10/2024,Priya A,Chennai,Bike,Full-time,4.43,Y
DP10086,12/1/2024,Amit L,Pune,Bike,Contract,3.32,Y
DP06865,12/13/2024,Manoj N,Bengaluru,Scooter,Part-time,3.93,Y
DP12575,12/26/2024,Sneha S,Pune,Scooter,Full-time,3.93,Y
DP13290,12/31/2024,Neha Y,Kolkata,Cycle,Full-time,4.29,Y
DP04979,12/30/2024,Santosh O,Bengaluru,Bike,Full-time,4.4,Y
DP14189,1/4/2025,Divya X,Bengaluru,Car,Full-time,4.48,Y
DP05753,12/12/2024,Amit H,Bengaluru,Cycle,Full-time,4.36,Y
DP03596,12/24/2024,Sneha P,Bengaluru,Cycle,Part-time,3.55,Y
DP07456,12/21/2024,Meena Y,Bengaluru,Scooter,Part-time,4.39,Y
DP05491,12/30/2024,Rakesh R,Mumbai,Bike,Part-time,4.19,Y
DP03893,12/24/2024,Manoj E,Mumbai,Scooter,Full-time,3.69,Y
DP03669,12/20/2024,Neha H,Delhi,Scooter,Contract,4.11,N
DP06653,12/26/2024,Pooja A,Chennai,Bike,Part-time,4.35,Y
DP01769,12/26/2024,Arjun I,Chennai,Scooter,Full-time,4.34,Y
DP08064,1/4/2025,Priya L,Chennai,Scooter,Full-time,4.25,Y
DP13829,12/20/2024,Suresh K,Ahmedabad,Bike,Part-time,3.68,Y
DP02512,1/4/2025,Ravi F,Mumbai,Cycle,Full-time,4.01,N
DP14672,2/10/2025,Neha R,Hyderabad,Scooter,Part-time,4.33,N
DP02863,12/11/2024,Sneha Z,Pune,Bike,Full-time,4.41,Y
DP01141,1/2/2025,Suresh R,Chennai,Scooter,Full-time,4.46,Y
DP11704,12/27/2024,Manoj N,Bengaluru,Bike,Full-time,4.34,N
DP09876,12/30/2024,Divya A,Bengaluru,Scooter,Full-time,4.59,Y
DP00412,12/20/2024,Shreya Y,Bengaluru,Scooter,Part-time,4.42,Y
DP05428,1/2/2025,Priya K,Mumbai,Scooter,Part-time,3.62,Y
DP02641,12/23/2024,Nikhil B,Mumbai,Bike,Full-time,4.33,Y
DP07138,12/21/2024,Neha F,Hyderabad,Scooter,Contract,4.18,Y
DP03548,1/2/2025,Ananya K,Delhi,Scooter,Full-time,4.53,Y
DP13345,12/12/2024,Rakesh U,Bengaluru,Bike,Full-time,4.01,Y
DP08402,12/31/2024,Nikhil N,Hyderabad,Bike,Part-time,4.52,Y
DP05484,12/22/2024,Ananya V,Mumbai,Bike,Part-time,4.37,Y
DP04557,12/19/2024,Kiran B,Bengaluru,Bike,Full-time,4.31,Y
DP12343,12/5/2024,Shreya I,Bengaluru,Bike,Contract,4.77,Y
DP05511,1/3/2025,Kiran F,Mumbai,Bike,Contract,4.3,Y
DP13470,12/26/2024,Rakesh G,Ahmedabad,Cycle,Full-time,4.23,Y
DP05716,12/27/2024,Arjun V,Pune,Scooter,Contract,3.96,Y
DP05501,1/4/2025,Ravi D,Kolkata,Bike,Full-time,4.39,Y
DP00387,12/21/2024,Arjun G,Kolkata,Scooter,Contract,4.47,Y
DP13430,12/21/2024,Suresh R,Ahmedabad,Scooter,Part-time,4.26,N
DP11695,12/20/2024,Manoj Z,Mumbai,Bike,Part-time,4.63,Y
DP04421,12/31/2024,Rahul X,Kolkata,Scooter,Part-time,4.73,Y
DP09527,12/29/2024,Suresh E,Mumbai,Scooter,Part-time,4.41,Y
DP06443,12/27/2024,Sneha Q,Delhi,Bike,Contract,4.45,Y
DP01539,12/24/2024,Neha W,Ahmedabad,Bike,Full-time,3.97,Y
DP00876,1/3/2025,Meena B,Ahmedabad,Scooter,Part-time,4.3,Y
DP06698,12/22/2024,Divya X,Hyderabad,Scooter,Part-time,4.59,Y
DP06440,2/5/2025,Vikas U,Chennai,Cycle,Part-time,3.79,Y
DP01888,12/31/2024,Ananya N,Pune,Scooter,Full-time,4.48,N
DP11115,12/22/2024,Suresh T,Hyderabad,Scooter,Part-time,4.2,N
DP06563,12/25/2024,Suresh K,Mumbai,Bike,Full-time,4,Y
DP01578,12/29/2024,Deepak F,Bengaluru,Bike,Part-time,4.17,Y
DP13026,12/28/2024,Manoj C,Bengaluru,Bike,Part-time,3.97,Y
DP13500,2/6/2025,Kiran W,Bengaluru,Bike,Contract,4.39,Y
DP05100,1/4/2025,Ananya S,Bengaluru,Scooter,Full-time,3.94,N
DP00022,12/17/2024,Manoj H,Delhi,Scooter,Part-time,4.45,Y
DP13920,12/20/2024,Vikas P,Mumbai,Cycle,Part-time,4.07,Y
DP14350,12/10/2024,Deepak B,Delhi,Bike,Contract,4.39,Y
DP00821,12/31/2024,Rahul F,Ahmedabad,Scooter,Full-time,4.28,Y
DP05375,12/22/2024,Meena B,Hyderabad,Scooter,Full-time,3.72,Y
DP00551,12/1/2024,Priya T,Pune,Scooter,Contract,3.92,Y
DP12578,12/28/2024,Priya D,Bengaluru,Scooter,Full-time,3.43,Y
DP01556,12/27/2024,Nikhil E,Mumbai,Bike,Full-time,4.08,Y
DP04099,12/16/2024,Rakesh N,Kolkata,Scooter,Full-time,4.08,Y
DP02218,1/28/2025,Divya E,Mumbai,Bike,Contract,4.25,N
DP05125,12/29/2024,Ravi K,Ahmedabad,Bike,Contract,3.7,Y
DP04399,1/5/2025,Rahul I,Ahmedabad,Bike,Full-time,3.85,N
DP03074,12/26/2024,Neha K,Mumbai,Bike,Full-time,4.22,Y
DP14031,12/25/2024,Divya J,Delhi,Bike,Part-time,3.97,Y
DP14410,1/5/2025,Manoj Y,Chennai,Scooter,Full-time,3.62,Y
DP08407,12/11/2024,Divya T,Bengaluru,Scooter,Part-time,4.13,N
DP09319,1/5/2025,Shreya Y,Hyderabad,Bike,Part-time,4.02,Y
DP10266,12/16/2024,Santosh N,Mumbai,Scooter,Contract,3.76,Y
DP00452,12/20/2024,Suresh T,Bengaluru,Bike,Full-time,4.68,Y
DP13559,12/28/2024,Shreya C,Hyderabad,Bike,Part-time,4.62,Y
DP10174,1/5/2025,Nikhil Z,Kolkata,Cycle,Contract,4.11,Y
DP13302,1/4/2025,Neha X,Chennai,Bike,Part-time,4.29,Y
DP09315,1/8/2025,Shreya M,Chennai,Car,Part-time,4.74,Y
DP14370,12/27/2024,Nikhil H,Bengaluru,Scooter,Full-time,4.57,Y
DP13639,1/2/2025,Ananya N,Mumbai,Bike,Part-time,4.59,N
DP12558,1/2/2025,Meena J,Delhi,Bike,Full-time,4,N
DP09219,1/2/2025,Arjun S,Chennai,Bike,Part-time,4.38,Y
DP07929,1/2/2025,Amit O,Bengaluru,Bike,Part-time,4.08,Y
DP06838,1/2/2025,Santosh U,Mumbai,Cycle,Full-time,4.21,Y
DP14452,12/13/2024,Ravi A,Bengaluru,Cycle,Full-time,4.2,N
DP08984,12/10/2024,Amit W,Delhi,Cycle,Full-time,4.39,Y
DP09205,12/26/2024,Manoj O,Kolkata,Bike,Contract,4.23,Y
DP01874,12/26/2024,Vikas Z,Bengaluru,Scooter,Full-time,4.06,Y
DP13378,12/31/2024,Arjun J,Mumbai,Cycle,Full-time,4.32,Y
DP11642,12/23/2024,Amit A,Hyderabad,Scooter,Full-time,4.3,Y
DP08600,3/29/2025,Divya L,Mumbai,Bike,Part-time,3.65,Y
DP00010,12/29/2024,Santosh N,Delhi,Bike,Contract,3.94,Y
DP12087,12/26/2024,Ananya G,Mumbai,Bike,Part-time,4.04,Y
DP01867,12/28/2024,Vikas Z,Bengaluru,Scooter,Part-time,4.11,Y
DP07708,12/21/2024,Suresh E,Mumbai,Bike,Part-time,4.26,Y
DP06521,12/28/2024,Arjun Z,Ahmedabad,Scooter,Full-time,4.65,Y
DP04641,1/2/2025,Nikhil T,Chennai,Scooter,Full-time,4.23,Y
DP01166,12/22/2024,Manoj B,Hyderabad,Car,Full-time,4.25,Y
DP01146,1/2/2025,Rahul Y,Bengaluru,Bike,Full-time,3.88,Y
DP10566,12/23/2024,Neha S,Delhi,Scooter,Part-time,4.48,Y
DP08530,12/9/2024,Deepak N,Mumbai,Cycle,Contract,4.72,Y
DP11444,1/4/2025,Nikhil H,Hyderabad,Bike,Full-time,4.69,Y
DP05746,12/28/2024,Priya N,Delhi,Scooter,Full-time,4.52,Y
DP13936,1/4/2025,Rahul K,Chennai,Cycle,Full-time,4.48,Y
DP05967,12/5/2024,Suresh Q,Bengaluru,Scooter,Full-time,3.54,Y
DP09223,1/5/2025,Meena B,Kolkata,Scooter,Part-time,4.23,Y
DP13327,12/16/2024,Shreya O,Bengaluru,Bike,Full-time,4.03,Y
DP08422,12/27/2024,Ananya F,Chennai,Bike,Full-time,3.98,N
DP12982,12/27/2024,Sneha P,Mumbai,Bike,Full-time,4.46,Y
DP08311,12/13/2024,Ravi Y,Bengaluru,Scooter,Part-time,4.26,Y
DP12524,12/19/2024,Amit O,Bengaluru,Bike,Contract,4.45,N
DP09296,12/27/2024,Ravi V,Bengaluru,Bike,Full-time,4.35,Y
DP10682,12/8/2024,Rakesh L,Hyderabad,Bike,Contract,4.63,Y
DP13213,12/3/2024,Meena L,Delhi,Scooter,Part-time,4.27,Y
DP13994,1/2/2025,Sneha H,Mumbai,Scooter,Full-time,4.48,Y
DP08389,12/18/2024,Neha L,Bengaluru,Cycle,Full-time,4.3,Y
DP07589,1/1/2025,Nikhil S,Bengaluru,Scooter,Full-time,3.91,Y
DP05341,12/15/2024,Manoj X,Hyderabad,Scooter,Part-time,4.3,Y
DP05242,1/3/2025,Ravi E,Chennai,Bike,Part-time,3.69,Y
DP00574,12/23/2024,Kiran K,Bengaluru,Scooter,Part-time,4.19,N
DP04233,12/23/2024,Pooja G,Kolkata,Car,Full-time,4.01,Y
DP11213,12/29/2024,Manoj T,Mumbai,Bike,Full-time,4.18,Y
DP02578,12/28/2024,Ananya Z,Pune,Bike,Full-time,3.76,Y
DP11937,12/26/2024,Vikas I,Kolkata,Bike,Contract,4.29,Y
DP10051,1/2/2025,Rakesh E,Mumbai,Cycle,Full-time,4.01,Y
DP11431,1/1/2025,Vikas B,Bengaluru,Bike,Full-time,4.09,Y
DP12548,12/10/2024,Pooja B,Delhi,Scooter,Full-time,3.91,Y
DP00244,12/31/2024,Meena N,Delhi,Cycle,Contract,4.45,Y
DP13279,12/11/2024,Amit A,Pune,Scooter,Full-time,4.29,Y
DP14755,1/2/2025,Vikas M,Bengaluru,Scooter,Part-time,4.19,Y
DP04375,1/3/2025,Divya T,Bengaluru,Bike,Part-time,4.56,Y
DP13400,12/19/2024,Neha Y,Bengaluru,Scooter,Full-time,4.82,Y
DP08162,1/4/2025,Vikas Y,Ahmedabad,Cycle,Full-time,4.12,Y
DP09908,1/1/2025,Rahul O,Bengaluru,Scooter,Part-time,4.43,Y
DP01535,12/29/2024,Rakesh C,Delhi,Bike,Part-time,4.13,Y
DP07902,12/24/2024,Neha Q,Ahmedabad,Scooter,Part-time,4.7,Y
DP05213,12/6/2024,Meena K,Bengaluru,Cycle,Full-time,4.07,Y
DP11922,1/6/2025,Arjun Y,Bengaluru,Bike,Full-time,4.12,Y
DP02004,1/5/2025,Rahul T,Kolkata,Scooter,Full-time,4.12,Y
DP01824,12/15/2024,Vikas M,Kolkata,Bike,Full-time,4.76,Y
DP06312,12/10/2024,Neha J,Chennai,Cycle,Part-time,3.87,N
DP06896,12/26/2024,Arjun J,Bengaluru,Bike,Full-time,4.31,Y
DP12194,12/31/2024,Neha K,Bengaluru,Scooter,Full-time,3.39,Y
DP05228,12/17/2024,Priya T,Delhi,Bike,Full-time,4.35,Y
DP01662,12/20/2024,Divya F,Bengaluru,Scooter,Full-time,4.35,Y
DP03294,12/21/2024,Suresh M,Ahmedabad,Cycle,Full-time,4.01,Y
DP04765,1/1/2025,Deepak C,Bengaluru,Bike,Full-time,4.44,Y
DP09281,12/17/2024,Pooja J,Hyderabad,Scooter,Full-time,4.5,Y
DP06575,1/3/2025,Suresh K,Bengaluru,Bike,Full-time,4.21,Y
DP11354,12/31/2024,Arjun X,Mumbai,Scooter,Part-time,4.52,Y
DP03810,12/17/2024,Kiran N,Pune,Car,Full-time,4.55,Y
DP07766,1/12/2025,Divya Z,Bengaluru,Scooter,Full-time,4.27,Y
DP05872,12/29/2024,Ravi I,Delhi,Scooter,Full-time,4.3,Y
DP10531,1/1/2025,Priya T,Mumbai,Bike,Part-time,5,Y
DP04307,12/22/2024,Amit V,Bengaluru,Bike,Contract,4.46,Y
DP12648,12/25/2024,Rakesh A,Kolkata,Scooter,Full-time,3.41,Y
DP02965,1/4/2025,Kiran Q,Mumbai,Scooter,Contract,4.61,Y
DP04853,1/5/2025,Suresh Z,Bengaluru,Bike,Contract,4.32,Y
DP06298,1/6/2025,Ananya X,Kolkata,Bike,Contract,4.37,Y
DP03674,12/19/2024,Deepak A,Kolkata,Cycle,Part-time,4.78,Y
DP09819,12/29/2024,Amit M,Bengaluru,Car,Contract,4.17,Y
DP07574,1/3/2025,Manoj W,Kolkata,Scooter,Full-time,4.16,N
DP12600,1/4/2025,Priya B,Mumbai,Scooter,Contract,3.97,Y
DP13605,1/3/2025,Neha L,Mumbai,Bike,Full-time,4.06,Y
DP07124,12/14/2024,Neha M,Chennai,Scooter,Contract,4.01,Y
DP05840,1/1/2025,Ravi B,Mumbai,Scooter,Part-time,4.36,Y
DP00692,12/31/2024,Shreya Y,Delhi,Bike,Full-time,3.72,Y
DP02666,1/4/2025,Divya S,Ahmedabad,Scooter,Part-time,4.36,Y
DP11662,1/12/2025,Rahul O,Chennai,Bike,Part-time,3.87,Y
DP00949,12/20/2024,Vikas A,Ahmedabad,Scooter,Contract,4.2,Y
DP10474,12/15/2024,Meena V,Bengaluru,Bike,Full-time,4.26,Y
DP14698,12/27/2024,Meena Y,Pune,Bike,Part-time,4.32,Y
DP11522,12/26/2024,Ravi N,Mumbai,Bike,Full-time,3.89,Y
DP02585,12/27/2024,Amit L,Bengaluru,Scooter,Full-time,3.97,Y
DP03255,12/30/2024,Amit P,Bengaluru,Bike,Contract,4.33,Y
DP14408,12/29/2024,Nikhil Q,Pune,Scooter,Contract,4.83,Y
DP04022,12/23/2024,Suresh G,Kolkata,Bike,Full-time,4.36,Y
DP08985,12/29/2024,Meena P,Delhi,Scooter,Full-time,4.23,Y
DP11014,12/6/2024,Neha T,Ahmedabad,Bike,Contract,4.3,Y
DP11493,12/23/2024,Ananya Z,Kolkata,Scooter,Part-time,3.94,Y
DP07585,12/30/2024,Sneha E,Kolkata,Scooter,Contract,4.06,Y
DP12309,12/28/2024,Santosh I,Bengaluru,Scooter,Full-time,4.36,Y
DP02575,1/2/2025,Vikas M,Delhi,Scooter,Contract,4.35,Y
DP04631,12/16/2024,Deepak B,Delhi,Scooter,Full-time,3.98,Y
DP02937,1/4/2025,Rahul B,Chennai,Car,Contract,4.58,Y
DP00977,12/30/2024,Suresh G,Kolkata,Bike,Full-time,3.86,Y
DP09478,1/4/2025,Santosh R,Delhi,Cycle,Full-time,4.02,Y
DP07887,12/25/2024,Ananya S,Mumbai,Scooter,Full-time,4.32,Y
DP10808,1/1/2025,Nikhil K,Pune,Scooter,Contract,4.29,Y
DP13416,1/11/2025,Ravi O,Chennai,Bike,Part-time,3.96,Y
DP06803,12/30/2024,Deepak D,Delhi,Bike,Contract,3.88,Y
DP10726,12/27/2024,Rakesh T,Kolkata,Scooter,Part-time,4.53,Y
DP08437,12/25/2024,Ananya X,Bengaluru,Bike,Contract,4.11,Y
DP13947,12/30/2024,Pooja G,Ahmedabad,Bike,Part-time,3.89,Y
DP03329,12/19/2024,Shreya G,Pune,Bike,Full-time,3.99,Y
DP06166,12/20/2024,Neha H,Ahmedabad,Bike,Full-time,3.95,Y
DP09293,12/27/2024,Suresh X,Hyderabad,Bike,Contract,4.69,Y
DP01533,12/22/2024,Pooja F,Bengaluru,Scooter,Contract,3.9,Y
DP03550,12/13/2024,Shreya W,Ahmedabad,Bike,Part-time,3.95,N
DP02410,12/26/2024,Suresh M,Mumbai,Scooter,Part-time,3.89,Y
DP08355,12/28/2024,Priya X,Bengaluru,Scooter,Contract,4.17,Y
DP00962,2/3/2025,Priya J,Delhi,Scooter,Full-time,4.28,Y
DP07075,12/31/2024,Neha V,Delhi,Bike,Part-time,4.54,Y
DP02971,1/2/2025,Amit F,Bengaluru,Scooter,Part-time,4.06,Y
DP09160,1/5/2025,Kiran T,Kolkata,Scooter,Part-time,4.49,Y
DP13122,1/1/2025,Nikhil X,Hyderabad,Scooter,Part-time,3.74,Y
DP13420,12/27/2024,Nikhil P,Pune,Cycle,Part-time,4.39,Y
DP07776,12/25/2024,Ananya Z,Chennai,Scooter,Contract,4.15,N
DP02540,12/18/2024,Neha K,Bengaluru,Car,Full-time,4.12,Y
DP00835,12/23/2024,Arjun Z,Bengaluru,Scooter,Full-time,4.37,Y
DP12026,12/31/2024,Amit W,Pune,Scooter,Full-time,3.82,Y
DP07409,12/26/2024,Rahul Q,Pune,Bike,Part-time,4.08,N
DP13196,12/31/2024,Shreya D,Hyderabad,Cycle,Full-time,4.05,Y
DP14069,12/22/2024,Amit E,Mumbai,Scooter,Full-time,4.71,Y
DP12634,1/4/2025,Ravi L,Bengaluru,Scooter,Contract,3.87,Y
DP11195,1/3/2025,Priya G,Hyderabad,Cycle,Full-time,4.09,N
DP13298,12/28/2024,Priya L,Bengaluru,Bike,Contract,4.28,Y
DP05245,12/24/2024,Vikas Q,Bengaluru,Bike,Part-time,3.79,Y
DP11995,12/20/2024,Ravi R,Chennai,Scooter,Contract,3.94,Y
DP04819,3/25/2025,Neha D,Hyderabad,Scooter,Part-time,4.42,Y
DP09155,1/2/2025,Meena R,Pune,Scooter,Part-time,4.12,Y
DP13608,12/14/2024,Manoj G,Bengaluru,Scooter,Full-time,4.14,Y
DP08909,12/20/2024,Meena T,Ahmedabad,Bike,Part-time,4.6,N
DP10023,1/1/2025,Divya H,Bengaluru,Bike,Full-time,4.39,Y
DP06604,12/29/2024,Meena R,Ahmedabad,Bike,Full-time,4.04,Y
DP08977,1/2/2025,Arjun I,Pune,Bike,Contract,4.16,Y
DP05636,12/8/2024,Arjun B,Bengaluru,Bike,Full-time,4.5,Y
DP01677,12/22/2024,Suresh T,Hyderabad,Bike,Contract,3.67,Y
DP05710,12/21/2024,Deepak B,Delhi,Bike,Part-time,4.16,Y
DP07107,12/24/2024,Suresh K,Mumbai,Bike,Full-time,4.42,Y
DP07285,12/26/2024,Nikhil J,Kolkata,Bike,Full-time,4.27,Y
DP10252,12/29/2024,Ananya K,Mumbai,Scooter,Part-time,4.28,Y
DP06002,1/3/2025,Santosh Y,Hyderabad,Bike,Full-time,4.59,Y
DP12369,12/31/2024,Deepak A,Pune,Scooter,Full-time,3.71,Y
DP05412,1/1/2025,Arjun V,Mumbai,Bike,Part-time,4.16,Y
DP12248,12/25/2024,Rakesh P,Ahmedabad,Bike,Part-time,4.52,Y
DP00028,12/26/2024,Nikhil Z,Pune,Scooter,Full-time,4.14,Y
DP04610,12/31/2024,Nikhil K,Hyderabad,Scooter,Part-time,4.23,Y
DP09048,1/20/2025,Pooja R,Kolkata,Bike,Full-time,4.03,Y
DP12812,12/9/2024,Vikas W,Mumbai,Bike,Full-time,4.5,Y
DP01181,1/2/2025,Nikhil S,Ahmedabad,Bike,Contract,4.94,Y
DP01341,1/2/2025,Ravi D,Mumbai,Scooter,Part-time,4.21,N
DP12691,1/5/2025,Divya L,Delhi,Scooter,Part-time,4.3,Y
DP09029,12/23/2024,Nikhil C,Bengaluru,Bike,Part-time,4.55,Y
DP05390,1/2/2025,Deepak C,Kolkata,Cycle,Part-time,4.19,Y
DP05914,12/24/2024,Nikhil M,Hyderabad,Scooter,Contract,4.55,Y
DP14304,12/29/2024,Pooja L,Ahmedabad,Cycle,Full-time,4.76,Y
DP14969,1/1/2025,Vikas E,Mumbai,Scooter,Full-time,3.8,Y
DP12683,1/5/2025,Meena G,Chennai,Bike,Part-time,4.05,Y
DP12374,12/31/2024,Rahul Q,Delhi,Bike,Part-time,3.45,Y
DP06881,12/20/2024,Sneha T,Bengaluru,Cycle,Full-time,4.19,Y
DP10203,12/29/2024,Santosh S,Chennai,Bike,Contract,4.1,Y
DP09471,12/21/2024,Amit Q,Mumbai,Scooter,Full-time,4.16,Y
DP01815,12/25/2024,Nikhil B,Bengaluru,Cycle,Full-time,4.19,Y
DP08544,12/28/2024,Priya C,Kolkata,Scooter,Contract,3.98,Y
DP03120,1/1/2025,Suresh A,Bengaluru,Scooter,Part-time,4.06,Y
DP04839,1/4/2025,Manoj N,Bengaluru,Bike,Contract,3.61,Y
DP08825,12/12/2024,Divya Z,Kolkata,Scooter,Contract,3.74,N
DP10002,12/28/2024,Meena W,Delhi,Bike,Part-time,3.58,Y
DP08424,12/25/2024,Arjun G,Delhi,Scooter,Full-time,4.67,Y
DP05152,12/29/2024,Rahul L,Bengaluru,Bike,Full-time,3.94,Y
DP09796,12/26/2024,Santosh J,Bengaluru,Bike,Full-time,4.49,Y
DP06559,1/5/2025,Vikas Z,Kolkata,Cycle,Full-time,4.6,Y
DP06256,12/31/2024,Vikas V,Ahmedabad,Bike,Full-time,4.3,Y
DP14207,12/27/2024,Rakesh Y,Mumbai,Scooter,Contract,4.65,Y
DP10652,1/2/2025,Amit J,Chennai,Scooter,Part-time,4.33,Y
DP12875,1/6/2025,Ananya D,Chennai,Bike,Contract,4.56,Y
DP09930,1/1/2025,Priya M,Bengaluru,Bike,Contract,4.4,N
DP09511,12/24/2024,Deepak W,Hyderabad,Scooter,Full-time,4.3,Y
DP14416,1/1/2025,Pooja I,Hyderabad,Cycle,Full-time,4.09,Y
DP03914,12/29/2024,Meena S,Delhi,Bike,Part-time,3.65,Y
DP02057,12/24/2024,Ravi A,Mumbai,Cycle,Full-time,4.32,Y
DP05711,12/19/2024,Vikas J,Mumbai,Cycle,Full-time,4.59,Y
DP09841,1/5/2025,Ravi C,Hyderabad,Bike,Part-time,4.37,Y
DP10779,12/31/2024,Ravi K,Mumbai,Scooter,Full-time,4.06,Y
DP14940,1/4/2025,Rakesh F,Delhi,Bike,Full-time,4,N
DP12057,1/3/2025,Divya O,Mumbai,Bike,Full-time,3.83,Y
DP09286,12/17/2024,Manoj D,Chennai,Scooter,Contract,3.95,N
DP11334,12/6/2024,Priya T,Ahmedabad,Scooter,Contract,3.78,Y
DP04698,12/2/2024,Priya S,Hyderabad,Scooter,Full-time,4.65,Y
DP01284,12/13/2024,Vikas N,Bengaluru,Bike,Full-time,4.08,Y
DP00950,12/4/2024,Pooja V,Kolkata,Bike,Full-time,4.29,Y
DP03959,1/23/2025,Rahul F,Bengaluru,Scooter,Full-time,4.27,Y
DP07737,12/26/2024,Rahul G,Mumbai,Bike,Part-time,4.56,Y
DP09941,1/1/2025,Nikhil N,Chennai,Bike,Full-time,4.47,Y
DP00162,12/29/2024,Meena Z,Ahmedabad,Bike,Part-time,3.85,Y
DP05533,12/22/2024,Divya Z,Pune,Bike,Full-time,4.48,Y
DP04437,12/26/2024,Rakesh B,Delhi,Bike,Contract,4.43,Y
DP02199,12/31/2024,Manoj G,Mumbai,Bike,Part-time,4,Y
DP01345,12/20/2024,Divya W,Bengaluru,Scooter,Full-time,4.32,Y
DP12400,12/27/2024,Meena D,Delhi,Scooter,Part-time,3.9,Y
DP07775,12/2/2024,Shreya B,Bengaluru,Cycle,Full-time,4.38,Y
DP08405,12/31/2024,Ravi Y,Bengaluru,Scooter,Contract,4.44,Y
DP13277,12/2/2024,Nikhil A,Pune,Bike,Contract,4.42,N
DP07922,1/10/2025,Shreya M,Kolkata,Bike,Full-time,4.34,Y
DP12945,12/19/2024,Rakesh H,Mumbai,Scooter,Full-time,4.33,Y
DP02824,12/30/2024,Vikas V,Delhi,Bike,Full-time,3.91,Y
DP11560,12/23/2024,Pooja S,Kolkata,Scooter,Full-time,3.58,Y
DP11900,12/24/2024,Deepak I,Chennai,Bike,Full-time,4.64,Y
DP08078,12/7/2024,Suresh M,Chennai,Bike,Full-time,4.34,Y
DP09662,12/21/2024,Santosh P,Delhi,Bike,Full-time,4.09,Y
DP13707,12/25/2024,Rakesh Y,Delhi,Car,Full-time,4.21,Y
DP07194,12/29/2024,Ananya A,Mumbai,Bike,Part-time,4.15,Y
DP05752,1/2/2025,Kiran T,Chennai,Scooter,Contract,4.33,Y
DP14690,1/6/2025,Santosh Q,Mumbai,Bike,Full-time,4.2,Y
DP03254,11/28/2024,Pooja M,Chennai,Scooter,Full-time,4.83,N
DP04178,1/3/2025,Sneha N,Bengaluru,Bike,Contract,3.73,Y
DP09514,12/27/2024,Kiran X,Delhi,Bike,Contract,4.2,Y
DP05714,12/15/2024,Shreya Y,Chennai,Scooter,Full-time,4.5,N
DP10879,1/16/2025,Ananya A,Hyderabad,Scooter,Contract,4.36,Y
DP08578,12/31/2024,Rakesh W,Hyderabad,Scooter,Part-time,4.37,Y
DP00863,12/29/2024,Manoj L,Hyderabad,Scooter,Contract,4.12,Y
DP01127,12/14/2024,Nikhil T,Hyderabad,Bike,Full-time,4.32,Y
DP10503,1/5/2025,Nikhil E,Kolkata,Bike,Contract,4.45,Y
DP03512,12/21/2024,Neha H,Pune,Scooter,Part-time,4.46,Y
DP06842,12/1/2024,Divya N,Ahmedabad,Bike,Full-time,4.43,Y
DP13840,12/15/2024,Meena G,Pune,Bike,Part-time,4.64,Y
DP06061,12/22/2024,Suresh B,Chennai,Bike,Full-time,4.31,Y
DP06153,1/4/2025,Meena I,Mumbai,Scooter,Part-time,3.99,Y
DP01827,12/25/2024,Divya J,Delhi,Cycle,Full-time,4.17,N
DP04684,12/27/2024,Rakesh K,Kolkata,Scooter,Full-time,4.15,N
DP04287,1/2/2025,Meena Y,Ahmedabad,Bike,Part-time,4.68,N
DP00533,12/18/2024,Santosh M,Bengaluru,Scooter,Part-time,3.85,N
DP04491,12/25/2024,Nikhil S,Hyderabad,Bike,Full-time,4.27,Y
DP13964,12/27/2024,Ravi G,Chennai,Scooter,Full-time,4.07,Y
DP01090,12/28/2024,Suresh F,Ahmedabad,Scooter,Full-time,4.15,Y
DP14463,12/20/2024,Sneha I,Pune,Bike,Part-time,4.02,N
DP00211,12/7/2024,Suresh S,Kolkata,Bike,Contract,4.17,Y
DP08507,12/24/2024,Suresh U,Kolkata,Scooter,Part-time,4.18,Y
DP10904,12/25/2024,Arjun O,Chennai,Car,Full-time,4.42,Y
DP10992,12/23/2024,Amit S,Kolkata,Scooter,Part-time,3.87,Y
DP14314,1/3/2025,Divya U,Chennai,Bike,Part-time,4.83,Y
DP12822,1/11/2025,Amit W,Bengaluru,Scooter,Part-time,4.62,Y
DP01477,12/15/2024,Kiran N,Mumbai,Bike,Full-time,4.19,Y
DP13037,12/28/2024,Ananya N,Bengaluru,Cycle,Contract,4.1,Y
DP00171,1/4/2025,Vikas W,Bengaluru,Bike,Full-time,4.41,Y
DP10918,12/24/2024,Arjun W,Bengaluru,Scooter,Part-time,4.71,Y
DP05415,12/26/2024,Ravi B,Delhi,Scooter,Contract,4.54,Y
DP13109,1/4/2025,Shreya E,Bengaluru,Cycle,Full-time,3.62,Y
DP05263,12/13/2024,Kiran Z,Chennai,Car,Full-time,4.2,Y
DP12371,12/22/2024,Sneha Z,Mumbai,Bike,Full-time,3.79,Y
DP09495,12/12/2024,Vikas E,Bengaluru,Bike,Contract,4.27,Y
DP09825,1/5/2025,Rahul E,Hyderabad,Scooter,Contract,4.84,Y
DP14281,12/27/2024,Amit T,Delhi,Bike,Full-time,3.94,Y
DP08794,12/21/2024,Arjun T,Delhi,Scooter,Full-time,4.6,Y
DP04325,12/27/2024,Nikhil X,Pune,Bike,Contract,4.81,Y
DP04105,12/17/2024,Kiran T,Bengaluru,Cycle,Part-time,4.21,Y
DP10011,1/21/2025,Manoj T,Mumbai,Bike,Full-time,4.8,Y
DP09947,1/1/2025,Ananya J,Delhi,Bike,Full-time,4.2,Y
DP03506,12/24/2024,Rahul O,Chennai,Bike,Full-time,4.05,Y
DP08851,12/28/2024,Kiran T,Mumbai,Scooter,Contract,4.1,Y
DP07994,1/4/2025,Santosh U,Bengaluru,Bike,Part-time,4.55,Y
DP11450,1/5/2025,Arjun P,Bengaluru,Scooter,Full-time,4.62,Y
DP02717,1/30/2025,Santosh Q,Ahmedabad,Bike,Part-time,4.29,Y
DP01964,12/31/2024,Kiran G,Hyderabad,Bike,Full-time,4.55,Y
DP03894,1/4/2025,Kiran M,Kolkata,Bike,Contract,3.89,Y
DP06446,1/1/2025,Meena G,Mumbai,Cycle,Part-time,4.11,Y
DP11655,12/29/2024,Sneha J,Bengaluru,Bike,Full-time,3.57,Y
DP03102,12/29/2024,Nikhil P,Ahmedabad,Bike,Full-time,4.09,Y
DP13115,1/5/2025,Pooja G,Bengaluru,Bike,Part-time,4.09,Y
DP04824,1/4/2025,Santosh C,Mumbai,Bike,Full-time,4.65,Y
DP08045,1/1/2025,Kiran P,Hyderabad,Scooter,Part-time,4.17,Y
DP06508,12/25/2024,Sneha N,Mumbai,Scooter,Full-time,4.02,Y
DP06973,12/31/2024,Neha L,Kolkata,Scooter,Contract,4.21,Y
DP07647,12/18/2024,Shreya W,Bengaluru,Scooter,Full-time,4.12,Y
DP10930,1/2/2025,Neha V,Hyderabad,Scooter,Full-time,4.13,Y
DP07335,12/7/2024,Deepak N,Kolkata,Bike,Contract,4.57,N
DP09417,12/26/2024,Meena E,Mumbai,Cycle,Part-time,4.17,N
DP01775,12/20/2024,Amit F,Hyderabad,Bike,Full-time,4.36,Y
DP07482,12/31/2024,Arjun E,Mumbai,Bike,Part-time,4.2,Y
DP02493,11/28/2024,Priya S,Hyderabad,Scooter,Full-time,4.27,Y
DP09341,12/25/2024,Rahul P,Ahmedabad,Cycle,Contract,4.57,Y
DP01133,12/24/2024,Rakesh F,Bengaluru,Scooter,Part-time,4.12,Y
DP07792,12/23/2024,Suresh K,Delhi,Bike,Full-time,3.99,Y
DP05918,1/4/2025,Vikas E,Mumbai,Cycle,Contract,4.19,Y
DP11887,12/30/2024,Priya S,Kolkata,Scooter,Full-time,4.62,N
DP03447,1/3/2025,Pooja G,Mumbai,Bike,Contract,4.35,Y
DP00830,12/22/2024,Shreya A,Delhi,Scooter,Part-time,4.36,Y
DP12808,1/3/2025,Manoj P,Bengaluru,Bike,Full-time,4.26,N
DP07356,2/8/2025,Ravi N,Chennai,Cycle,Part-time,3.99,N
DP11803,12/15/2024,Rakesh F,Kolkata,Bike,Full-time,4.36,Y
DP05318,12/18/2024,Divya Y,Mumbai,Scooter,Contract,4,Y
DP10973,12/28/2024,Amit J,Kolkata,Cycle,Part-time,4.36,Y
DP04799,1/2/2025,Divya R,Pune,Bike,Full-time,4.57,Y
DP00803,12/13/2024,Deepak M,Ahmedabad,Bike,Full-time,4.1,Y
DP06883,1/1/2025,Arjun I,Bengaluru,Scooter,Full-time,4.35,Y
DP14537,12/23/2024,Pooja P,Hyderabad,Scooter,Full-time,3.94,Y
DP03740,12/27/2024,Neha A,Bengaluru,Bike,Part-time,4.31,Y
DP07282,1/4/2025,Divya C,Delhi,Bike,Part-time,4.17,Y
DP10409,12/20/2024,Divya H,Mumbai,Cycle,Part-time,4.15,Y
DP04856,12/21/2024,Manoj J,Chennai,Bike,Full-time,4.56,Y
DP14392,12/20/2024,Rahul F,Mumbai,Car,Part-time,4.1,Y
DP08594,1/5/2025,Amit A,Bengaluru,Scooter,Contract,4.64,Y
DP04656,11/26/2024,Santosh Q,Bengaluru,Scooter,Part-time,4.39,Y
DP01765,12/18/2024,Ananya G,Bengaluru,Car,Part-time,3.99,Y
DP10703,3/14/2025,Deepak T,Chennai,Cycle,Full-time,4.07,Y
DP04768,1/16/2025,Arjun M,Pune,Scooter,Full-time,4.24,Y
DP07237,12/27/2024,Rakesh G,Kolkata,Scooter,Full-time,4.01,N
DP13877,12/28/2024,Shreya R,Kolkata,Scooter,Full-time,3.96,Y
DP12773,12/3/2024,Nikhil U,Bengaluru,Car,Contract,4.54,Y
DP09513,1/4/2025,Nikhil H,Bengaluru,Scooter,Contract,4.47,Y
DP09442,12/12/2024,Suresh B,Chennai,Cycle,Part-time,4.08,Y
DP00981,12/25/2024,Shreya P,Pune,Bike,Part-time,4.05,Y
DP11856,12/20/2024,Kiran H,Delhi,Cycle,Full-time,4.44,Y
DP14283,1/5/2025,Vikas U,Bengaluru,Scooter,Full-time,4.41,Y
DP13242,1/1/2025,Meena V,Hyderabad,Scooter,Full-time,3.82,Y
DP10118,12/18/2024,Santosh D,Ahmedabad,Cycle,Full-time,4.09,Y
DP14760,12/16/2024,Manoj L,Pune,Cycle,Part-time,3.81,Y
DP12465,12/26/2024,Rahul J,Delhi,Scooter,Part-time,4.42,Y
DP12957,12/30/2024,Rakesh M,Delhi,Scooter,Part-time,4.25,Y
DP07378,1/1/2025,Ravi I,Pune,Bike,Contract,3.85,Y
DP14577,12/29/2024,Suresh H,Pune,Cycle,Part-time,4.49,Y
DP08048,12/14/2024,Rakesh B,Delhi,Bike,Full-time,4.17,Y
DP01260,12/21/2024,Divya I,Hyderabad,Cycle,Part-time,4,Y
DP01540,12/11/2024,Deepak M,Kolkata,Scooter,Full-time,4.31,Y
DP07430,1/4/2025,Meena S,Mumbai,Bike,Full-time,4.62,Y
DP04146,12/25/2024,Santosh P,Delhi,Scooter,Part-time,3.8,Y
DP12414,5/18/2025,Meena X,Bengaluru,Scooter,Full-time,3.69,Y
DP01298,1/2/2025,Sneha U,Bengaluru,Scooter,Part-time,3.76,Y
DP04632,12/26/2024,Meena J,Bengaluru,Bike,Part-time,4,Y
DP01933,12/18/2024,Neha P,Bengaluru,Scooter,Full-time,4.27,Y
DP14433,12/27/2024,Suresh W,Bengaluru,Cycle,Full-time,4.3,N
DP01501,12/7/2024,Kiran Q,Delhi,Bike,Full-time,4.48,N
DP00486,1/5/2025,Sneha J,Pune,Bike,Contract,3.83,Y
DP13259,12/28/2024,Arjun C,Bengaluru,Bike,Contract,4.8,Y
DP09222,12/29/2024,Arjun J,Delhi,Bike,Full-time,4.19,Y
DP01152,12/11/2024,Vikas G,Bengaluru,Scooter,Contract,3.43,Y
DP13896,3/10/2025,Deepak U,Kolkata,Bike,Full-time,4.2,Y
DP04850,1/5/2025,Manoj K,Bengaluru,Scooter,Full-time,4.08,Y
DP13167,12/27/2024,Ananya A,Mumbai,Bike,Part-time,4.14,Y
DP10818,12/21/2024,Suresh G,Bengaluru,Scooter,Part-time,4.06,Y
DP03258,1/4/2025,Neha X,Mumbai,Bike,Full-time,4.04,Y
DP03890,1/3/2025,Vikas S,Chennai,Bike,Full-time,4.05,Y
DP01214,1/18/2025,Nikhil E,Kolkata,Cycle,Full-time,3.81,Y
DP00252,12/28/2024,Deepak M,Mumbai,Scooter,Full-time,4.22,Y
DP02526,1/4/2025,Nikhil F,Hyderabad,Bike,Part-time,3.95,Y
DP09361,1/3/2025,Pooja G,Ahmedabad,Bike,Full-time,4.85,Y
DP03490,1/3/2025,Sneha G,Mumbai,Cycle,Full-time,3.53,Y
DP10625,12/30/2024,Divya C,Hyderabad,Bike,Full-time,4.66,Y
DP08409,12/29/2024,Rahul H,Delhi,Scooter,Part-time,3.97,Y
DP13972,12/21/2024,Ananya X,Bengaluru,Bike,Full-time,3.54,Y
DP10318,1/4/2025,Shreya Y,Chennai,Scooter,Part-time,3.97,Y
DP06420,1/3/2025,Arjun N,Bengaluru,Car,Full-time,4.38,Y
DP10667,12/17/2024,Ravi X,Chennai,Bike,Full-time,4.37,N
DP02347,12/11/2024,Vikas N,Chennai,Bike,Full-time,4.54,Y
DP05145,1/3/2025,Rahul Q,Chennai,Cycle,Contract,4.01,Y
DP14694,1/3/2025,Priya U,Mumbai,Scooter,Full-time,4.1,Y
DP09706,12/26/2024,Arjun M,Ahmedabad,Scooter,Part-time,4.59,Y
DP11489,1/3/2025,Pooja O,Kolkata,Bike,Part-time,4.4,Y
DP10972,1/4/2025,Priya Q,Chennai,Bike,Part-time,4.29,Y
DP07202,1/1/2025,Amit L,Delhi,Cycle,Part-time,4.07,Y
DP14329,12/30/2024,Divya K,Mumbai,Scooter,Full-time,4.16,Y
DP13405,12/27/2024,Santosh Z,Hyderabad,Bike,Full-time,4.35,Y
DP13634,12/19/2024,Sneha G,Bengaluru,Scooter,Part-time,4.73,Y
DP03343,12/22/2024,Divya F,Bengaluru,Scooter,Full-time,3.99,N
DP05001,12/27/2024,Shreya X,Delhi,Cycle,Full-time,3.64,Y
DP07507,1/2/2025,Divya C,Kolkata,Cycle,Full-time,4.41,Y
DP04525,12/19/2024,Santosh E,Bengaluru,Bike,Full-time,3.9,Y
DP05730,12/13/2024,Nikhil H,Chennai,Car,Full-time,4.32,Y
DP00307,1/2/2025,Santosh R,Bengaluru,Scooter,Full-time,4.46,Y
DP08248,1/2/2025,Suresh E,Bengaluru,Scooter,Full-time,4.16,Y
DP01009,1/1/2025,Deepak D,Pune,Cycle,Full-time,4.13,Y
DP10383,1/1/2025,Vikas R,Bengaluru,Bike,Part-time,4.24,Y
DP13734,1/4/2025,Rakesh F,Pune,Scooter,Contract,4.65,Y
DP03796,12/27/2024,Deepak Y,Bengaluru,Scooter,Full-time,4.51,Y
DP00357,1/4/2025,Meena Y,Kolkata,Scooter,Full-time,4.44,Y
DP14843,12/14/2024,Divya H,Bengaluru,Scooter,Part-time,3.86,Y
DP13289,1/5/2025,Suresh B,Delhi,Scooter,Part-time,3.92,Y
DP10725,4/1/2025,Meena F,Mumbai,Scooter,Full-time,4.42,N
DP07727,12/18/2024,Rakesh X,Chennai,Bike,Full-time,4.67,Y
DP11746,12/25/2024,Neha P,Ahmedabad,Cycle,Full-time,4.35,Y
DP10121,1/4/2025,Rakesh R,Delhi,Bike,Part-time,4.02,Y
DP06517,12/14/2024,Amit G,Bengaluru,Scooter,Part-time,3.98,Y
DP08172,1/5/2025,Nikhil P,Pune,Scooter,Part-time,4.23,Y
DP03390,12/23/2024,Shreya W,Chennai,Bike,Contract,4.22,Y
DP07211,12/13/2024,Santosh Y,Delhi,Scooter,Part-time,4.34,N
DP02826,12/21/2024,Arjun I,Pune,Cycle,Full-time,3.8,Y
DP05597,11/29/2024,Nikhil G,Mumbai,Bike,Full-time,3.69,Y
DP05583,12/24/2024,Kiran A,Delhi,Scooter,Full-time,4.02,Y
DP06376,12/29/2024,Deepak E,Kolkata,Bike,Part-time,4.32,Y
DP13698,12/29/2024,Santosh J,Mumbai,Scooter,Contract,4.08,N
DP06789,1/5/2025,Rakesh W,Ahmedabad,Scooter,Part-time,4.23,Y
DP06920,12/27/2024,Kiran Q,Bengaluru,Scooter,Part-time,4.15,Y
DP09745,12/27/2024,Priya Y,Hyderabad,Scooter,Full-time,4.53,Y
DP13182,12/31/2024,Amit G,Kolkata,Scooter,Part-time,4.59,N
DP10691,12/21/2024,Deepak N,Ahmedabad,Scooter,Full-time,4.06,Y
DP03820,12/30/2024,Nikhil I,Hyderabad,Scooter,Full-time,4.2,N
DP14198,1/4/2025,Rakesh R,Bengaluru,Cycle,Contract,4.05,Y
DP10012,1/3/2025,Arjun K,Delhi,Bike,Full-time,4.38,Y
DP12033,12/24/2024,Kiran B,Ahmedabad,Scooter,Contract,4.31,Y
DP09227,12/29/2024,Meena G,Mumbai,Bike,Full-time,4.3,Y
DP01064,12/31/2024,Nikhil W,Ahmedabad,Bike,Contract,4.39,Y
DP00301,12/15/2024,Pooja B,Chennai,Bike,Full-time,4.25,Y
DP13981,1/2/2025,Divya U,Pune,Scooter,Full-time,3.94,Y
DP13438,11/26/2024,Rahul Q,Pune,Cycle,Contract,4.33,Y
DP01062,12/24/2024,Ravi V,Hyderabad,Scooter,Full-time,3.54,Y
DP02631,1/2/2025,Manoj M,Delhi,Bike,Contract,4.06,Y
DP04587,12/31/2024,Deepak Y,Pune,Scooter,Full-time,4.3,Y
DP05948,12/23/2024,Neha G,Bengaluru,Bike,Contract,4.06,Y
DP07359,12/29/2024,Manoj P,Ahmedabad,Scooter,Part-time,4.29,N
DP12944,1/6/2025,Kiran J,Pune,Scooter,Full-time,3.77,Y
DP03755,12/30/2024,Amit X,Delhi,Bike,Full-time,4.2,Y
DP03625,12/30/2024,Suresh Z,Delhi,Car,Part-time,3.73,Y
DP03248,1/4/2025,Ananya Y,Bengaluru,Car,Part-time,3.9,N
DP07088,12/22/2024,Pooja J,Bengaluru,Bike,Full-time,4.66,Y
DP13461,12/31/2024,Santosh J,Kolkata,Bike,Full-time,4.11,Y
DP07125,1/3/2025,Nikhil R,Delhi,Scooter,Contract,3.74,Y
DP09931,12/19/2024,Ananya J,Mumbai,Bike,Full-time,3.74,Y
DP03144,12/21/2024,Divya A,Pune,Scooter,Contract,4.05,Y
DP08734,1/1/2025,Kiran U,Bengaluru,Cycle,Contract,4.31,Y
DP12984,1/2/2025,Amit H,Bengaluru,Scooter,Part-time,3.87,Y
DP10968,12/9/2024,Pooja J,Ahmedabad,Scooter,Contract,3.63,Y
DP07656,12/27/2024,Priya T,Chennai,Bike,Contract,3.74,Y
DP01901,12/31/2024,Ananya D,Ahmedabad,Scooter,Full-time,4.53,Y
DP12743,12/28/2024,Amit E,Kolkata,Bike,Contract,4.13,N
DP13063,1/3/2025,Manoj K,Delhi,Cycle,Contract,3.83,Y
DP09900,1/1/2025,Shreya U,Hyderabad,Bike,Full-time,3.81,N
DP13385,12/21/2024,Divya C,Mumbai,Bike,Full-time,4.21,Y
DP05706,12/29/2024,Deepak Q,Kolkata,Scooter,Contract,3.83,Y
DP05917,1/6/2025,Ravi K,Ahmedabad,Bike,Contract,4.46,Y
DP06266,1/3/2025,Nikhil X,Mumbai,Bike,Part-time,4.39,Y
DP07773,12/2/2024,Divya U,Bengaluru,Bike,Full-time,3.68,Y
DP11639,1/3/2025,Rakesh B,Pune,Scooter,Contract,4.18,Y
DP13009,12/29/2024,Pooja B,Hyderabad,Bike,Part-time,4.75,Y
DP14673,12/21/2024,Nikhil J,Chennai,Scooter,Full-time,4.08,Y
DP10688,1/6/2025,Shreya T,Kolkata,Bike,Part-time,4.22,Y
DP03634,12/27/2024,Ananya L,Bengaluru,Cycle,Full-time,4.31,N
DP01617,12/23/2024,Nikhil B,Hyderabad,Bike,Contract,4.75,Y
DP11581,12/18/2024,Rakesh P,Mumbai,Bike,Full-time,4.19,Y
DP14062,1/22/2025,Sneha D,Mumbai,Scooter,Full-time,4.69,Y
DP11874,12/30/2024,Rakesh U,Bengaluru,Scooter,Part-time,4.33,Y
DP01186,12/31/2024,Priya F,Bengaluru,Scooter,Contract,3.94,Y
DP02281,12/25/2024,Manoj M,Mumbai,Scooter,Full-time,4.74,Y
DP03007,12/30/2024,Meena N,Bengaluru,Scooter,Full-time,4.07,Y
DP10563,1/4/2025,Manoj E,Pune,Bike,Part-time,4.12,Y
DP12306,1/5/2025,Ravi I,Pune,Scooter,Part-time,4.04,Y
DP13046,1/2/2025,Neha S,Mumbai,Scooter,Part-time,4.36,Y
DP13010,12/12/2024,Santosh H,Delhi,Scooter,Full-time,4.09,Y
DP09405,1/6/2025,Rahul Z,Chennai,Scooter,Full-time,4,Y
DP13729,1/4/2025,Ravi N,Mumbai,Cycle,Part-time,4.54,Y
DP12664,1/2/2025,Shreya S,Ahmedabad,Bike,Part-time,3.62,Y
DP07613,12/25/2024,Shreya W,Bengaluru,Bike,Full-time,3.85,Y
DP12652,2/19/2025,Divya X,Kolkata,Bike,Full-time,4.36,Y
DP11981,1/5/2025,Kiran Z,Ahmedabad,Scooter,Full-time,4.53,N
DP07006,12/26/2024,Nikhil R,Mumbai,Scooter,Full-time,4.44,Y
DP02306,12/26/2024,Meena Z,Hyderabad,Scooter,Part-time,3.87,Y
DP03977,1/5/2025,Vikas W,Bengaluru,Scooter,Full-time,4.21,Y
DP13175,12/7/2024,Deepak Y,Chennai,Scooter,Full-time,4.27,Y
DP14266,1/5/2025,Suresh T,Hyderabad,Cycle,Full-time,4.32,Y
DP03056,12/8/2024,Santosh U,Mumbai,Scooter,Full-time,3.74,Y
DP12083,1/3/2025,Deepak P,Bengaluru,Scooter,Full-time,3.77,Y
DP06822,12/24/2024,Ananya M,Bengaluru,Scooter,Contract,4.63,Y
DP06394,12/23/2024,Manoj W,Bengaluru,Car,Contract,4.6,Y
DP11953,12/24/2024,Kiran Q,Delhi,Scooter,Contract,3.92,Y
DP12023,1/4/2025,Deepak E,Hyderabad,Car,Part-time,3.87,Y
DP14270,1/5/2025,Divya Q,Chennai,Bike,Part-time,4.18,Y
DP00576,1/17/2025,Amit L,Chennai,Bike,Full-time,3.87,Y
DP09797,12/25/2024,Shreya V,Pune,Scooter,Full-time,4.14,Y
DP12785,1/6/2025,Sneha B,Bengaluru,Bike,Full-time,4.46,Y
DP04002,12/18/2024,Vikas U,Hyderabad,Scooter,Full-time,4.83,Y
DP08397,1/3/2025,Suresh D,Ahmedabad,Car,Full-time,4.11,Y
DP08998,12/17/2024,Nikhil D,Chennai,Bike,Full-time,4.05,Y
DP03058,12/10/2024,Nikhil W,Delhi,Cycle,Contract,4.18,Y
DP04976,1/5/2025,Rakesh Z,Chennai,Bike,Full-time,4.3,Y
DP08504,1/4/2025,Rakesh I,Mumbai,Cycle,Full-time,4.1,Y
DP01531,1/3/2025,Neha N,Bengaluru,Scooter,Part-time,3.37,Y
DP08465,1/1/2025,Shreya G,Bengaluru,Cycle,Full-time,4.03,Y
DP02724,1/4/2025,Manoj O,Ahmedabad,Scooter,Full-time,4.87,N
DP03471,12/24/2024,Rahul Y,Mumbai,Bike,Contract,4.2,Y
DP05404,1/5/2025,Santosh B,Pune,Bike,Part-time,3.82,Y
DP02420,1/18/2025,Arjun G,Bengaluru,Bike,Full-time,4.11,Y
DP09263,12/24/2024,Pooja P,Ahmedabad,Bike,Part-time,4.36,Y
DP08765,1/1/2025,Pooja T,Delhi,Scooter,Contract,3.98,N
DP08990,1/27/2025,Ravi U,Delhi,Scooter,Full-time,3.96,Y
DP12006,12/31/2024,Ravi I,Delhi,Scooter,Part-time,4.42,Y
DP04129,12/27/2024,Priya A,Delhi,Scooter,Full-time,3.92,N
DP14748,1/2/2025,Neha G,Hyderabad,Bike,Contract,4,Y
DP08631,12/30/2024,Pooja Q,Kolkata,Scooter,Full-time,4.39,N
DP04213,12/5/2024,Suresh C,Bengaluru,Cycle,Full-time,4.4,Y
DP07339,12/11/2024,Santosh J,Chennai,Bike,Full-time,4.34,Y
DP04114,12/4/2024,Amit Z,Kolkata,Scooter,Part-time,3.57,Y
DP14019,12/27/2024,Priya Y,Delhi,Cycle,Part-time,4.01,Y
DP05465,12/5/2024,Suresh F,Pune,Bike,Full-time,4.46,Y
DP11089,12/24/2024,Rahul D,Delhi,Bike,Full-time,4.55,Y
DP00622,12/23/2024,Divya X,Bengaluru,Bike,Part-time,4.55,Y
DP06889,1/3/2025,Pooja D,Ahmedabad,Scooter,Full-time,4.05,Y
DP12818,12/28/2024,Pooja F,Pune,Scooter,Part-time,4.21,Y
DP07566,12/31/2024,Rahul H,Bengaluru,Bike,Full-time,4.53,Y
DP12661,1/5/2025,Meena U,Mumbai,Bike,Part-time,3.83,Y
DP00376,12/28/2024,Divya B,Bengaluru,Scooter,Full-time,4.14,Y
DP04476,12/26/2024,Amit S,Delhi,Bike,Full-time,4.57,Y
DP08653,1/2/2025,Sneha T,Chennai,Bike,Contract,4.07,Y
DP07882,12/29/2024,Meena V,Ahmedabad,Bike,Part-time,4.34,Y
DP06253,12/28/2024,Rahul T,Bengaluru,Bike,Full-time,3.76,Y
DP09073,12/28/2024,Rahul J,Bengaluru,Scooter,Full-time,4.14,Y
DP08374,1/2/2025,Rakesh M,Hyderabad,Bike,Part-time,4.03,N
DP01644,12/29/2024,Kiran B,Hyderabad,Cycle,Part-time,4.08,N
DP07864,1/5/2025,Arjun K,Ahmedabad,Scooter,Full-time,3.86,Y
DP10825,12/24/2024,Shreya A,Pune,Scooter,Full-time,4.11,N
DP03662,1/4/2025,Sneha Z,Hyderabad,Bike,Contract,4.3,Y
DP00916,1/2/2025,Neha A,Kolkata,Scooter,Contract,4.18,Y
DP01484,12/12/2024,Amit N,Ahmedabad,Bike,Part-time,4.64,N
DP09383,12/24/2024,Ravi H,Bengaluru,Scooter,Part-time,4.19,Y
DP04515,12/21/2024,Amit J,Kolkata,Bike,Full-time,4.51,Y
DP12842,12/28/2024,Rakesh U,Chennai,Cycle,Full-time,3.76,Y
DP10826,1/5/2025,Nikhil C,Pune,Cycle,Full-time,4.37,N
DP02330,1/2/2025,Arjun C,Bengaluru,Bike,Part-time,4.24,Y
DP14959,11/29/2024,Priya C,Bengaluru,Scooter,Part-time,3.99,N
DP01376,1/6/2025,Pooja U,Pune,Bike,Full-time,4.46,Y
DP09894,1/4/2025,Kiran A,Bengaluru,Cycle,Full-time,4.34,N
DP03775,12/30/2024,Manoj R,Chennai,Bike,Contract,4.06,Y
DP11394,12/28/2024,Manoj U,Kolkata,Scooter,Full-time,4.34,Y
DP10246,12/26/2024,Nikhil D,Bengaluru,Scooter,Full-time,3.49,Y
DP10902,12/24/2024,Divya C,Mumbai,Bike,Full-time,3.94,Y
DP00102,1/30/2025,Manoj M,Bengaluru,Bike,Part-time,4.25,Y
DP12501,1/2/2025,Sneha B,Kolkata,Bike,Part-time,4.72,Y
DP01372,1/27/2025,Ravi N,Pune,Cycle,Contract,4.71,Y
DP12672,1/2/2025,Ananya L,Hyderabad,Cycle,Full-time,3.8,Y
DP05371,12/25/2024,Meena G,Mumbai,Bike,Contract,3.89,Y
DP10854,12/29/2024,Vikas Z,Mumbai,Bike,Full-time,4.29,N
DP00836,12/13/2024,Ananya I,Pune,Bike,Contract,4.3,Y
DP12312,1/1/2025,Amit C,Mumbai,Bike,Full-time,4.03,N
DP05240,12/3/2024,Santosh Z,Delhi,Bike,Contract,4.17,Y
DP02340,12/9/2024,Priya T,Mumbai,Scooter,Full-time,4.57,Y
DP10467,12/25/2024,Santosh D,Delhi,Cycle,Full-time,4.21,Y
DP05406,12/30/2024,Sneha P,Bengaluru,Cycle,Full-time,4.18,Y
DP14068,12/15/2024,Amit Z,Chennai,Scooter,Full-time,4.51,Y
DP02881,1/3/2025,Neha T,Bengaluru,Bike,Full-time,4.52,Y
DP12738,12/13/2024,Sneha G,Bengaluru,Bike,Part-time,3.95,Y
DP13627,1/3/2025,Arjun V,Pune,Bike,Full-time,4.15,N
DP11232,1/16/2025,Suresh Y,Bengaluru,Scooter,Full-time,4.79,Y
DP04924,12/19/2024,Shreya S,Ahmedabad,Bike,Full-time,4.41,Y
DP06562,12/5/2024,Ananya A,Chennai,Bike,Full-time,4.59,N
DP07262,12/25/2024,Rahul P,Bengaluru,Bike,Full-time,3.93,Y
DP09757,12/8/2024,Arjun V,Ahmedabad,Bike,Full-time,3.96,Y
DP03233,1/3/2025,Divya M,Pune,Scooter,Part-time,4.45,N
DP02709,12/29/2024,Pooja T,Bengaluru,Bike,Full-time,4.8,Y
DP05701,1/2/2025,Meena N,Bengaluru,Scooter,Part-time,4.18,Y
DP11750,1/1/2025,Sneha J,Mumbai,Scooter,Full-time,4.27,Y
DP06462,12/30/2024,Neha P,Mumbai,Bike,Full-time,4.01,Y
DP07104,1/2/2025,Sneha X,Delhi,Scooter,Full-time,4.07,Y
DP13523,12/27/2024,Vikas L,Ahmedabad,Scooter,Part-time,4.15,Y
DP00707,1/3/2025,Vikas W,Hyderabad,Scooter,Full-time,4.18,Y
DP01757,1/2/2025,Meena Z,Chennai,Bike,Contract,4.25,Y
DP03362,1/7/2025,Priya L,Kolkata,Scooter,Full-time,4.68,Y
DP08316,12/23/2024,Priya C,Bengaluru,Scooter,Part-time,4.37,Y
DP14183,1/21/2025,Kiran O,Hyderabad,Bike,Contract,4.33,Y
DP04174,1/3/2025,Neha M,Delhi,Bike,Full-time,3.92,Y
DP13281,1/6/2025,Rakesh Z,Pune,Cycle,Full-time,4.3,Y
DP07024,12/22/2024,Amit V,Pune,Scooter,Contract,4.33,Y
DP12409,12/22/2024,Vikas L,Bengaluru,Scooter,Full-time,4.43,Y
DP02753,12/23/2024,Manoj D,Ahmedabad,Scooter,Full-time,4.4,N
DP01396,1/2/2025,Ravi P,Mumbai,Scooter,Contract,4.28,Y
DP14316,12/31/2024,Kiran I,Bengaluru,Cycle,Full-time,4.24,Y
DP12445,1/2/2025,Vikas D,Hyderabad,Bike,Full-time,4.65,Y
DP03190,2/4/2025,Neha Z,Mumbai,Cycle,Contract,4.25,Y
DP04982,12/29/2024,Deepak O,Bengaluru,Car,Full-time,4.42,Y
DP13036,12/29/2024,Ananya B,Hyderabad,Bike,Contract,4.03,Y
DP10099,12/22/2024,Ravi Z,Bengaluru,Scooter,Full-time,4.33,Y
DP11916,12/23/2024,Ravi H,Delhi,Scooter,Contract,4.02,Y
DP13300,12/31/2024,Priya G,Mumbai,Scooter,Part-time,4.11,Y
DP02801,1/2/2025,Ananya Z,Delhi,Scooter,Part-time,3.68,Y
DP02560,12/23/2024,Santosh W,Kolkata,Bike,Contract,4.45,Y
DP01999,1/15/2025,Deepak L,Mumbai,Scooter,Contract,4.52,Y
DP14039,12/22/2024,Neha N,Hyderabad,Scooter,Full-time,3.6,Y
DP05037,1/4/2025,Suresh F,Bengaluru,Scooter,Part-time,4.21,Y
DP05727,12/7/2024,Priya W,Mumbai,Scooter,Contract,4.15,Y
DP12489,1/5/2025,Santosh W,Ahmedabad,Bike,Full-time,4.75,Y
DP07731,1/4/2025,Pooja N,Bengaluru,Bike,Contract,3.9,Y
DP06093,12/25/2024,Suresh D,Bengaluru,Scooter,Full-time,4.19,Y
DP05322,12/23/2024,Santosh H,Kolkata,Car,Part-time,4.18,Y
DP04933,12/30/2024,Rahul D,Pune,Bike,Full-time,4.28,Y
DP03637,12/28/2024,Meena J,Chennai,Scooter,Contract,3.92,Y
DP06177,12/23/2024,Divya X,Kolkata,Bike,Full-time,4.55,Y
DP09863,12/13/2024,Shreya V,Hyderabad,Bike,Full-time,4.2,Y
DP10393,12/22/2024,Rakesh C,Hyderabad,Scooter,Full-time,4.27,Y
DP08565,12/20/2024,Vikas E,Hyderabad,Bike,Full-time,4.3,N
DP09426,12/28/2024,Rahul G,Pune,Bike,Contract,4.16,Y
DP13998,12/28/2024,Meena P,Hyderabad,Scooter,Contract,4.98,Y
DP12855,12/27/2024,Neha Y,Bengaluru,Car,Contract,4.36,Y
DP01020,3/2/2025,Deepak G,Mumbai,Scooter,Full-time,4.26,Y
DP12351,12/25/2024,Meena K,Mumbai,Cycle,Full-time,3.72,Y
DP10207,1/5/2025,Santosh T,Pune,Bike,Full-time,4.35,Y
DP13774,1/8/2025,Pooja F,Hyderabad,Cycle,Full-time,3.88,Y
DP05897,12/20/2024,Kiran X,Chennai,Cycle,Part-time,4.38,Y
DP08167,12/16/2024,Santosh U,Bengaluru,Bike,Part-time,4.08,N
DP04588,12/15/2024,Suresh C,Bengaluru,Bike,Full-time,3.76,Y
DP12151,12/25/2024,Priya F,Hyderabad,Bike,Part-time,3.56,Y
DP04151,2/9/2025,Shreya K,Ahmedabad,Cycle,Full-time,4.31,N
DP02495,12/23/2024,Suresh P,Chennai,Bike,Full-time,4.12,Y
DP09129,12/31/2024,Santosh V,Kolkata,Car,Full-time,4.46,Y
DP00552,12/6/2024,Pooja N,Hyderabad,Scooter,Full-time,4.5,Y
DP02133,12/28/2024,Neha Z,Kolkata,Bike,Contract,4.58,Y
DP01620,1/23/2025,Kiran C,Ahmedabad,Bike,Full-time,3.9,Y
DP03752,12/23/2024,Ananya N,Mumbai,Scooter,Contract,4.11,Y
DP05654,12/7/2024,Suresh I,Delhi,Scooter,Contract,4.38,Y
DP11462,12/31/2024,Rakesh K,Bengaluru,Scooter,Part-time,3.63,Y
DP11270,1/1/2025,Priya H,Bengaluru,Car,Part-time,4.66,Y
DP04290,1/1/2025,Kiran D,Pune,Car,Full-time,3.46,N
DP01371,11/18/2024,Suresh V,Ahmedabad,Bike,Part-time,4.08,Y
DP02256,1/2/2025,Vikas C,Kolkata,Scooter,Full-time,4.12,Y
DP13331,1/1/2025,Priya K,Pune,Bike,Full-time,4.53,Y
DP08018,12/25/2024,Arjun L,Ahmedabad,Bike,Part-time,4.66,Y
DP02269,1/4/2025,Divya Y,Hyderabad,Car,Full-time,4.26,Y
DP07296,1/1/2025,Sneha I,Bengaluru,Bike,Full-time,4.45,Y
DP07989,12/29/2024,Arjun T,Ahmedabad,Scooter,Contract,4.04,Y
DP11138,1/4/2025,Meena J,Ahmedabad,Bike,Full-time,4.28,Y
DP00233,1/7/2025,Sneha U,Mumbai,Cycle,Full-time,4.07,Y
DP14470,12/26/2024,Meena T,Ahmedabad,Scooter,Full-time,4.31,Y
DP02389,12/30/2024,Priya M,Bengaluru,Bike,Full-time,4.23,Y
DP11584,1/6/2025,Santosh C,Delhi,Cycle,Contract,4.39,Y
DP05884,12/19/2024,Priya Q,Bengaluru,Scooter,Full-time,4.38,Y
DP04168,12/31/2024,Amit M,Bengaluru,Scooter,Full-time,4.02,Y
DP02475,12/21/2024,Rakesh M,Bengaluru,Scooter,Part-time,4.21,Y
DP12541,12/31/2024,Shreya A,Bengaluru,Scooter,Full-time,3.47,N
DP14822,12/31/2024,Ravi H,Mumbai,Bike,Full-time,3.97,Y
DP01235,12/24/2024,Neha U,Delhi,Car,Full-time,4.2,Y
DP07693,1/5/2025,Neha P,Kolkata,Bike,Full-time,4.23,Y
DP00585,12/9/2024,Kiran I,Bengaluru,Bike,Full-time,4.54,Y
DP03165,12/29/2024,Rakesh S,Pune,Cycle,Part-time,4.02,N
DP05288,1/2/2025,Ravi C,Bengaluru,Scooter,Full-time,4.34,Y
DP08573,1/3/2025,Shreya C,Ahmedabad,Bike,Contract,4.21,Y
DP01275,12/29/2024,Rahul I,Bengaluru,Bike,Full-time,4.4,Y
DP03423,12/18/2024,Sneha K,Kolkata,Cycle,Full-time,4.53,N
DP11812,12/31/2024,Santosh G,Bengaluru,Scooter,Full-time,4.79,Y
DP13536,1/1/2025,Ananya J,Chennai,Scooter,Full-time,3.94,Y
DP06009,1/16/2025,Arjun M,Kolkata,Scooter,Part-time,4.27,Y
DP07779,1/7/2025,Santosh Z,Ahmedabad,Scooter,Part-time,3.97,Y
DP08608,12/16/2024,Manoj K,Delhi,Car,Full-time,3.97,Y
DP03913,12/21/2024,Meena Y,Delhi,Bike,Part-time,3.8,N
DP04335,12/26/2024,Nikhil B,Kolkata,Scooter,Full-time,4.47,N
DP10426,12/19/2024,Pooja H,Ahmedabad,Bike,Full-time,3.57,Y
DP14874,12/30/2024,Suresh Q,Bengaluru,Scooter,Part-time,4.07,Y
DP10792,12/19/2024,Shreya Z,Chennai,Scooter,Full-time,3.9,Y
DP14422,12/8/2024,Pooja E,Ahmedabad,Scooter,Full-time,4.03,Y
DP14448,12/26/2024,Pooja X,Mumbai,Scooter,Full-time,3.78,Y
DP04246,12/10/2024,Manoj D,Bengaluru,Scooter,Full-time,3.82,Y
DP07581,1/7/2025,Deepak I,Chennai,Scooter,Full-time,4.36,Y
DP13638,12/15/2024,Rahul D,Bengaluru,Bike,Part-time,4.09,Y
DP00431,1/3/2025,Priya Y,Mumbai,Cycle,Full-time,4.03,Y
DP13234,12/15/2024,Pooja T,Mumbai,Bike,Part-time,4.51,Y
DP07814,1/6/2025,Priya S,Chennai,Scooter,Full-time,4.05,Y
DP01348,12/28/2024,Sneha P,Pune,Scooter,Contract,3.7,Y
DP09351,12/23/2024,Suresh T,Bengaluru,Bike,Full-time,4.64,Y
DP05273,12/27/2024,Manoj O,Pune,Scooter,Full-time,4.34,Y
DP03305,1/4/2025,Manoj L,Bengaluru,Scooter,Full-time,3.89,Y
DP14312,12/31/2024,Sneha Q,Bengaluru,Car,Full-time,4.04,Y
DP06641,12/25/2024,Santosh S,Pune,Scooter,Full-time,4.57,Y
DP09127,1/4/2025,Meena Q,Hyderabad,Scooter,Full-time,4.73,Y
DP07974,12/21/2024,Pooja L,Bengaluru,Scooter,Full-time,4.1,Y
DP11442,12/19/2024,Amit L,Chennai,Cycle,Part-time,4.24,Y
DP11599,2/17/2025,Rahul A,Delhi,Bike,Part-time,4.62,Y
DP06321,1/2/2025,Amit M,Mumbai,Cycle,Full-time,4.01,Y
DP14215,1/2/2025,Rahul R,Kolkata,Cycle,Full-time,3.74,Y
DP13369,12/13/2024,Meena G,Chennai,Scooter,Full-time,3.58,Y
DP14334,12/26/2024,Suresh G,Bengaluru,Scooter,Part-time,4.22,Y
DP14280,12/29/2024,Priya W,Kolkata,Car,Part-time,4.03,Y
DP11199,1/2/2025,Neha P,Bengaluru,Bike,Contract,4.5,Y
DP01693,12/27/2024,Meena F,Delhi,Scooter,Full-time,4.12,Y
DP12933,12/8/2024,Arjun Y,Pune,Bike,Contract,3.82,Y
DP01097,1/6/2025,Ravi Y,Pune,Cycle,Full-time,4.46,Y
DP07992,1/2/2025,Kiran O,Bengaluru,Bike,Full-time,4.37,Y
DP14730,1/12/2025,Meena P,Ahmedabad,Bike,Part-time,3.68,Y
DP00436,1/3/2025,Pooja N,Delhi,Bike,Part-time,4.25,Y
DP03170,12/31/2024,Divya U,Bengaluru,Scooter,Part-time,4.88,Y
DP01087,1/6/2025,Manoj K,Pune,Car,Part-time,4.05,Y
DP09269,12/29/2024,Priya W,Mumbai,Scooter,Part-time,4.3,Y
DP12966,1/4/2025,Meena S,Mumbai,Scooter,Contract,4.11,Y
DP01153,12/21/2024,Vikas N,Kolkata,Bike,Full-time,4.19,Y
DP01595,12/17/2024,Priya N,Bengaluru,Scooter,Full-time,4.32,Y
DP13235,1/24/2025,Ananya O,Hyderabad,Scooter,Contract,4.2,Y
DP02545,12/30/2024,Nikhil U,Chennai,Bike,Full-time,4.54,Y
DP11342,1/3/2025,Vikas K,Kolkata,Bike,Part-time,4.38,Y
DP13446,12/11/2024,Deepak P,Bengaluru,Bike,Part-time,4.67,Y
DP08451,1/29/2025,Manoj P,Chennai,Bike,Full-time,4.31,Y
DP09369,12/31/2024,Ananya I,Delhi,Bike,Full-time,4.29,Y
DP10108,12/13/2024,Santosh H,Bengaluru,Bike,Full-time,4.18,Y
DP10579,12/20/2024,Nikhil W,Mumbai,Bike,Full-time,3.9,Y
DP10240,12/6/2024,Amit J,Mumbai,Cycle,Contract,3.8,Y
DP13856,1/3/2025,Suresh V,Pune,Bike,Part-time,4.28,Y
DP07597,12/13/2024,Meena N,Delhi,Bike,Full-time,4.07,Y
DP00172,1/1/2025,Manoj C,Hyderabad,Cycle,Contract,4.17,N
DP07033,12/30/2024,Amit Z,Delhi,Cycle,Part-time,4.54,Y
DP14480,12/31/2024,Neha O,Mumbai,Bike,Part-time,4.22,Y
DP14749,12/29/2024,Pooja C,Chennai,Bike,Part-time,3.83,Y
DP03280,1/3/2025,Priya Y,Mumbai,Bike,Full-time,4.21,Y
DP11445,1/3/2025,Priya F,Mumbai,Scooter,Full-time,4.05,Y
DP13571,12/21/2024,Divya J,Bengaluru,Cycle,Full-time,3.87,Y
DP03649,1/6/2025,Pooja B,Chennai,Cycle,Full-time,4.81,Y
DP07982,12/15/2024,Santosh C,Delhi,Cycle,Part-time,4.76,Y
DP06988,12/24/2024,Divya N,Hyderabad,Bike,Part-time,4.39,Y
DP09971,12/31/2024,Ravi Z,Ahmedabad,Bike,Full-time,4.3,N
DP02382,1/6/2025,Suresh J,Bengaluru,Bike,Contract,4.05,Y
DP08245,12/31/2024,Manoj S,Bengaluru,Scooter,Part-time,3.68,Y
DP06845,11/30/2024,Sneha A,Chennai,Cycle,Full-time,4.27,Y
DP14419,12/29/2024,Santosh P,Kolkata,Scooter,Part-time,3.96,Y
DP08452,12/31/2024,Priya U,Mumbai,Scooter,Contract,4.88,N
DP01520,12/19/2024,Ananya B,Mumbai,Car,Full-time,4.42,Y
DP07808,12/8/2024,Ananya R,Mumbai,Scooter,Contract,3.98,Y
DP13951,12/28/2024,Neha R,Pune,Car,Full-time,4.16,Y
DP08475,12/31/2024,Ananya F,Pune,Scooter,Full-time,4.6,Y
DP14787,12/30/2024,Kiran V,Chennai,Bike,Part-time,3.91,N
DP02320,1/1/2025,Priya Z,Mumbai,Cycle,Contract,3.86,Y
DP02185,12/29/2024,Santosh D,Kolkata,Cycle,Part-time,4.18,Y
DP04112,12/28/2024,Kiran C,Delhi,Cycle,Contract,3.89,Y
DP03710,1/7/2025,Priya V,Kolkata,Cycle,Full-time,4.35,Y
DP04195,12/21/2024,Santosh B,Kolkata,Scooter,Full-time,4.36,Y
DP13702,1/5/2025,Ananya E,Pune,Bike,Contract,4.28,N
DP12574,12/23/2024,Pooja S,Ahmedabad,Bike,Contract,4.24,Y
DP07175,12/27/2024,Kiran Q,Ahmedabad,Scooter,Full-time,4.42,Y
DP02558,12/21/2024,Nikhil I,Kolkata,Scooter,Part-time,3.99,Y
DP14088,12/31/2024,Manoj J,Kolkata,Bike,Full-time,4.03,Y
DP07455,12/27/2024,Priya T,Delhi,Cycle,Part-time,4.13,Y
DP04385,12/27/2024,Arjun D,Pune,Bike,Part-time,3.94,Y
DP07914,12/29/2024,Ravi W,Mumbai,Scooter,Part-time,4.08,Y
DP04990,1/3/2025,Suresh W,Chennai,Bike,Part-time,4.45,Y
DP11033,12/31/2024,Kiran Q,Mumbai,Bike,Part-time,4.29,Y
DP10107,12/30/2024,Suresh L,Chennai,Scooter,Full-time,4.49,Y
DP06554,12/27/2024,Suresh F,Delhi,Bike,Part-time,3.7,Y
DP14796,12/30/2024,Manoj K,Bengaluru,Scooter,Full-time,3.73,Y
DP00123,1/6/2025,Kiran V,Mumbai,Bike,Full-time,3.94,Y
DP06914,1/6/2025,Nikhil Z,Kolkata,Scooter,Contract,4.42,Y
DP07617,12/27/2024,Suresh J,Bengaluru,Scooter,Full-time,3.87,Y
DP11073,1/18/2025,Amit P,Delhi,Bike,Full-time,4.33,Y
DP12355,1/5/2025,Pooja R,Ahmedabad,Bike,Contract,4.11,Y
DP01236,1/7/2025,Divya D,Hyderabad,Bike,Full-time,4.3,N
DP10876,12/9/2024,Ananya T,Mumbai,Scooter,Contract,4.07,Y
DP13846,1/2/2025,Divya R,Delhi,Cycle,Full-time,4.05,Y
DP02550,12/7/2024,Neha L,Bengaluru,Bike,Contract,3.55,Y
DP04176,12/27/2024,Shreya P,Mumbai,Scooter,Full-time,4.24,Y
DP12360,12/24/2024,Arjun L,Chennai,Bike,Full-time,4.17,Y
DP02897,1/3/2025,Arjun Q,Kolkata,Bike,Part-time,4.06,Y
DP07934,12/31/2024,Shreya P,Mumbai,Cycle,Full-time,3.83,Y
DP14227,1/7/2025,Sneha C,Bengaluru,Scooter,Full-time,4.12,Y
DP06754,12/16/2024,Rahul V,Hyderabad,Scooter,Full-time,4.1,Y
DP00340,12/8/2024,Meena A,Hyderabad,Scooter,Full-time,4.36,Y
DP13747,1/3/2025,Ananya K,Bengaluru,Bike,Part-time,4.32,N
DP12608,2/12/2025,Vikas X,Bengaluru,Scooter,Full-time,3.78,Y
DP05892,12/25/2024,Kiran R,Mumbai,Bike,Full-time,4.6,Y
DP02470,12/22/2024,Ravi M,Chennai,Bike,Contract,4.78,Y
DP02760,12/29/2024,Pooja V,Mumbai,Bike,Contract,3.79,Y
DP07145,1/1/2025,Amit H,Hyderabad,Scooter,Full-time,3.85,Y
DP14907,12/17/2024,Vikas V,Chennai,Bike,Full-time,4.32,Y
DP11043,12/28/2024,Nikhil R,Delhi,Bike,Full-time,4.02,Y
DP08046,1/6/2025,Shreya P,Bengaluru,Bike,Part-time,4.25,Y
DP12918,11/23/2024,Ravi L,Bengaluru,Bike,Contract,4.17,Y
DP13522,1/4/2025,Vikas O,Bengaluru,Scooter,Part-time,4.44,Y
DP10630,11/27/2024,Rakesh H,Hyderabad,Bike,Contract,3.98,Y
DP01429,11/29/2024,Sneha R,Bengaluru,Car,Part-time,4.29,Y
DP14711,12/15/2024,Meena M,Kolkata,Bike,Full-time,3.83,N
DP03127,1/3/2025,Arjun I,Ahmedabad,Scooter,Full-time,4.38,Y
DP00404,1/16/2025,Meena D,Hyderabad,Scooter,Part-time,4.53,Y
DP01200,12/29/2024,Sneha M,Delhi,Cycle,Full-time,4.51,Y
DP14996,12/22/2024,Sneha N,Bengaluru,Cycle,Full-time,4.39,Y
DP05723,1/6/2025,Kiran D,Pune,Scooter,Full-time,4.02,Y
DP10182,1/2/2025,Priya W,Bengaluru,Scooter,Part-time,4.46,Y
DP03366,12/29/2024,Amit I,Bengaluru,Bike,Part-time,4.05,Y
DP05868,1/1/2025,Manoj W,Pune,Bike,Part-time,4.35,N
DP01352,1/2/2025,Priya B,Ahmedabad,Scooter,Full-time,3.83,Y
DP06807,1/2/2025,Priya P,Delhi,Bike,Part-time,4.4,Y
DP08021,1/7/2025,Suresh N,Delhi,Scooter,Contract,4.29,Y
DP10446,12/22/2024,Ananya S,Delhi,Scooter,Part-time,4.54,N
DP12204,12/28/2024,Rahul C,Delhi,Bike,Full-time,4.4,Y
DP05671,12/27/2024,Ravi M,Bengaluru,Bike,Contract,3.94,Y
DP05591,12/22/2024,Shreya U,Bengaluru,Scooter,Full-time,3.9,Y
DP00221,12/31/2024,Neha K,Pune,Scooter,Part-time,4.21,Y
DP06012,1/4/2025,Ananya K,Delhi,Bike,Part-time,4.15,Y
DP00245,11/28/2024,Shreya J,Delhi,Scooter,Contract,3.99,Y
DP14024,12/23/2024,Shreya Z,Bengaluru,Bike,Full-time,4.51,Y
DP12269,1/3/2025,Rahul Q,Bengaluru,Bike,Full-time,4.05,Y
DP07558,12/25/2024,Suresh J,Mumbai,Bike,Full-time,4.01,Y
DP03242,12/21/2024,Santosh Q,Delhi,Bike,Full-time,3.98,Y
DP06469,1/1/2025,Pooja F,Bengaluru,Cycle,Full-time,3.95,Y
DP01541,12/8/2024,Deepak K,Delhi,Scooter,Contract,3.94,Y
DP07363,1/5/2025,Manoj T,Hyderabad,Bike,Contract,3.82,Y
DP13023,1/31/2025,Rahul R,Bengaluru,Bike,Contract,3.62,Y
DP00393,12/7/2024,Amit G,Delhi,Bike,Part-time,4.28,Y
DP09113,12/13/2024,Amit P,Ahmedabad,Cycle,Full-time,4.18,Y
DP06216,1/4/2025,Kiran F,Delhi,Scooter,Contract,4.73,Y
DP03552,1/5/2025,Deepak V,Pune,Bike,Part-time,4.22,N
DP05612,12/26/2024,Divya P,Ahmedabad,Cycle,Contract,3.82,Y
DP03732,12/27/2024,Santosh C,Ahmedabad,Bike,Full-time,4.1,Y
DP00795,12/7/2024,Neha P,Delhi,Cycle,Part-time,3.97,Y
DP10281,12/19/2024,Divya O,Chennai,Bike,Full-time,4.35,Y
DP14553,12/23/2024,Amit J,Delhi,Scooter,Contract,4.02,Y
DP12893,12/31/2024,Arjun N,Mumbai,Scooter,Part-time,4.1,Y
DP09667,12/24/2024,Rakesh Q,Hyderabad,Scooter,Part-time,3.94,Y
DP04644,12/7/2024,Ananya H,Bengaluru,Scooter,Part-time,4.5,Y
DP00760,1/26/2025,Pooja T,Bengaluru,Bike,Full-time,4.51,Y
DP06356,12/29/2024,Priya Q,Delhi,Bike,Full-time,4.12,Y
DP01916,12/27/2024,Amit T,Bengaluru,Cycle,Contract,3.83,Y
DP09479,1/4/2025,Pooja W,Bengaluru,Scooter,Contract,4.34,Y
DP14572,12/31/2024,Nikhil L,Delhi,Bike,Full-time,3.77,Y
DP05169,12/21/2024,Sneha X,Bengaluru,Bike,Contract,4.11,N
DP12975,1/2/2025,Suresh A,Delhi,Cycle,Full-time,4.3,Y
DP09627,12/31/2024,Divya Q,Bengaluru,Scooter,Full-time,4.34,Y
DP11576,12/17/2024,Neha D,Hyderabad,Bike,Full-time,4.11,Y
DP06848,12/31/2024,Pooja Q,Mumbai,Scooter,Part-time,3.77,Y
DP02404,12/6/2024,Nikhil Q,Pune,Bike,Contract,4.16,Y
DP07551,12/24/2024,Divya Y,Hyderabad,Scooter,Part-time,4.62,Y
DP12165,12/24/2024,Divya H,Hyderabad,Scooter,Full-time,4.24,Y
DP08727,12/25/2024,Neha E,Bengaluru,Scooter,Full-time,4.32,Y
DP00139,1/5/2025,Ravi B,Kolkata,Scooter,Contract,3.95,Y
DP08509,12/20/2024,Shreya M,Bengaluru,Bike,Contract,4.38,Y
DP11356,12/20/2024,Ravi S,Mumbai,Bike,Full-time,4.38,Y
DP09907,12/25/2024,Shreya J,Delhi,Scooter,Full-time,3.75,Y
DP12342,12/19/2024,Kiran P,Ahmedabad,Scooter,Contract,3.64,Y
DP05127,12/28/2024,Sneha W,Ahmedabad,Scooter,Full-time,4.18,Y
DP13478,12/5/2024,Suresh O,Chennai,Scooter,Full-time,3.78,Y
DP00660,1/4/2025,Neha X,Hyderabad,Bike,Full-time,3.69,Y
DP14323,12/21/2024,Shreya P,Chennai,Bike,Part-time,3.51,Y
DP07461,1/4/2025,Ravi I,Mumbai,Bike,Full-time,4.24,Y
DP07153,12/22/2024,Pooja C,Bengaluru,Scooter,Full-time,4.78,N
DP05074,1/4/2025,Deepak Z,Mumbai,Bike,Full-time,4.48,Y
DP07149,1/2/2025,Ananya D,Hyderabad,Scooter,Contract,4.31,N
DP08982,12/22/2024,Manoj S,Bengaluru,Bike,Contract,3.71,Y
DP13742,1/6/2025,Santosh F,Mumbai,Scooter,Full-time,4.11,N
DP07329,12/18/2024,Rahul C,Mumbai,Scooter,Part-time,3.98,Y
DP09427,1/1/2025,Meena W,Pune,Bike,Contract,3.59,Y
DP12196,12/7/2024,Rakesh G,Bengaluru,Cycle,Full-time,4.39,Y
DP01984,12/15/2024,Rahul X,Bengaluru,Cycle,Full-time,4.5,Y
DP12965,1/6/2025,Pooja F,Chennai,Bike,Full-time,4.05,Y
DP14040,12/30/2024,Rahul E,Mumbai,Cycle,Part-time,3.9,Y
DP14129,12/27/2024,Shreya N,Mumbai,Scooter,Part-time,4.95,Y
DP11613,1/2/2025,Rakesh P,Bengaluru,Scooter,Full-time,4.17,Y
DP05083,1/10/2025,Divya A,Kolkata,Cycle,Part-time,3.86,Y
DP09814,1/4/2025,Vikas Q,Chennai,Scooter,Full-time,4.53,N
DP05624,1/6/2025,Ananya E,Kolkata,Bike,Full-time,4.09,Y
DP05045,12/28/2024,Neha R,Mumbai,Scooter,Full-time,4.06,Y
DP08032,12/20/2024,Vikas H,Mumbai,Scooter,Full-time,3.81,Y
DP10341,12/6/2024,Deepak N,Mumbai,Scooter,Part-time,3.82,Y
DP03603,1/2/2025,Shreya C,Bengaluru,Bike,Full-time,4.09,Y
DP13275,1/2/2025,Deepak W,Mumbai,Bike,Full-time,4.36,Y
DP00877,1/6/2025,Nikhil X,Bengaluru,Bike,Contract,4.16,Y
DP07816,12/26/2024,Rahul P,Pune,Scooter,Full-time,4.35,Y
DP01855,11/20/2024,Kiran T,Chennai,Cycle,Full-time,4.22,Y
DP03813,1/3/2025,Rahul D,Bengaluru,Bike,Part-time,4.07,Y
DP06512,1/2/2025,Shreya I,Delhi,Cycle,Part-time,3.81,Y
DP13850,1/4/2025,Priya C,Chennai,Bike,Part-time,3.98,Y
DP12797,12/29/2024,Priya X,Chennai,Scooter,Part-time,3.9,Y
DP09887,12/9/2024,Rakesh L,Ahmedabad,Scooter,Part-time,4.39,N
DP05577,1/7/2025,Sneha T,Chennai,Bike,Full-time,3.97,Y
DP00561,1/4/2025,Arjun W,Ahmedabad,Bike,Full-time,4.22,Y
DP07799,1/3/2025,Vikas B,Bengaluru,Bike,Contract,3.71,Y
DP06072,1/4/2025,Arjun N,Bengaluru,Scooter,Full-time,4.23,Y
DP05088,12/24/2024,Shreya K,Ahmedabad,Cycle,Contract,4.17,Y
DP06150,12/30/2024,Manoj F,Delhi,Cycle,Full-time,3.71,Y
DP13246,12/31/2024,Amit S,Bengaluru,Bike,Full-time,4,Y
DP13145,12/21/2024,Vikas C,Ahmedabad,Bike,Full-time,3.92,Y
DP14371,12/30/2024,Pooja B,Hyderabad,Bike,Full-time,3.98,Y
DP06223,1/4/2025,Deepak H,Bengaluru,Scooter,Part-time,4.56,Y
DP05825,1/2/2025,Divya K,Delhi,Bike,Full-time,4.87,N
DP05351,12/23/2024,Sneha I,Mumbai,Scooter,Part-time,4.36,Y
DP10111,3/5/2025,Nikhil X,Ahmedabad,Bike,Full-time,3.94,Y
DP08066,12/7/2024,Meena T,Bengaluru,Car,Part-time,3.57,Y
DP04719,1/5/2025,Sneha Z,Mumbai,Scooter,Contract,4.62,Y
DP07944,12/19/2024,Santosh X,Mumbai,Scooter,Contract,4.41,Y
DP02224,12/30/2024,Santosh T,Bengaluru,Bike,Full-time,3.91,Y
DP11717,1/3/2025,Vikas N,Chennai,Scooter,Contract,3.99,N
DP00853,1/6/2025,Deepak I,Pune,Bike,Contract,3.78,Y
DP04193,12/29/2024,Ananya F,Ahmedabad,Scooter,Part-time,4.41,Y
DP07188,1/4/2025,Rakesh Z,Chennai,Scooter,Part-time,4.63,Y
DP13251,11/30/2024,Rahul I,Delhi,Bike,Part-time,4.46,Y
DP03822,12/23/2024,Arjun Z,Bengaluru,Scooter,Contract,4.32,Y
DP09976,12/27/2024,Suresh V,Mumbai,Bike,Part-time,3.83,Y
DP01866,1/3/2025,Shreya W,Delhi,Cycle,Part-time,4.38,Y
DP03856,1/14/2025,Divya Q,Hyderabad,Scooter,Part-time,4.16,Y
DP07531,12/25/2024,Meena K,Bengaluru,Scooter,Part-time,4.7,Y
DP03723,12/31/2024,Rakesh H,Bengaluru,Bike,Full-time,4.01,Y
DP13407,2/17/2025,Manoj P,Hyderabad,Scooter,Part-time,3.8,Y
DP07800,12/26/2024,Rahul A,Mumbai,Bike,Full-time,4.36,Y
DP09594,1/9/2025,Nikhil C,Chennai,Scooter,Contract,4.24,Y
DP00199,12/31/2024,Meena X,Mumbai,Bike,Part-time,4,Y
DP06605,1/2/2025,Meena X,Bengaluru,Bike,Part-time,3.92,Y
DP02542,1/2/2025,Meena X,Pune,Scooter,Full-time,3.75,Y
DP03684,12/31/2024,Sneha V,Delhi,Bike,Full-time,4.52,Y
DP07535,1/5/2025,Suresh A,Bengaluru,Scooter,Full-time,4.38,Y
DP09994,12/7/2024,Ananya T,Ahmedabad,Scooter,Contract,3.81,Y
DP08893,12/27/2024,Arjun T,Bengaluru,Scooter,Full-time,4.64,Y
DP04898,1/3/2025,Divya D,Bengaluru,Scooter,Full-time,4.4,Y
DP11627,1/2/2025,Divya M,Delhi,Scooter,Full-time,3.78,Y
DP07151,12/19/2024,Arjun Q,Delhi,Scooter,Full-time,4.11,Y
DP13835,12/29/2024,Shreya N,Kolkata,Scooter,Contract,3.87,Y
DP00914,1/2/2025,Santosh S,Kolkata,Bike,Full-time,4.01,Y
DP07164,12/23/2024,Nikhil C,Mumbai,Car,Part-time,4.45,Y
DP01934,1/3/2025,Deepak G,Mumbai,Car,Contract,4.75,Y
DP12716,12/7/2024,Pooja N,Bengaluru,Scooter,Contract,4.06,Y
DP07573,12/28/2024,Manoj B,Mumbai,Bike,Part-time,4.66,Y
DP13460,1/2/2025,Rahul J,Chennai,Scooter,Full-time,4.26,Y
DP07187,12/11/2024,Ananya Z,Chennai,Bike,Full-time,4.39,Y
DP00286,12/2/2024,Ananya R,Bengaluru,Bike,Part-time,3.93,Y
DP06146,12/26/2024,Deepak Z,Chennai,Scooter,Full-time,3.92,Y
DP04140,12/25/2024,Neha E,Hyderabad,Cycle,Full-time,3.91,Y
DP07603,1/5/2025,Meena X,Bengaluru,Bike,Full-time,4.34,Y
DP12138,1/2/2025,Vikas G,Kolkata,Bike,Part-time,4.29,N
DP11455,12/20/2024,Vikas G,Mumbai,Bike,Contract,4.2,Y
DP01110,3/2/2025,Amit U,Chennai,Scooter,Full-time,4.3,Y
DP14431,1/4/2025,Vikas G,Pune,Cycle,Full-time,4.09,Y
DP10077,1/4/2025,Meena Q,Chennai,Car,Full-time,3.72,Y
DP10891,1/3/2025,Suresh X,Mumbai,Bike,Full-time,4.19,Y
DP09333,1/3/2025,Rahul A,Kolkata,Scooter,Full-time,4.39,Y
DP11688,12/20/2024,Amit L,Bengaluru,Bike,Contract,4.22,Y
DP01962,12/22/2024,Sneha K,Kolkata,Scooter,Full-time,3.74,Y
DP04577,12/22/2024,Shreya O,Pune,Bike,Full-time,3.92,Y
DP06671,12/22/2024,Pooja L,Bengaluru,Bike,Part-time,3.77,Y
DP12240,12/25/2024,Shreya X,Bengaluru,Bike,Full-time,4.08,Y
DP05266,1/2/2025,Nikhil N,Delhi,Scooter,Part-time,4.02,Y
DP12011,1/6/2025,Pooja W,Bengaluru,Scooter,Full-time,4.39,Y
DP02195,12/19/2024,Kiran I,Mumbai,Bike,Full-time,4.02,Y
DP00640,1/7/2025,Pooja W,Mumbai,Scooter,Contract,3.96,Y
DP09144,12/25/2024,Ananya T,Chennai,Scooter,Full-time,4.01,Y
DP10239,1/7/2025,Ananya Q,Mumbai,Scooter,Part-time,3.74,Y
DP05584,1/3/2025,Meena O,Kolkata,Bike,Full-time,3.89,Y
DP08908,12/26/2024,Divya S,Bengaluru,Cycle,Part-time,4.32,N
DP00910,12/31/2024,Arjun Z,Bengaluru,Scooter,Full-time,3.67,Y
DP10206,12/8/2024,Santosh D,Hyderabad,Bike,Part-time,4.25,Y
DP09391,1/2/2025,Ananya K,Ahmedabad,Scooter,Full-time,3.8,Y
DP05766,12/8/2024,Vikas B,Mumbai,Bike,Full-time,3.61,Y
DP04260,12/1/2024,Ananya X,Hyderabad,Bike,Contract,3.82,N
DP07782,12/17/2024,Kiran H,Chennai,Scooter,Full-time,4.2,Y
DP04773,12/29/2024,Suresh O,Delhi,Bike,Full-time,4,Y
DP00048,1/3/2025,Nikhil B,Mumbai,Scooter,Full-time,3.9,Y
DP00602,1/6/2025,Neha C,Mumbai,Scooter,Full-time,4.75,Y
DP00694,1/30/2025,Rakesh T,Ahmedabad,Scooter,Contract,3.71,Y
DP00373,1/3/2025,Ananya C,Ahmedabad,Bike,Contract,4.66,Y
DP14636,12/24/2024,Kiran A,Bengaluru,Cycle,Full-time,4.03,N
DP13314,12/30/2024,Sneha R,Mumbai,Bike,Full-time,3.72,Y
DP01537,12/27/2024,Manoj R,Ahmedabad,Scooter,Full-time,3.62,Y
DP12588,12/20/2024,Manoj H,Hyderabad,Bike,Contract,4.19,Y
DP01596,1/2/2025,Deepak R,Bengaluru,Bike,Full-time,3.94,N
DP12370,12/11/2024,Shreya U,Mumbai,Scooter,Full-time,4.77,Y
DP01883,12/30/2024,Sneha G,Delhi,Bike,Full-time,4.28,Y
DP08826,1/1/2025,Suresh L,Delhi,Cycle,Full-time,4.47,Y
DP04668,1/1/2025,Arjun M,Bengaluru,Bike,Full-time,4.08,Y
DP09208,1/2/2025,Pooja B,Hyderabad,Bike,Full-time,4.73,N
DP09236,1/1/2025,Meena I,Bengaluru,Cycle,Part-time,4.48,N
DP02469,12/22/2024,Ravi O,Hyderabad,Cycle,Full-time,4.58,N
DP05210,1/16/2025,Rakesh F,Bengaluru,Car,Contract,4.16,Y
DP07584,12/17/2024,Neha Y,Bengaluru,Scooter,Part-time,3.55,Y
DP05065,1/5/2025,Pooja R,Chennai,Scooter,Part-time,4.26,Y
DP09402,12/18/2024,Meena J,Delhi,Scooter,Part-time,4.37,Y
DP04863,12/30/2024,Amit S,Kolkata,Scooter,Part-time,4.62,Y
DP12727,12/3/2024,Manoj V,Delhi,Scooter,Contract,4.51,Y
DP12620,12/31/2024,Ravi U,Delhi,Bike,Part-time,4.01,Y
DP13839,12/24/2024,Pooja L,Mumbai,Scooter,Part-time,4.1,Y
DP00155,12/11/2024,Nikhil V,Kolkata,Scooter,Full-time,4.28,Y
DP08209,1/1/2025,Ravi E,Kolkata,Bike,Full-time,3.79,N
DP02866,12/31/2024,Sneha S,Bengaluru,Bike,Full-time,4.38,N
DP01497,12/13/2024,Vikas N,Delhi,Bike,Full-time,3.96,Y
DP14857,12/15/2024,Shreya J,Delhi,Cycle,Full-time,4.46,Y
DP04344,12/17/2024,Pooja U,Pune,Scooter,Part-time,3.99,Y
DP03245,12/17/2024,Amit W,Bengaluru,Bike,Part-time,4.42,Y
DP01558,12/17/2024,Rakesh F,Bengaluru,Cycle,Full-time,4.03,Y
DP14628,12/23/2024,Manoj K,Bengaluru,Bike,Full-time,4.28,Y
DP00159,12/18/2024,Suresh B,Ahmedabad,Bike,Part-time,4.94,Y
DP01879,12/19/2024,Ravi B,Bengaluru,Bike,Full-time,4.33,Y
DP05614,12/31/2024,Santosh Y,Bengaluru,Scooter,Full-time,4.33,Y
DP04884,1/2/2025,Nikhil Y,Delhi,Bike,Contract,3.85,Y
DP00242,1/2/2025,Nikhil P,Bengaluru,Scooter,Part-time,3.94,Y
DP05694,1/6/2025,Deepak O,Delhi,Bike,Contract,4.27,Y
DP06975,12/29/2024,Santosh F,Bengaluru,Scooter,Part-time,4.27,Y
DP05173,1/6/2025,Manoj W,Chennai,Cycle,Part-time,4.13,Y
DP12405,12/18/2024,Priya C,Kolkata,Scooter,Part-time,4.14,Y
DP05052,12/26/2024,Meena W,Bengaluru,Scooter,Part-time,4.02,N
DP10171,12/27/2024,Deepak V,Mumbai,Scooter,Full-time,4.07,Y
DP11958,1/2/2025,Ananya F,Bengaluru,Car,Contract,3.86,Y
DP03948,1/2/2025,Ravi Z,Mumbai,Scooter,Part-time,4.24,Y
DP09769,12/5/2024,Ananya O,Mumbai,Car,Full-time,4,Y
DP01464,12/28/2024,Suresh N,Delhi,Bike,Contract,4.13,Y
DP03325,1/4/2025,Meena U,Kolkata,Bike,Full-time,4.31,Y
DP06254,12/29/2024,Rakesh K,Kolkata,Scooter,Full-time,4.8,Y
DP03650,12/31/2024,Rahul N,Delhi,Scooter,Full-time,4.53,Y
DP01203,1/4/2025,Rahul V,Hyderabad,Scooter,Part-time,4.32,Y
DP07334,11/29/2024,Amit J,Bengaluru,Bike,Full-time,4.05,Y
DP03536,1/11/2025,Deepak L,Delhi,Scooter,Full-time,4.07,Y
DP05260,12/15/2024,Arjun D,Kolkata,Cycle,Part-time,4.31,Y
DP08796,1/3/2025,Divya M,Bengaluru,Scooter,Full-time,4.43,Y
DP10711,12/31/2024,Santosh V,Bengaluru,Bike,Full-time,4.15,Y
DP11181,12/6/2024,Vikas O,Delhi,Bike,Contract,4.28,Y
DP04313,1/7/2025,Shreya Z,Bengaluru,Scooter,Part-time,4.29,N
DP14476,12/31/2024,Ananya A,Bengaluru,Scooter,Full-time,3.97,Y
DP13868,1/2/2025,Rakesh I,Mumbai,Bike,Full-time,4.25,Y
DP00770,1/2/2025,Ananya K,Mumbai,Bike,Full-time,4.24,Y
DP13080,12/22/2024,Pooja E,Pune,Bike,Part-time,4.25,Y
DP09834,1/6/2025,Suresh N,Chennai,Bike,Part-time,4.1,Y
DP04347,12/14/2024,Rahul E,Pune,Bike,Part-time,4.38,Y
DP00096,12/25/2024,Vikas I,Pune,Scooter,Contract,3.87,N
DP06102,12/29/2024,Sneha H,Ahmedabad,Scooter,Full-time,4.02,Y
DP09191,12/1/2024,Sneha J,Kolkata,Bike,Part-time,4.11,Y
DP09924,12/29/2024,Ananya U,Delhi,Scooter,Part-time,4.62,N
DP04088,1/13/2025,Neha O,Ahmedabad,Bike,Full-time,4.2,Y
DP05357,1/1/2025,Vikas S,Bengaluru,Cycle,Full-time,4.09,Y
DP11550,12/17/2024,Rahul H,Chennai,Cycle,Full-time,3.86,Y
DP12802,1/6/2025,Vikas D,Chennai,Cycle,Full-time,4.16,Y
DP07743,12/25/2024,Rakesh R,Ahmedabad,Bike,Full-time,4.07,Y
DP06669,1/10/2025,Rahul N,Ahmedabad,Bike,Contract,4.89,Y
DP07043,12/30/2024,Meena W,Bengaluru,Bike,Part-time,4.1,Y
DP03888,12/30/2024,Ravi B,Hyderabad,Bike,Full-time,4.07,Y
DP13770,1/1/2025,Suresh E,Mumbai,Cycle,Part-time,3.76,N
DP11924,1/4/2025,Arjun R,Mumbai,Bike,Full-time,3.88,Y
DP13435,12/8/2024,Sneha B,Chennai,Car,Part-time,4.26,Y
DP14738,12/20/2024,Ravi E,Mumbai,Bike,Contract,4.19,Y
DP00309,1/4/2025,Sneha R,Ahmedabad,Car,Part-time,4.06,Y
DP12498,12/23/2024,Pooja V,Kolkata,Cycle,Contract,3.93,Y
DP03561,12/16/2024,Kiran F,Mumbai,Bike,Full-time,4.07,Y
DP14439,12/19/2024,Vikas P,Bengaluru,Bike,Part-time,4.31,Y
DP05849,1/5/2025,Santosh L,Bengaluru,Scooter,Full-time,4.23,Y
DP05551,1/6/2025,Neha V,Bengaluru,Car,Full-time,4.45,Y
DP10471,1/6/2025,Pooja V,Delhi,Bike,Full-time,4.18,Y
DP03759,1/7/2025,Rahul T,Bengaluru,Bike,Full-time,4.36,Y
DP09845,12/9/2024,Divya F,Chennai,Scooter,Full-time,4.42,Y
DP07829,12/18/2024,Shreya O,Ahmedabad,Scooter,Full-time,4.54,Y
DP05392,12/29/2024,Suresh G,Ahmedabad,Scooter,Full-time,4.16,Y
DP09699,1/2/2025,Deepak U,Bengaluru,Bike,Contract,4.23,Y
DP12927,1/1/2025,Divya U,Bengaluru,Scooter,Full-time,4.14,Y
DP06050,1/5/2025,Arjun C,Mumbai,Bike,Contract,4.28,Y
DP11685,12/5/2024,Divya E,Ahmedabad,Scooter,Full-time,4.44,Y
DP12035,1/3/2025,Amit T,Chennai,Scooter,Contract,4.18,Y
DP00423,1/3/2025,Nikhil O,Bengaluru,Bike,Full-time,3.93,Y
DP14680,1/2/2025,Neha L,Kolkata,Cycle,Full-time,3.88,Y
DP14294,12/13/2024,Amit P,Delhi,Bike,Full-time,4.21,Y
DP07502,1/2/2025,Manoj Y,Chennai,Scooter,Contract,4.12,Y
DP05841,12/17/2024,Suresh U,Bengaluru,Scooter,Part-time,4.43,Y
DP14362,12/2/2024,Sneha N,Bengaluru,Scooter,Full-time,3.82,Y
DP08372,12/21/2024,Ananya D,Delhi,Cycle,Full-time,4.52,Y
DP12323,1/6/2025,Deepak O,Bengaluru,Scooter,Full-time,3.93,Y
DP03289,12/6/2024,Manoj S,Delhi,Scooter,Full-time,3.73,Y
DP06558,1/6/2025,Meena S,Chennai,Bike,Part-time,4.29,Y
DP03633,1/7/2025,Pooja A,Delhi,Bike,Part-time,4.03,Y
DP12397,12/31/2024,Neha S,Mumbai,Scooter,Full-time,4.29,Y
DP02337,12/25/2024,Priya L,Hyderabad,Bike,Full-time,3.65,N
DP11818,11/27/2024,Suresh Q,Hyderabad,Bike,Full-time,4.19,Y
DP03301,1/3/2025,Pooja X,Chennai,Cycle,Part-time,4.39,Y
DP14601,12/26/2024,Sneha B,Bengaluru,Bike,Full-time,3.58,Y
DP08831,12/18/2024,Ravi J,Bengaluru,Bike,Full-time,4.04,Y
DP04603,1/13/2025,Santosh I,Delhi,Bike,Full-time,4.23,Y
DP02247,12/23/2024,Santosh L,Chennai,Bike,Full-time,4.88,Y
DP11933,12/29/2024,Rakesh O,Delhi,Scooter,Full-time,4.59,Y
DP08757,12/17/2024,Priya V,Hyderabad,Cycle,Contract,3.92,Y
DP03203,1/4/2025,Priya B,Delhi,Bike,Part-time,4.49,N
DP10484,1/3/2025,Meena U,Bengaluru,Bike,Full-time,4.49,Y
DP09695,1/6/2025,Meena X,Delhi,Scooter,Full-time,4.27,Y
DP11842,12/29/2024,Rakesh T,Bengaluru,Scooter,Contract,4.48,N
DP05819,12/25/2024,Ravi A,Pune,Bike,Part-time,4.07,Y
DP06314,12/13/2024,Meena V,Bengaluru,Cycle,Full-time,4.3,Y
DP11616,12/29/2024,Shreya D,Mumbai,Scooter,Part-time,3.97,Y
DP01756,1/5/2025,Manoj J,Chennai,Bike,Contract,4.26,Y
DP06045,1/6/2025,Ravi J,Delhi,Scooter,Contract,4.2,Y
DP13860,12/20/2024,Manoj F,Chennai,Cycle,Part-time,4.4,Y
DP11784,1/6/2025,Vikas Y,Bengaluru,Scooter,Full-time,3.9,Y
DP12320,12/29/2024,Amit K,Mumbai,Cycle,Full-time,4.61,Y
DP08331,1/5/2025,Ravi B,Hyderabad,Scooter,Part-time,3.82,Y
DP04753,12/24/2024,Suresh M,Mumbai,Bike,Full-time,4.05,Y
DP09168,12/25/2024,Vikas F,Ahmedabad,Scooter,Full-time,4.28,Y
DP01768,1/3/2025,Vikas D,Pune,Cycle,Part-time,3.97,Y
DP08663,12/27/2024,Rakesh Z,Bengaluru,Bike,Part-time,4.09,Y
DP00236,12/24/2024,Shreya G,Bengaluru,Cycle,Contract,4.25,Y
DP00650,12/22/2024,Pooja D,Delhi,Scooter,Part-time,4.53,Y
DP11069,1/3/2025,Divya M,Bengaluru,Bike,Contract,4.12,Y
DP04655,12/30/2024,Deepak O,Delhi,Scooter,Part-time,4.19,Y
DP06168,2/7/2025,Kiran I,Ahmedabad,Cycle,Full-time,4.26,Y
DP05018,1/5/2025,Divya C,Delhi,Bike,Part-time,3.88,Y
DP10199,1/5/2025,Suresh O,Bengaluru,Scooter,Full-time,4.48,Y
DP08381,12/20/2024,Divya U,Bengaluru,Scooter,Part-time,4.05,N
DP04934,1/3/2025,Priya M,Delhi,Scooter,Full-time,4.14,N
DP10966,1/2/2025,Shreya I,Delhi,Scooter,Full-time,4.2,Y
DP02143,1/7/2025,Shreya P,Chennai,Bike,Full-time,4.81,Y
DP04731,1/4/2025,Santosh H,Bengaluru,Bike,Full-time,3.7,Y
DP00667,12/30/2024,Arjun I,Pune,Scooter,Full-time,4.12,Y
DP01297,12/30/2024,Santosh M,Hyderabad,Scooter,Part-time,4.35,N
DP02868,12/31/2024,Vikas D,Hyderabad,Scooter,Part-time,4.28,Y
DP00444,12/20/2024,Kiran U,Bengaluru,Scooter,Full-time,4.73,Y
DP11968,1/11/2025,Neha W,Ahmedabad,Bike,Full-time,4.29,Y
DP12388,1/3/2025,Priya K,Kolkata,Bike,Contract,4.44,Y
DP09253,1/1/2025,Manoj W,Delhi,Car,Full-time,3.79,Y
DP01402,1/3/2025,Divya B,Chennai,Bike,Full-time,3.99,Y
DP04545,1/7/2025,Shreya V,Chennai,Bike,Full-time,4.35,Y
DP05355,1/2/2025,Rakesh K,Mumbai,Cycle,Full-time,4.64,Y
DP07583,12/30/2024,Meena D,Mumbai,Scooter,Part-time,4.36,Y
DP10731,12/19/2024,Rakesh R,Pune,Scooter,Full-time,4.58,Y
DP08398,12/30/2024,Santosh H,Ahmedabad,Bike,Full-time,4.16,Y
DP09938,1/1/2025,Ravi E,Chennai,Cycle,Part-time,4.44,Y
DP13154,1/5/2025,Rahul W,Bengaluru,Scooter,Contract,4.26,Y
DP06953,12/28/2024,Ananya Q,Mumbai,Scooter,Full-time,4,Y
DP03018,1/1/2025,Amit G,Pune,Bike,Part-time,3.99,Y
DP01025,12/21/2024,Vikas S,Kolkata,Bike,Full-time,4.32,Y
DP00038,12/30/2024,Deepak E,Pune,Scooter,Full-time,3.71,Y
DP10072,1/5/2025,Amit O,Kolkata,Bike,Part-time,4.29,Y
DP06903,12/9/2024,Ananya B,Delhi,Bike,Full-time,5,Y
DP05054,12/31/2024,Priya X,Ahmedabad,Cycle,Full-time,4.31,Y
DP03306,12/9/2024,Suresh T,Pune,Bike,Part-time,4.14,Y
DP05368,12/26/2024,Divya C,Bengaluru,Scooter,Contract,4.54,Y
DP08647,12/5/2024,Neha B,Bengaluru,Cycle,Full-time,4.07,Y
DP00748,1/6/2025,Manoj F,Kolkata,Scooter,Full-time,4.39,Y
DP09330,12/27/2024,Arjun Y,Mumbai,Cycle,Full-time,3.81,Y
DP00141,12/2/2024,Shreya N,Delhi,Bike,Contract,4.35,N
DP10485,1/7/2025,Santosh J,Kolkata,Car,Full-time,4.37,Y
DP14529,1/6/2025,Amit R,Pune,Bike,Contract,4.25,Y
DP05119,12/31/2024,Manoj Q,Hyderabad,Cycle,Part-time,4.47,Y
DP13368,1/31/2025,Deepak Q,Ahmedabad,Bike,Full-time,4.18,Y
DP01986,1/6/2025,Nikhil V,Delhi,Bike,Part-time,4.69,Y
DP04475,11/28/2024,Nikhil V,Pune,Scooter,Full-time,3.74,Y
DP03926,3/15/2025,Santosh Z,Bengaluru,Cycle,Part-time,4.1,N
DP14811,12/31/2024,Kiran E,Chennai,Scooter,Full-time,3.85,Y
DP00597,1/4/2025,Shreya B,Delhi,Bike,Full-time,4.68,Y
DP04670,12/31/2024,Ravi K,Kolkata,Bike,Full-time,4.35,Y
DP08215,12/16/2024,Suresh Z,Mumbai,Scooter,Contract,4.23,Y
DP10582,12/15/2024,Sneha I,Hyderabad,Bike,Full-time,4.52,Y
DP09202,1/2/2025,Vikas H,Ahmedabad,Bike,Part-time,3.91,Y
DP14488,12/31/2024,Amit T,Kolkata,Cycle,Part-time,3.98,Y
DP07718,12/17/2024,Suresh X,Ahmedabad,Scooter,Part-time,4.65,Y
DP14909,1/6/2025,Pooja H,Mumbai,Scooter,Contract,4.19,Y
DP07447,1/4/2025,Rakesh T,Bengaluru,Bike,Full-time,4.09,Y
DP05136,12/31/2024,Vikas C,Ahmedabad,Bike,Part-time,4.45,Y
DP05432,1/1/2025,Divya Z,Chennai,Cycle,Full-time,4.17,Y
DP07756,1/3/2025,Rakesh Z,Bengaluru,Scooter,Full-time,4.32,Y
DP04488,1/5/2025,Rakesh F,Bengaluru,Bike,Part-time,4.34,Y
DP01598,1/5/2025,Sneha G,Hyderabad,Bike,Contract,4.21,Y
DP02574,1/4/2025,Suresh K,Delhi,Bike,Part-time,3.8,Y
DP09755,1/4/2025,Manoj C,Bengaluru,Cycle,Full-time,4.17,Y
DP14289,1/20/2025,Ravi Z,Chennai,Scooter,Full-time,4.13,Y
DP13361,1/6/2025,Amit H,Kolkata,Scooter,Full-time,4.23,Y
DP08878,12/31/2024,Nikhil Z,Bengaluru,Bike,Full-time,4.38,Y
DP07746,1/4/2025,Sneha K,Mumbai,Scooter,Part-time,4.58,Y
DP10585,1/5/2025,Pooja W,Bengaluru,Scooter,Full-time,4.47,Y
DP04271,1/1/2025,Priya A,Chennai,Bike,Full-time,4.08,Y
DP02671,1/6/2025,Deepak S,Delhi,Scooter,Full-time,3.84,Y
DP04480,1/3/2025,Ananya L,Ahmedabad,Bike,Full-time,3.94,Y
DP10234,1/1/2025,Vikas E,Bengaluru,Bike,Part-time,4.29,Y
DP05009,1/3/2025,Manoj S,Chennai,Scooter,Part-time,4.12,N
DP09680,1/2/2025,Arjun P,Pune,Scooter,Part-time,4.04,Y
DP04592,12/21/2024,Nikhil D,Bengaluru,Bike,Part-time,4.08,Y
DP03956,12/31/2024,Meena M,Bengaluru,Scooter,Full-time,3.69,Y
DP05532,12/24/2024,Pooja G,Bengaluru,Scooter,Contract,4.29,Y
DP09633,12/14/2024,Meena G,Kolkata,Cycle,Full-time,4.23,N
DP00745,12/26/2024,Vikas K,Kolkata,Car,Full-time,4.47,N
DP06295,1/1/2025,Ananya D,Pune,Scooter,Contract,4.26,Y
DP02557,1/7/2025,Rahul G,Chennai,Scooter,Part-time,4.4,N
DP08239,3/5/2025,Arjun M,Bengaluru,Cycle,Full-time,4.02,Y
DP00810,12/10/2024,Rakesh P,Pune,Scooter,Part-time,4.02,Y
DP09721,12/29/2024,Arjun G,Delhi,Bike,Full-time,4.04,Y
DP07189,1/7/2025,Divya E,Delhi,Bike,Full-time,4.74,Y
DP10473,1/5/2025,Vikas I,Bengaluru,Scooter,Part-time,4.98,Y
DP09955,12/5/2024,Pooja P,Pune,Scooter,Contract,4.07,Y
DP12978,12/29/2024,Kiran M,Bengaluru,Scooter,Contract,4.57,Y
DP06285,12/27/2024,Santosh V,Ahmedabad,Scooter,Contract,4.04,Y
DP02639,1/5/2025,Nikhil W,Kolkata,Cycle,Full-time,3.99,Y
DP14558,1/3/2025,Suresh X,Delhi,Scooter,Full-time,4.77,Y
DP10269,1/4/2025,Arjun M,Chennai,Bike,Full-time,3.69,Y
DP04901,12/13/2024,Meena O,Bengaluru,Cycle,Full-time,4.15,Y
DP03835,12/25/2024,Suresh Z,Hyderabad,Bike,Full-time,3.77,Y
DP03727,1/5/2025,Rakesh U,Mumbai,Bike,Part-time,3.81,Y
DP08462,12/20/2024,Arjun I,Bengaluru,Scooter,Full-time,3.91,Y
DP06345,12/30/2024,Rahul Z,Hyderabad,Cycle,Part-time,4.25,Y
DP08273,12/26/2024,Kiran T,Delhi,Bike,Full-time,3.94,Y
DP08754,1/6/2025,Rakesh D,Delhi,Bike,Part-time,4.42,Y
DP10515,1/24/2025,Santosh O,Bengaluru,Bike,Part-time,4.66,Y
DP01470,12/23/2024,Ravi K,Delhi,Bike,Full-time,3.72,Y
DP12555,1/1/2025,Rakesh V,Pune,Bike,Part-time,4.32,Y
DP01748,12/27/2024,Rahul Y,Hyderabad,Scooter,Full-time,4.36,N
DP05813,1/7/2025,Arjun F,Mumbai,Scooter,Contract,3.91,Y
DP04646,1/6/2025,Vikas T,Ahmedabad,Cycle,Part-time,4.38,Y
DP12529,12/21/2024,Nikhil M,Hyderabad,Bike,Contract,4.16,Y
DP03503,1/6/2025,Kiran Z,Mumbai,Scooter,Part-time,3.78,Y
DP09861,12/4/2024,Amit H,Bengaluru,Bike,Full-time,4.28,Y
DP05141,12/19/2024,Ananya K,Kolkata,Scooter,Full-time,4.23,Y
DP04217,1/4/2025,Ananya N,Hyderabad,Cycle,Full-time,3.86,Y
DP00150,12/25/2024,Manoj M,Mumbai,Scooter,Part-time,4.39,Y
DP10172,12/17/2024,Santosh P,Delhi,Scooter,Full-time,4.47,Y
DP02754,12/11/2024,Deepak M,Kolkata,Cycle,Part-time,4.44,Y
DP04529,1/11/2025,Kiran E,Mumbai,Bike,Full-time,4,Y
DP04849,12/10/2024,Divya P,Kolkata,Bike,Part-time,4.03,Y
DP11692,12/23/2024,Rakesh A,Kolkata,Bike,Full-time,4.55,N
DP00865,12/24/2024,Ananya T,Kolkata,Cycle,Full-time,3.87,Y
DP10592,1/8/2025,Deepak S,Delhi,Scooter,Part-time,3.88,Y
DP00297,12/13/2024,Neha B,Ahmedabad,Scooter,Full-time,3.94,Y
DP08904,12/24/2024,Nikhil Y,Pune,Scooter,Contract,3.66,Y
DP14232,2/3/2025,Ananya Z,Mumbai,Bike,Full-time,4.75,Y
DP02359,1/1/2025,Santosh F,Kolkata,Bike,Full-time,4.11,Y
DP09463,12/30/2024,Santosh K,Pune,Cycle,Full-time,3.93,Y
DP10282,1/1/2025,Meena T,Mumbai,Scooter,Full-time,4.37,Y
DP06275,12/10/2024,Vikas F,Mumbai,Scooter,Full-time,4.29,Y
DP03240,1/8/2025,Arjun U,Mumbai,Bike,Part-time,4.22,Y
DP06535,1/7/2025,Meena V,Delhi,Car,Contract,3.8,Y
DP13526,1/1/2025,Pooja D,Bengaluru,Bike,Full-time,4.32,Y
DP10261,12/19/2024,Shreya C,Mumbai,Car,Contract,4.96,Y
DP13679,1/4/2025,Divya J,Ahmedabad,Bike,Part-time,4.25,Y
DP06966,1/4/2025,Meena T,Kolkata,Scooter,Full-time,4.36,Y
DP02588,12/27/2024,Divya E,Delhi,Scooter,Part-time,4.17,Y
DP04373,1/6/2025,Rahul R,Hyderabad,Scooter,Full-time,4.61,Y
DP06490,1/6/2025,Santosh H,Kolkata,Scooter,Full-time,4.46,Y
DP00765,1/5/2025,Suresh A,Chennai,Scooter,Part-time,4.02,Y
DP14311,1/4/2025,Ravi T,Mumbai,Bike,Part-time,4.29,Y
DP04200,12/27/2024,Suresh M,Bengaluru,Bike,Full-time,4.56,Y
DP11786,12/28/2024,Deepak K,Kolkata,Scooter,Full-time,3.92,N
DP07100,1/3/2025,Santosh B,Kolkata,Scooter,Full-time,4.19,Y
DP03958,12/22/2024,Vikas C,Bengaluru,Bike,Contract,3.94,Y
DP10429,12/28/2024,Divya U,Ahmedabad,Scooter,Contract,4.13,Y
DP14586,1/2/2025,Santosh A,Bengaluru,Bike,Contract,3.77,N
DP12901,1/1/2025,Ravi I,Bengaluru,Bike,Full-time,4.42,Y
DP10762,12/21/2024,Arjun K,Bengaluru,Scooter,Contract,4.3,N
DP09042,1/3/2025,Priya I,Chennai,Car,Part-time,3.46,Y
DP14906,1/13/2025,Vikas W,Mumbai,Bike,Contract,3.77,Y
DP00603,1/4/2025,Santosh N,Delhi,Scooter,Contract,3.79,Y
DP04170,11/26/2024,Suresh D,Hyderabad,Bike,Part-time,4.1,Y
DP02122,1/1/2025,Ananya L,Kolkata,Car,Part-time,4.81,Y
DP08576,1/6/2025,Amit X,Delhi,Scooter,Full-time,4.11,N
DP05527,1/2/2025,Divya Y,Mumbai,Bike,Contract,4.94,Y
DP04830,12/23/2024,Pooja A,Delhi,Bike,Part-time,4.55,Y
DP01442,1/21/2025,Santosh Z,Hyderabad,Bike,Full-time,4.07,Y
DP13358,1/6/2025,Kiran C,Hyderabad,Bike,Full-time,4.18,Y
DP12665,1/5/2025,Santosh O,Mumbai,Bike,Part-time,4.61,Y
DP09523,12/27/2024,Neha I,Delhi,Scooter,Part-time,3.93,Y
DP12707,12/29/2024,Sneha V,Mumbai,Cycle,Full-time,3.96,Y
DP06933,12/28/2024,Kiran U,Chennai,Scooter,Contract,3.72,Y
DP10413,1/27/2025,Neha G,Delhi,Cycle,Contract,3.99,Y
DP06069,12/23/2024,Pooja C,Bengaluru,Scooter,Contract,4.74,Y
DP10434,12/26/2024,Vikas A,Bengaluru,Scooter,Full-time,4.24,Y
DP13587,12/19/2024,Kiran L,Bengaluru,Cycle,Contract,4.37,N
DP02246,12/12/2024,Sneha L,Pune,Scooter,Contract,4.08,Y
DP00047,12/19/2024,Ravi A,Mumbai,Bike,Full-time,4.21,N
DP11949,1/10/2025,Rakesh M,Bengaluru,Bike,Part-time,3.6,Y
DP12825,12/18/2024,Deepak A,Mumbai,Scooter,Contract,3.89,Y
DP13419,12/30/2024,Santosh B,Delhi,Scooter,Full-time,4.38,Y
DP08231,1/7/2025,Amit S,Bengaluru,Bike,Full-time,3.5,Y
DP00739,12/27/2024,Santosh F,Delhi,Bike,Full-time,4.13,N
DP13815,12/9/2024,Neha U,Bengaluru,Bike,Full-time,4.32,Y
DP02174,1/6/2025,Manoj U,Bengaluru,Bike,Full-time,4.14,Y
DP03229,12/21/2024,Meena P,Bengaluru,Scooter,Full-time,4.24,Y
DP12160,1/6/2025,Rahul T,Chennai,Bike,Contract,4.62,N
DP05866,2/8/2025,Deepak Q,Mumbai,Bike,Full-time,4.26,Y
DP01386,12/19/2024,Nikhil S,Mumbai,Car,Full-time,3.45,Y
DP08142,12/30/2024,Santosh K,Hyderabad,Scooter,Full-time,4.3,Y
DP04454,12/22/2024,Amit Y,Bengaluru,Scooter,Full-time,3.74,Y
DP08296,1/3/2025,Kiran N,Chennai,Bike,Contract,4.28,Y
DP05462,1/3/2025,Suresh T,Mumbai,Bike,Contract,4.47,Y
DP09441,1/7/2025,Priya W,Bengaluru,Bike,Contract,4.6,Y
DP05163,12/29/2024,Rahul Q,Bengaluru,Car,Full-time,4.22,Y
DP07009,12/12/2024,Sneha N,Pune,Scooter,Full-time,4.22,Y
DP11777,1/15/2025,Ananya S,Mumbai,Bike,Full-time,4.45,Y
DP04615,1/3/2025,Manoj G,Ahmedabad,Scooter,Part-time,4.22,Y
DP02670,12/24/2024,Kiran D,Bengaluru,Bike,Part-time,4.23,Y
DP02323,12/25/2024,Santosh B,Hyderabad,Scooter,Full-time,4.07,Y
DP09812,12/24/2024,Rakesh Q,Kolkata,Scooter,Contract,4.57,Y
DP10245,12/16/2024,Rakesh M,Ahmedabad,Scooter,Contract,4.21,Y
DP10076,12/28/2024,Divya D,Chennai,Scooter,Part-time,4.28,Y
DP04021,1/8/2025,Suresh T,Mumbai,Scooter,Full-time,4.09,Y
DP06781,12/27/2024,Vikas T,Chennai,Scooter,Full-time,4.19,Y
DP14376,1/1/2025,Nikhil S,Delhi,Bike,Contract,4,Y
DP05320,12/29/2024,Deepak X,Bengaluru,Bike,Full-time,4.38,Y
DP04429,1/5/2025,Amit B,Hyderabad,Bike,Part-time,4.24,Y
DP03081,12/23/2024,Manoj E,Kolkata,Scooter,Full-time,4.53,N
DP07550,12/30/2024,Kiran S,Hyderabad,Scooter,Full-time,4.48,Y
DP12996,12/31/2024,Nikhil X,Hyderabad,Bike,Contract,4.15,N
DP11665,1/3/2025,Kiran B,Kolkata,Bike,Full-time,4.38,Y
DP02285,12/13/2024,Kiran Q,Kolkata,Bike,Full-time,4.25,Y
DP07938,12/22/2024,Ravi N,Mumbai,Bike,Full-time,3.98,Y
DP10858,1/7/2025,Suresh Q,Mumbai,Bike,Full-time,4.31,Y
DP13712,12/31/2024,Vikas C,Mumbai,Bike,Contract,4.48,Y
DP12132,1/6/2025,Neha L,Delhi,Scooter,Part-time,4.64,Y
DP08514,1/3/2025,Shreya M,Bengaluru,Scooter,Full-time,4.1,Y
DP13708,12/30/2024,Divya G,Mumbai,Bike,Full-time,4.66,Y
DP06086,12/26/2024,Suresh Y,Bengaluru,Scooter,Full-time,4.34,Y
DP04774,1/8/2025,Priya G,Bengaluru,Scooter,Part-time,3.81,N
DP05483,1/6/2025,Pooja O,Bengaluru,Bike,Contract,4.18,Y
DP14580,12/27/2024,Divya A,Mumbai,Bike,Contract,4.47,Y
DP06626,12/26/2024,Ravi V,Bengaluru,Bike,Full-time,3.9,Y
DP14853,12/29/2024,Manoj Q,Bengaluru,Cycle,Full-time,4.57,Y
DP11996,12/12/2024,Ravi J,Bengaluru,Scooter,Full-time,4.43,Y
DP04173,12/31/2024,Suresh E,Hyderabad,Cycle,Contract,4.17,Y
DP01180,12/6/2024,Manoj R,Chennai,Cycle,Full-time,4.01,Y
DP13662,1/5/2025,Santosh O,Kolkata,Scooter,Contract,4.72,Y
DP11649,1/8/2025,Vikas M,Bengaluru,Scooter,Full-time,4.41,Y
DP09605,12/9/2024,Manoj Z,Chennai,Scooter,Part-time,4.15,Y
DP04718,1/3/2025,Divya Z,Bengaluru,Scooter,Part-time,4.1,Y
DP08111,1/3/2025,Vikas V,Chennai,Bike,Part-time,4.54,Y
DP06322,12/11/2024,Manoj K,Chennai,Scooter,Full-time,4.11,Y
DP08838,12/14/2024,Arjun W,Bengaluru,Scooter,Part-time,4.07,Y
DP06963,1/1/2025,Pooja B,Mumbai,Scooter,Part-time,4.51,Y
DP13731,12/5/2024,Kiran O,Bengaluru,Scooter,Contract,3.95,Y
DP05394,1/1/2025,Divya F,Mumbai,Scooter,Full-time,3.94,Y
DP09603,1/7/2025,Suresh W,Kolkata,Scooter,Full-time,4.01,Y
DP07720,12/28/2024,Neha T,Bengaluru,Bike,Contract,4.95,N
DP13015,1/7/2025,Rahul M,Kolkata,Cycle,Full-time,4.25,Y
DP11456,12/30/2024,Shreya A,Chennai,Bike,Full-time,4.55,Y
DP06336,12/17/2024,Divya N,Delhi,Cycle,Full-time,4.62,Y
DP08400,1/8/2025,Deepak E,Ahmedabad,Cycle,Contract,3.87,Y
DP13719,1/2/2025,Vikas A,Bengaluru,Bike,Full-time,3.96,N
DP06725,1/2/2025,Kiran X,Bengaluru,Cycle,Full-time,4.02,Y
DP07722,1/22/2025,Nikhil S,Chennai,Scooter,Full-time,3.96,Y
DP10882,1/3/2025,Rakesh Q,Kolkata,Scooter,Contract,4.03,Y
DP12872,1/1/2025,Amit E,Delhi,Bike,Part-time,4.57,Y
DP01404,1/4/2025,Ravi M,Kolkata,Scooter,Part-time,3.93,N
DP08143,12/26/2024,Ananya V,Ahmedabad,Bike,Full-time,3.76,Y
DP03136,12/30/2024,Amit E,Pune,Cycle,Part-time,3.97,Y
DP10757,1/6/2025,Rahul Q,Bengaluru,Bike,Contract,4.86,Y
DP03253,1/7/2025,Santosh A,Delhi,Bike,Full-time,4.4,Y
DP13288,1/14/2025,Arjun B,Kolkata,Bike,Part-time,3.84,Y
DP06776,12/28/2024,Kiran V,Delhi,Car,Part-time,4.44,Y
DP03218,1/12/2025,Shreya K,Bengaluru,Scooter,Full-time,4.26,Y
DP08325,1/3/2025,Deepak S,Chennai,Scooter,Part-time,4.63,Y
DP06330,12/14/2024,Deepak T,Mumbai,Bike,Part-time,3.97,Y
DP14451,12/29/2024,Rahul G,Bengaluru,Scooter,Full-time,4.26,Y
DP09376,1/2/2025,Sneha G,Kolkata,Cycle,Full-time,4.44,N
DP12381,12/22/2024,Shreya U,Kolkata,Scooter,Full-time,4.19,Y
DP11760,12/17/2024,Pooja L,Delhi,Bike,Contract,4.36,N
DP10816,1/6/2025,Priya C,Chennai,Scooter,Contract,3.89,N
DP09568,12/28/2024,Rakesh M,Delhi,Scooter,Part-time,4.37,Y
DP08808,1/8/2025,Deepak A,Delhi,Cycle,Full-time,4.6,Y
DP00419,12/29/2024,Nikhil L,Bengaluru,Car,Part-time,4.3,Y
DP07714,1/5/2025,Divya P,Chennai,Scooter,Full-time,4.64,N
DP09858,12/25/2024,Shreya O,Bengaluru,Scooter,Part-time,4.25,Y
DP04028,1/17/2025,Nikhil V,Hyderabad,Bike,Part-time,4.86,N
DP09123,12/31/2024,Manoj G,Delhi,Bike,Full-time,4.05,Y
DP11398,1/7/2025,Arjun V,Delhi,Bike,Part-time,4.72,Y
DP00728,1/5/2025,Suresh J,Kolkata,Scooter,Part-time,4.47,Y
DP14829,12/19/2024,Shreya S,Pune,Bike,Full-time,3.74,Y
DP09179,12/23/2024,Suresh E,Kolkata,Bike,Full-time,4.52,Y
DP11896,12/31/2024,Shreya B,Mumbai,Cycle,Part-time,4.17,Y
DP14977,1/6/2025,Suresh C,Bengaluru,Scooter,Full-time,4.13,Y
DP05945,12/30/2024,Manoj H,Mumbai,Scooter,Part-time,4.03,Y
DP00230,1/3/2025,Rakesh L,Bengaluru,Bike,Part-time,3.93,Y
DP14902,12/27/2024,Kiran Q,Delhi,Scooter,Full-time,3.95,Y
DP00388,1/6/2025,Deepak I,Mumbai,Scooter,Part-time,3.81,Y
DP02166,1/1/2025,Shreya Y,Mumbai,Scooter,Part-time,3.66,Y
DP09278,1/8/2025,Nikhil R,Delhi,Scooter,Contract,3.78,N
DP09135,1/7/2025,Amit H,Kolkata,Bike,Contract,3.81,N
DP03424,12/14/2024,Rahul G,Chennai,Bike,Full-time,4.22,Y
DP09498,12/30/2024,Nikhil I,Delhi,Car,Full-time,3.98,N
DP06854,12/27/2024,Kiran J,Hyderabad,Bike,Full-time,4.15,N
DP14310,12/30/2024,Santosh H,Mumbai,Scooter,Part-time,4.67,N
DP02262,1/5/2025,Amit O,Bengaluru,Scooter,Part-time,4,Y
DP00687,12/31/2024,Divya T,Bengaluru,Scooter,Part-time,4.16,Y
DP08562,1/2/2025,Priya A,Pune,Scooter,Full-time,3.92,Y
DP13352,12/26/2024,Ravi D,Hyderabad,Cycle,Part-time,4.36,Y
DP03328,1/7/2025,Deepak N,Chennai,Scooter,Part-time,4.81,N
DP13000,1/6/2025,Sneha G,Hyderabad,Bike,Full-time,3.73,Y
DP03068,1/8/2025,Ananya Q,Delhi,Bike,Part-time,3.92,Y
DP07883,1/12/2025,Suresh T,Bengaluru,Scooter,Full-time,4.55,Y
DP06265,12/20/2024,Santosh G,Chennai,Scooter,Full-time,4.46,Y
DP01678,12/27/2024,Amit O,Delhi,Bike,Part-time,3.6,Y
DP14090,1/6/2025,Vikas B,Pune,Car,Contract,3.82,Y
DP13333,1/23/2025,Meena E,Bengaluru,Scooter,Full-time,4.11,Y
DP02921,12/28/2024,Vikas F,Pune,Scooter,Part-time,4.02,Y
DP03438,12/25/2024,Suresh Y,Kolkata,Scooter,Part-time,4.56,Y
DP01143,1/4/2025,Pooja K,Bengaluru,Bike,Full-time,3.68,Y
DP00526,12/31/2024,Amit Y,Pune,Scooter,Contract,4.33,Y
DP14934,1/4/2025,Ananya M,Bengaluru,Bike,Part-time,4.27,Y
DP05095,12/26/2024,Divya P,Bengaluru,Bike,Full-time,4.49,Y
DP13567,1/4/2025,Kiran G,Chennai,Scooter,Full-time,4.2,Y
DP00421,1/7/2025,Deepak J,Bengaluru,Bike,Part-time,4.16,Y
DP08814,12/25/2024,Ananya Z,Ahmedabad,Scooter,Full-time,4.15,Y
DP11461,12/28/2024,Deepak L,Chennai,Scooter,Part-time,4.62,N
DP10934,1/6/2025,Neha U,Ahmedabad,Bike,Full-time,3.55,Y
DP05538,1/7/2025,Divya S,Mumbai,Bike,Contract,3.84,Y
DP14970,12/25/2024,Vikas Q,Ahmedabad,Scooter,Contract,4.38,Y
DP14575,1/7/2025,Suresh Z,Mumbai,Scooter,Full-time,3.85,Y
DP12986,12/31/2024,Pooja N,Mumbai,Scooter,Full-time,4.23,Y
DP12458,12/7/2024,Amit B,Pune,Scooter,Full-time,4.66,Y
DP06473,12/31/2024,Arjun H,Bengaluru,Scooter,Contract,4.09,Y
DP01690,1/3/2025,Priya W,Ahmedabad,Bike,Full-time,4.02,Y
DP13245,12/26/2024,Arjun E,Delhi,Bike,Contract,4.39,Y
DP09720,12/25/2024,Vikas N,Pune,Cycle,Full-time,4.17,Y
DP11608,12/30/2024,Meena R,Mumbai,Bike,Part-time,4.01,Y
DP12917,1/2/2025,Arjun O,Hyderabad,Cycle,Full-time,3.85,Y
DP05952,1/7/2025,Deepak X,Ahmedabad,Scooter,Full-time,4.47,N
DP04709,12/22/2024,Priya G,Bengaluru,Bike,Contract,4.11,Y
DP07486,12/26/2024,Priya J,Chennai,Scooter,Full-time,4.08,Y
DP04650,1/20/2025,Arjun X,Kolkata,Bike,Part-time,4.36,Y
DP01444,1/4/2025,Rahul W,Delhi,Cycle,Full-time,4.16,Y
DP13560,1/9/2025,Pooja L,Bengaluru,Bike,Full-time,4.3,Y
DP07780,12/22/2024,Nikhil T,Kolkata,Scooter,Full-time,4.14,Y
DP11696,12/28/2024,Divya F,Pune,Bike,Contract,4.54,Y
DP08812,1/4/2025,Suresh J,Bengaluru,Bike,Full-time,4.07,Y
DP10193,12/24/2024,Meena Z,Delhi,Bike,Full-time,4.09,Y
DP12109,1/1/2025,Meena P,Mumbai,Scooter,Contract,3.82,Y
DP12050,12/31/2024,Rahul W,Hyderabad,Scooter,Part-time,4.29,Y
DP02851,12/24/2024,Meena A,Ahmedabad,Scooter,Full-time,3.56,Y
DP14871,1/4/2025,Nikhil U,Hyderabad,Scooter,Full-time,4.14,Y
DP01813,12/10/2024,Divya A,Mumbai,Bike,Full-time,3.88,Y
DP05302,12/25/2024,Neha P,Delhi,Cycle,Contract,3.74,Y
DP14203,12/25/2024,Kiran H,Pune,Scooter,Full-time,3.8,Y
DP09031,12/29/2024,Priya Z,Bengaluru,Bike,Full-time,3.67,Y
DP03183,12/6/2024,Ananya Y,Pune,Bike,Full-time,4.02,Y
DP13210,1/2/2025,Rahul S,Kolkata,Bike,Part-time,3.9,Y
DP09392,12/8/2024,Suresh G,Bengaluru,Bike,Full-time,3.96,Y
DP14492,1/8/2025,Ravi J,Pune,Bike,Contract,4.39,Y
DP13222,1/2/2025,Manoj F,Bengaluru,Bike,Full-time,4.54,Y
DP13595,12/24/2024,Arjun W,Hyderabad,Scooter,Contract,3.69,Y
DP13540,1/2/2025,Pooja B,Bengaluru,Cycle,Contract,4.55,Y
DP00087,12/26/2024,Meena K,Ahmedabad,Scooter,Full-time,4.13,Y
DP13660,12/29/2024,Nikhil Q,Bengaluru,Scooter,Full-time,4.48,Y
DP01417,12/24/2024,Divya T,Mumbai,Cycle,Contract,3.9,Y
DP05325,1/6/2025,Shreya V,Chennai,Scooter,Full-time,4.1,Y
DP05157,1/3/2025,Suresh S,Hyderabad,Scooter,Part-time,4.24,Y
DP02580,12/20/2024,Amit H,Pune,Bike,Part-time,4.52,Y
DP08992,1/7/2025,Nikhil R,Bengaluru,Bike,Full-time,4.12,Y
DP08919,12/30/2024,Ananya R,Bengaluru,Bike,Full-time,4.08,Y
DP02386,1/1/2025,Divya V,Bengaluru,Bike,Part-time,4.21,Y
DP12484,1/6/2025,Divya N,Bengaluru,Bike,Part-time,4.56,Y
DP14741,1/2/2025,Ananya C,Pune,Scooter,Part-time,4.02,Y
DP02354,1/5/2025,Vikas U,Chennai,Scooter,Full-time,4.33,Y
DP02915,12/31/2024,Arjun F,Bengaluru,Scooter,Full-time,4.07,Y
DP03377,1/6/2025,Sneha Z,Mumbai,Bike,Full-time,4.39,Y
DP04040,12/29/2024,Priya N,Mumbai,Bike,Part-time,4.1,Y
DP10379,12/18/2024,Priya O,Bengaluru,Bike,Part-time,3.94,N
DP13323,12/25/2024,Divya B,Mumbai,Scooter,Part-time,3.87,Y
DP10981,1/27/2025,Pooja U,Kolkata,Scooter,Part-time,4.1,Y
DP03185,1/1/2025,Arjun R,Mumbai,Cycle,Full-time,4.37,Y
DP03645,12/14/2024,Suresh K,Mumbai,Bike,Contract,3.95,Y
DP06583,12/28/2024,Manoj N,Ahmedabad,Bike,Full-time,4.59,Y
DP08450,12/31/2024,Kiran S,Bengaluru,Scooter,Full-time,4.31,Y
DP04767,12/21/2024,Pooja K,Ahmedabad,Scooter,Part-time,3.9,Y
DP10880,1/2/2025,Divya A,Mumbai,Cycle,Part-time,4.57,Y
DP12568,12/21/2024,Vikas S,Bengaluru,Bike,Contract,4.81,Y
DP09404,1/3/2025,Divya F,Bengaluru,Bike,Part-time,4.16,Y
DP04971,12/22/2024,Arjun H,Bengaluru,Bike,Contract,4.03,Y
DP08597,12/29/2024,Meena J,Pune,Bike,Full-time,4.17,N
DP11475,1/5/2025,Rakesh Q,Chennai,Scooter,Contract,3.99,N
DP09265,12/28/2024,Divya E,Mumbai,Cycle,Part-time,4.25,Y
DP06836,12/13/2024,Rahul X,Bengaluru,Scooter,Full-time,4.21,Y
DP05268,12/30/2024,Vikas C,Chennai,Bike,Part-time,4.16,Y
DP10919,12/27/2024,Rahul O,Mumbai,Car,Full-time,3.88,Y
DP01130,1/3/2025,Sneha J,Bengaluru,Scooter,Contract,4.19,Y
DP13423,12/17/2024,Meena L,Bengaluru,Scooter,Full-time,3.9,Y
DP01179,1/8/2025,Priya Z,Mumbai,Bike,Full-time,4.27,Y
DP09727,1/7/2025,Deepak I,Chennai,Cycle,Full-time,4.04,Y
DP08247,12/26/2024,Amit H,Pune,Scooter,Part-time,4.12,Y
DP05478,12/21/2024,Nikhil T,Delhi,Bike,Full-time,4.37,Y
DP12625,1/5/2025,Deepak Z,Ahmedabad,Cycle,Part-time,4.43,Y
DP09210,12/29/2024,Vikas A,Chennai,Cycle,Contract,4.2,Y
DP13079,12/31/2024,Manoj E,Kolkata,Scooter,Full-time,4.29,Y
DP10820,12/26/2024,Suresh Q,Bengaluru,Scooter,Full-time,4.41,Y
DP09062,1/13/2025,Rahul V,Mumbai,Scooter,Part-time,4,Y
DP01443,1/2/2025,Arjun I,Kolkata,Bike,Full-time,4.2,Y
DP10521,1/5/2025,Sneha K,Pune,Cycle,Full-time,3.97,Y
DP08454,12/30/2024,Pooja B,Bengaluru,Scooter,Part-time,4.24,Y
DP05429,1/1/2025,Divya A,Mumbai,Bike,Full-time,4.05,N
DP02889,1/1/2025,Rahul F,Bengaluru,Scooter,Full-time,4.29,Y
DP10470,1/2/2025,Pooja W,Chennai,Cycle,Full-time,3.87,Y
DP00459,1/7/2025,Arjun S,Ahmedabad,Scooter,Contract,4.17,Y
DP04987,12/20/2024,Nikhil T,Bengaluru,Bike,Part-time,4.56,Y
DP06167,1/4/2025,Meena U,Delhi,Scooter,Contract,4.07,Y
DP11733,12/29/2024,Divya K,Pune,Cycle,Full-time,4.13,Y
DP05661,12/30/2024,Kiran H,Kolkata,Scooter,Part-time,4.17,Y
DP13329,1/6/2025,Santosh M,Hyderabad,Car,Part-time,3.26,Y
DP09069,12/5/2024,Vikas W,Chennai,Scooter,Full-time,3.88,Y
DP00575,12/23/2024,Kiran A,Delhi,Bike,Full-time,4.26,Y
DP13531,12/28/2024,Pooja V,Mumbai,Bike,Full-time,3.93,Y
DP07197,12/24/2024,Neha H,Chennai,Bike,Contract,3.92,Y
DP13649,1/3/2025,Kiran H,Ahmedabad,Bike,Full-time,4.35,Y
DP09576,1/4/2025,Pooja J,Pune,Scooter,Full-time,4.02,Y
DP08429,12/31/2024,Ravi W,Mumbai,Bike,Part-time,4.14,Y
DP01623,1/2/2025,Rahul Y,Kolkata,Scooter,Part-time,4.25,Y
DP02163,12/23/2024,Rakesh B,Hyderabad,Scooter,Part-time,3.85,Y
DP14999,12/4/2024,Neha B,Mumbai,Cycle,Part-time,4.17,Y
DP05904,12/31/2024,Rakesh H,Bengaluru,Scooter,Full-time,4.05,Y
DP09051,1/5/2025,Kiran M,Mumbai,Car,Part-time,4.47,Y
DP04781,12/29/2024,Nikhil L,Chennai,Bike,Full-time,4.31,Y
DP04909,12/10/2024,Shreya D,Delhi,Scooter,Full-time,4.28,Y
DP11883,12/21/2024,Vikas N,Mumbai,Cycle,Contract,4.1,Y
DP07493,12/5/2024,Arjun F,Hyderabad,Bike,Full-time,3.5,Y
DP04067,1/1/2025,Deepak Y,Mumbai,Car,Full-time,4.79,N
DP07404,12/27/2024,Rahul L,Bengaluru,Scooter,Full-time,4.49,Y
DP01414,12/31/2024,Vikas C,Ahmedabad,Bike,Full-time,3.62,Y
DP08945,12/27/2024,Rahul C,Pune,Scooter,Full-time,4.09,Y
DP12749,12/24/2024,Ravi B,Delhi,Cycle,Part-time,4.67,Y
DP07434,1/7/2025,Pooja W,Bengaluru,Scooter,Contract,4.18,Y
DP06850,1/2/2025,Rahul D,Bengaluru,Bike,Part-time,4.08,N
DP03801,12/31/2024,Manoj Y,Chennai,Bike,Contract,4.12,Y
DP06319,1/8/2025,Meena O,Mumbai,Bike,Full-time,3.74,Y
DP11038,1/2/2025,Nikhil H,Mumbai,Bike,Full-time,4.23,Y
DP07225,12/29/2024,Ananya W,Ahmedabad,Bike,Full-time,3.98,Y
DP13557,12/31/2024,Nikhil V,Delhi,Bike,Full-time,4.38,N
DP09610,1/5/2025,Divya A,Hyderabad,Bike,Part-time,4.48,Y
DP09671,1/1/2025,Ananya C,Bengaluru,Bike,Contract,4.49,Y
DP00146,1/5/2025,Neha Q,Bengaluru,Scooter,Full-time,4.16,Y
DP08466,1/1/2025,Divya O,Chennai,Car,Full-time,4.22,Y
DP13541,12/21/2024,Pooja Y,Kolkata,Scooter,Part-time,4.12,Y
DP04747,12/31/2024,Neha O,Chennai,Bike,Full-time,4.15,Y
DP07136,1/3/2025,Pooja L,Kolkata,Bike,Full-time,4.35,Y
DP04453,12/22/2024,Sneha O,Bengaluru,Scooter,Full-time,4.41,Y
DP03560,12/25/2024,Manoj D,Pune,Scooter,Full-time,4.23,N
DP07086,12/9/2024,Arjun U,Bengaluru,Scooter,Part-time,4.28,Y
DP01005,1/2/2025,Vikas M,Mumbai,Scooter,Part-time,4.34,Y
DP01783,1/5/2025,Vikas E,Kolkata,Bike,Contract,3.74,N
DP05838,12/25/2024,Santosh L,Bengaluru,Scooter,Full-time,4.34,Y
DP09849,12/8/2024,Divya E,Delhi,Bike,Contract,3.82,Y
DP11263,1/6/2025,Ananya Y,Kolkata,Scooter,Part-time,4.35,Y
DP07576,12/28/2024,Rahul X,Pune,Bike,Part-time,4.07,Y
DP08769,12/18/2024,Amit J,Bengaluru,Cycle,Contract,3.84,Y
DP08635,2/4/2025,Santosh R,Chennai,Bike,Part-time,4.42,Y
DP10268,1/3/2025,Divya F,Ahmedabad,Bike,Full-time,3.89,Y
DP00158,12/16/2024,Manoj E,Bengaluru,Bike,Contract,4.34,Y
DP10110,12/10/2024,Meena H,Delhi,Bike,Part-time,4.71,Y
DP09337,1/2/2025,Priya K,Chennai,Cycle,Full-time,3.79,Y
DP11888,12/11/2024,Deepak J,Kolkata,Scooter,Part-time,4.3,Y
DP04349,12/25/2024,Manoj Z,Mumbai,Bike,Part-time,4.55,Y
DP03238,1/7/2025,Meena Z,Ahmedabad,Scooter,Part-time,4.26,Y
DP05740,12/11/2024,Rakesh Y,Mumbai,Scooter,Full-time,4.16,Y
DP12624,12/7/2024,Santosh B,Pune,Scooter,Full-time,3.91,N
DP04716,1/6/2025,Sneha M,Ahmedabad,Bike,Full-time,4.24,N
DP14048,1/8/2025,Ravi Y,Mumbai,Scooter,Contract,3.76,Y
DP09614,1/5/2025,Divya H,Mumbai,Bike,Part-time,4.19,Y
DP12010,1/2/2025,Arjun U,Bengaluru,Scooter,Part-time,3.78,Y
DP11732,12/30/2024,Rakesh J,Hyderabad,Scooter,Contract,4.38,Y
DP14460,12/26/2024,Sneha W,Bengaluru,Scooter,Full-time,4.04,Y
DP06788,1/2/2025,Suresh H,Bengaluru,Bike,Full-time,3.91,Y
DP13312,1/1/2025,Rahul F,Ahmedabad,Cycle,Full-time,4.35,Y
DP03842,12/30/2024,Neha N,Delhi,Bike,Part-time,4.35,Y
DP11045,1/5/2025,Rahul S,Mumbai,Bike,Full-time,3.9,Y
DP09229,12/21/2024,Divya D,Mumbai,Bike,Full-time,4.13,Y
DP01889,12/23/2024,Manoj R,Ahmedabad,Bike,Full-time,4.1,Y
DP14341,1/5/2025,Shreya Y,Pune,Scooter,Part-time,4.41,Y
DP09960,1/6/2025,Manoj I,Kolkata,Bike,Contract,4.53,N
DP07099,1/2/2025,Manoj I,Mumbai,Scooter,Part-time,4.39,Y
DP05627,12/24/2024,Priya D,Mumbai,Scooter,Full-time,3.59,Y
DP06099,12/25/2024,Manoj J,Delhi,Scooter,Contract,4.46,Y
DP02686,12/27/2024,Santosh M,Bengaluru,Scooter,Contract,4.31,Y
DP14852,1/6/2025,Priya C,Bengaluru,Bike,Contract,4.32,Y
DP08559,12/4/2024,Vikas V,Bengaluru,Bike,Contract,4.31,Y
DP08204,1/15/2025,Ravi E,Bengaluru,Scooter,Full-time,4.23,Y
DP06627,1/3/2025,Neha T,Hyderabad,Bike,Part-time,3.66,Y
DP02853,1/30/2025,Santosh G,Bengaluru,Scooter,Full-time,4.03,Y
DP12857,12/23/2024,Rakesh J,Delhi,Bike,Contract,3.51,Y
DP04420,1/7/2025,Vikas Z,Chennai,Scooter,Part-time,4.31,Y
DP07459,12/17/2024,Arjun H,Bengaluru,Bike,Part-time,4.27,Y
DP09506,12/27/2024,Kiran B,Mumbai,Bike,Part-time,4.7,Y
DP10660,12/18/2024,Neha U,Delhi,Scooter,Contract,4.37,Y
DP13073,12/6/2024,Ananya Q,Kolkata,Bike,Full-time,4.65,Y
DP01418,12/29/2024,Suresh R,Mumbai,Bike,Part-time,4.11,Y
DP12472,12/29/2024,Santosh B,Pune,Scooter,Full-time,4.87,Y
DP08697,1/6/2025,Suresh O,Mumbai,Cycle,Part-time,4.28,Y
DP07478,12/27/2024,Divya T,Mumbai,Scooter,Part-time,4.2,Y
DP01174,1/2/2025,Rakesh L,Bengaluru,Bike,Part-time,4.24,N
DP05180,1/7/2025,Ananya E,Bengaluru,Bike,Full-time,4.27,Y
DP07884,12/11/2024,Santosh B,Kolkata,Bike,Full-time,3.44,Y
DP11152,1/8/2025,Ananya O,Pune,Bike,Part-time,4.3,Y
DP09942,1/3/2025,Nikhil D,Chennai,Cycle,Full-time,4.03,N
DP06158,12/20/2024,Kiran J,Ahmedabad,Scooter,Contract,4.45,Y
DP00598,1/5/2025,Shreya B,Ahmedabad,Scooter,Full-time,3.42,Y
DP01898,1/8/2025,Vikas G,Mumbai,Cycle,Contract,4.42,Y
DP00223,1/8/2025,Neha G,Delhi,Bike,Contract,3.96,N
DP10499,12/30/2024,Santosh J,Delhi,Scooter,Full-time,4.32,Y
DP01936,12/25/2024,Santosh A,Kolkata,Cycle,Part-time,4.02,Y
DP11545,12/31/2024,Neha R,Bengaluru,Bike,Contract,4.93,Y
DP11592,12/25/2024,Kiran Z,Hyderabad,Bike,Full-time,4.45,Y
DP08354,12/27/2024,Ravi M,Mumbai,Bike,Full-time,4.57,Y
DP08575,12/30/2024,Ananya W,Chennai,Scooter,Contract,4.1,Y
DP10244,12/10/2024,Neha U,Hyderabad,Bike,Part-time,4.63,Y
DP08456,12/12/2024,Arjun C,Bengaluru,Bike,Full-time,4.24,Y
DP14631,12/25/2024,Neha F,Ahmedabad,Bike,Full-time,3.94,Y
DP13168,1/8/2025,Kiran Q,Chennai,Scooter,Full-time,3.83,Y
DP03333,12/23/2024,Nikhil F,Bengaluru,Scooter,Contract,4.1,Y
DP05512,12/25/2024,Divya K,Delhi,Scooter,Part-time,4.16,Y
DP04633,12/17/2024,Rakesh S,Pune,Cycle,Full-time,3.83,Y
DP10689,12/31/2024,Suresh K,Bengaluru,Cycle,Contract,3.71,Y
DP06927,12/25/2024,Kiran Z,Kolkata,Bike,Full-time,4.01,Y
DP11778,1/26/2025,Sneha J,Mumbai,Scooter,Contract,4.57,Y
DP09665,12/27/2024,Deepak L,Kolkata,Bike,Part-time,4.28,Y
DP05096,12/28/2024,Ravi P,Bengaluru,Scooter,Contract,4.61,Y
DP13267,1/8/2025,Suresh S,Delhi,Scooter,Full-time,4.48,Y
DP04179,1/3/2025,Pooja B,Kolkata,Scooter,Full-time,4.75,Y
DP06539,12/5/2024,Santosh W,Pune,Scooter,Full-time,4.64,Y
DP11506,12/17/2024,Rahul F,Bengaluru,Scooter,Part-time,4.41,Y
DP09282,1/15/2025,Vikas U,Bengaluru,Scooter,Part-time,4.36,Y
DP09732,1/6/2025,Vikas W,Hyderabad,Car,Part-time,4.62,Y
DP14919,12/21/2024,Arjun C,Pune,Bike,Full-time,4.06,Y
DP04598,12/30/2024,Divya W,Delhi,Bike,Full-time,4.36,Y
DP00125,1/5/2025,Santosh W,Bengaluru,Scooter,Full-time,4.06,Y
DP02508,12/8/2024,Manoj V,Bengaluru,Car,Full-time,3.72,Y
DP11565,12/28/2024,Pooja E,Hyderabad,Scooter,Part-time,4.26,Y
DP08866,1/5/2025,Divya T,Delhi,Cycle,Contract,4.63,Y
DP11452,1/7/2025,Vikas P,Mumbai,Bike,Full-time,3.87,Y
DP10502,12/17/2024,Deepak W,Ahmedabad,Bike,Full-time,4.23,Y
DP03993,1/2/2025,Neha I,Bengaluru,Cycle,Full-time,3.69,Y
DP13315,1/4/2025,Suresh R,Ahmedabad,Bike,Full-time,4,Y
DP03700,11/28/2024,Ravi E,Bengaluru,Cycle,Contract,4.35,Y
DP14555,1/1/2025,Priya Q,Chennai,Bike,Full-time,4.58,Y
DP12744,12/5/2024,Shreya R,Bengaluru,Bike,Full-time,3.72,Y
DP11474,1/7/2025,Ravi A,Bengaluru,Bike,Part-time,4,Y
DP13264,12/14/2024,Deepak U,Mumbai,Scooter,Full-time,4.6,Y
DP01553,1/4/2025,Neha H,Bengaluru,Bike,Part-time,4.29,Y
DP07015,12/22/2024,Ravi F,Bengaluru,Cycle,Full-time,4.42,Y
DP02530,12/25/2024,Meena N,Bengaluru,Scooter,Full-time,4.74,Y
DP04600,12/17/2024,Manoj L,Bengaluru,Scooter,Full-time,4.85,Y
DP03445,12/26/2024,Amit K,Pune,Scooter,Full-time,4.17,Y
DP10168,1/24/2025,Ananya G,Chennai,Bike,Full-time,4.23,Y
DP12424,1/8/2025,Divya B,Mumbai,Scooter,Part-time,4.69,Y
DP06516,12/21/2024,Amit N,Hyderabad,Bike,Full-time,4.35,Y
DP14838,12/20/2024,Divya F,Chennai,Bike,Full-time,4.16,Y
DP04701,12/5/2024,Arjun N,Kolkata,Bike,Part-time,4.28,Y
DP06028,12/23/2024,Meena I,Ahmedabad,Bike,Part-time,4.63,Y
DP12219,12/25/2024,Priya U,Bengaluru,Cycle,Full-time,3.66,Y
DP14171,12/31/2024,Vikas I,Bengaluru,Scooter,Full-time,3.84,Y
DP10365,1/6/2025,Amit O,Bengaluru,Scooter,Full-time,4.21,Y
DP14128,1/5/2025,Suresh J,Mumbai,Scooter,Part-time,4.08,Y
DP05676,1/1/2025,Divya T,Hyderabad,Scooter,Full-time,3.98,Y
DP09890,1/7/2025,Suresh N,Kolkata,Scooter,Full-time,4.14,Y
DP11112,1/6/2025,Rahul B,Delhi,Bike,Full-time,4.16,Y
DP11634,2/2/2025,Manoj U,Pune,Bike,Part-time,4.17,Y
DP11830,1/1/2025,Kiran Q,Ahmedabad,Cycle,Part-time,4.05,Y
DP00577,12/29/2024,Pooja W,Hyderabad,Scooter,Contract,4.14,Y
DP05998,12/13/2024,Amit Q,Chennai,Scooter,Full-time,4.31,Y
DP09318,1/3/2025,Priya Y,Kolkata,Bike,Part-time,4.07,N
DP06711,12/19/2024,Kiran X,Bengaluru,Bike,Full-time,3.99,Y
DP09789,12/26/2024,Neha F,Delhi,Bike,Full-time,4.27,Y
DP06125,1/3/2025,Meena G,Mumbai,Bike,Contract,4.47,Y
DP00219,12/29/2024,Priya F,Chennai,Bike,Full-time,4.25,Y
DP07058,2/10/2025,Vikas S,Pune,Scooter,Part-time,4.83,Y
DP11614,12/25/2024,Shreya W,Bengaluru,Bike,Full-time,4.03,Y
DP05324,1/23/2025,Ananya P,Bengaluru,Bike,Full-time,4.42,Y
DP09140,12/30/2024,Amit P,Kolkata,Bike,Contract,4.29,Y
DP08883,1/8/2025,Deepak D,Kolkata,Bike,Full-time,4.4,Y
DP03966,1/5/2025,Suresh X,Kolkata,Bike,Full-time,4.3,Y
DP07102,1/2/2025,Sneha C,Delhi,Bike,Full-time,4.18,Y
DP07577,12/23/2024,Deepak B,Delhi,Car,Full-time,4.1,Y
DP07012,12/31/2024,Shreya Y,Delhi,Scooter,Full-time,3.95,N
DP06338,1/5/2025,Kiran I,Delhi,Scooter,Full-time,4.49,Y
DP05293,12/21/2024,Deepak A,Mumbai,Bike,Part-time,4.06,Y
DP10332,12/8/2024,Divya X,Bengaluru,Scooter,Full-time,4.29,Y
DP03201,12/27/2024,Shreya W,Ahmedabad,Bike,Full-time,4.48,Y
DP03749,12/9/2024,Divya S,Ahmedabad,Bike,Full-time,4.14,Y
DP01762,12/24/2024,Divya W,Bengaluru,Scooter,Full-time,4.24,Y
DP02568,1/12/2025,Sneha I,Mumbai,Car,Full-time,4.05,Y
DP03989,1/6/2025,Arjun S,Bengaluru,Scooter,Full-time,4.14,Y
DP05075,11/27/2024,Arjun C,Pune,Scooter,Full-time,4.33,Y
DP12593,1/1/2025,Kiran X,Mumbai,Bike,Full-time,3.96,Y
DP07712,1/1/2025,Rakesh R,Delhi,Scooter,Full-time,4.58,Y
DP10520,1/4/2025,Vikas H,Kolkata,Bike,Part-time,4.16,Y
DP00382,12/26/2024,Ravi Z,Ahmedabad,Bike,Full-time,3.96,Y
DP13723,1/19/2025,Suresh U,Bengaluru,Scooter,Full-time,4.63,Y
DP02251,12/29/2024,Ananya K,Hyderabad,Bike,Contract,4.01,Y
DP11247,12/20/2024,Divya W,Mumbai,Cycle,Contract,4.27,Y
DP02235,1/4/2025,Divya N,Pune,Scooter,Part-time,3.91,Y
DP05227,1/4/2025,Shreya I,Kolkata,Bike,Full-time,4.67,Y
DP06706,12/19/2024,Deepak X,Hyderabad,Scooter,Full-time,3.96,Y
DP04380,12/28/2024,Ananya D,Delhi,Bike,Contract,4.49,Y
DP09928,12/29/2024,Santosh D,Hyderabad,Cycle,Full-time,3.81,Y
DP02421,12/31/2024,Ravi W,Chennai,Cycle,Part-time,4.56,Y
DP13344,1/1/2025,Amit I,Mumbai,Cycle,Full-time,4.33,Y
DP12645,12/21/2024,Vikas C,Hyderabad,Cycle,Full-time,4.03,Y
DP12159,1/5/2025,Shreya A,Hyderabad,Cycle,Contract,4.01,Y
DP06434,12/27/2024,Arjun R,Delhi,Scooter,Full-time,4.11,Y
DP04735,12/22/2024,Kiran Y,Pune,Bike,Full-time,4.03,Y
DP06593,12/23/2024,Sneha R,Mumbai,Bike,Contract,4.48,N
DP06905,12/24/2024,Neha G,Kolkata,Bike,Full-time,4.56,Y
DP13271,1/2/2025,Divya N,Pune,Cycle,Part-time,4.38,Y
DP04602,12/27/2024,Shreya P,Hyderabad,Scooter,Full-time,4.23,Y
DP11654,1/6/2025,Arjun A,Hyderabad,Scooter,Full-time,4.28,Y
DP09946,1/2/2025,Amit G,Hyderabad,Cycle,Full-time,4.39,Y
DP11866,12/23/2024,Meena D,Hyderabad,Scooter,Part-time,3.54,Y
DP01876,12/25/2024,Arjun F,Kolkata,Cycle,Full-time,3.97,Y
DP03825,1/6/2025,Divya G,Delhi,Bike,Full-time,3.93,Y
DP02069,12/20/2024,Pooja H,Bengaluru,Cycle,Full-time,4.19,Y
DP03508,12/14/2024,Arjun D,Delhi,Car,Full-time,3.75,Y
DP13248,12/27/2024,Ananya L,Hyderabad,Cycle,Part-time,4.21,Y
DP09109,1/4/2025,Deepak H,Mumbai,Bike,Full-time,4.17,Y
DP04265,12/31/2024,Divya A,Mumbai,Bike,Full-time,3.87,Y
DP01549,1/8/2025,Priya E,Pune,Scooter,Full-time,4.12,Y
DP06601,12/24/2024,Suresh Y,Delhi,Cycle,Full-time,3.9,Y
DP04823,1/2/2025,Rakesh Z,Hyderabad,Scooter,Part-time,4.16,Y
DP01817,12/20/2024,Manoj W,Kolkata,Bike,Full-time,4.14,Y
DP14745,12/15/2024,Amit A,Kolkata,Bike,Part-time,4,Y
DP00103,12/13/2024,Priya Q,Hyderabad,Bike,Part-time,4.99,Y
DP11793,1/7/2025,Manoj J,Delhi,Cycle,Full-time,3.91,Y
DP07618,1/6/2025,Pooja T,Delhi,Scooter,Part-time,4.25,Y
DP07291,12/21/2024,Kiran H,Kolkata,Bike,Part-time,4.3,Y
DP14639,1/7/2025,Sneha C,Delhi,Cycle,Full-time,4.39,Y
DP13516,1/7/2025,Manoj O,Kolkata,Cycle,Contract,4.25,Y
DP07803,12/31/2024,Vikas T,Ahmedabad,Bike,Part-time,4.52,Y
DP09117,3/16/2025,Neha S,Ahmedabad,Scooter,Full-time,4.41,Y
DP11540,1/3/2025,Neha S,Pune,Car,Full-time,4.39,N
DP01445,12/26/2024,Ravi K,Pune,Bike,Part-time,4.15,Y
DP09196,12/13/2024,Rakesh P,Kolkata,Cycle,Part-time,4.18,Y
DP00856,1/7/2025,Deepak M,Mumbai,Scooter,Full-time,4.44,Y
DP07795,1/9/2025,Deepak P,Pune,Scooter,Part-time,4.08,Y
DP02759,1/3/2025,Deepak E,Chennai,Bike,Part-time,3.62,Y
DP04590,1/6/2025,Rahul J,Ahmedabad,Scooter,Full-time,4.48,Y
DP11535,1/3/2025,Rahul D,Mumbai,Bike,Part-time,4.23,Y
DP02810,12/23/2024,Meena U,Mumbai,Bike,Full-time,4.28,Y
DP07142,12/24/2024,Divya S,Hyderabad,Scooter,Full-time,4.37,Y
DP11002,1/3/2025,Sneha C,Delhi,Bike,Part-time,3.86,Y
DP05768,12/22/2024,Divya N,Bengaluru,Bike,Full-time,3.32,Y
DP09485,12/24/2024,Amit P,Pune,Car,Part-time,4.57,Y
DP04630,12/21/2024,Suresh D,Bengaluru,Bike,Full-time,3.6,Y
DP08612,12/26/2024,Pooja N,Bengaluru,Bike,Full-time,4.11,N
DP09640,1/2/2025,Ananya O,Pune,Bike,Contract,4.03,Y
DP11676,12/27/2024,Shreya H,Hyderabad,Bike,Full-time,4.06,Y
DP05461,11/22/2024,Ananya Z,Delhi,Cycle,Full-time,3.95,Y
DP10229,1/9/2025,Rahul C,Kolkata,Bike,Contract,3.57,Y
DP12876,12/20/2024,Manoj T,Ahmedabad,Cycle,Full-time,4.45,N
DP04020,1/7/2025,Divya J,Ahmedabad,Scooter,Full-time,4.6,Y
DP11898,12/20/2024,Neha E,Kolkata,Bike,Part-time,4.16,Y
DP01066,1/7/2025,Arjun F,Bengaluru,Scooter,Full-time,4.79,N
DP09380,12/28/2024,Arjun M,Bengaluru,Scooter,Full-time,4.34,Y
DP08700,11/19/2024,Deepak F,Pune,Scooter,Full-time,4.1,N
DP06283,12/26/2024,Deepak W,Kolkata,Scooter,Full-time,4.48,N
DP03745,12/20/2024,Rakesh S,Hyderabad,Bike,Contract,4.59,Y
DP08747,1/5/2025,Nikhil K,Chennai,Bike,Part-time,3.95,Y
DP03794,12/4/2024,Shreya Z,Chennai,Scooter,Full-time,4.31,Y
DP05620,12/15/2024,Vikas X,Kolkata,Scooter,Full-time,4.02,Y
DP14338,1/8/2025,Santosh B,Pune,Scooter,Full-time,3.85,Y
DP01136,1/18/2025,Nikhil J,Delhi,Scooter,Full-time,3.82,Y
DP12513,1/2/2025,Suresh W,Delhi,Cycle,Full-time,4.55,Y
DP11753,12/26/2024,Arjun U,Kolkata,Cycle,Contract,4.44,N
DP03279,12/28/2024,Arjun B,Delhi,Bike,Part-time,3.89,Y
DP00320,12/22/2024,Pooja B,Delhi,Car,Full-time,4.25,Y
DP07763,12/30/2024,Amit O,Bengaluru,Cycle,Contract,4.4,Y
DP01603,12/15/2024,Ravi H,Hyderabad,Scooter,Part-time,4.07,Y
DP05020,12/30/2024,Amit I,Kolkata,Scooter,Full-time,4.22,Y
DP09882,1/3/2025,Nikhil K,Kolkata,Scooter,Contract,4.17,Y
DP00383,12/30/2024,Rakesh Z,Pune,Cycle,Contract,3.79,Y
DP12616,4/21/2025,Neha W,Hyderabad,Scooter,Full-time,4.47,Y
DP03613,1/1/2025,Arjun N,Chennai,Scooter,Contract,4.12,N
DP05626,12/23/2024,Priya H,Pune,Bike,Full-time,4.02,Y
DP08179,1/5/2025,Vikas L,Bengaluru,Cycle,Contract,4.03,N
DP13004,1/2/2025,Ananya X,Mumbai,Scooter,Full-time,4.35,Y
DP05662,12/19/2024,Pooja L,Delhi,Scooter,Part-time,4.12,Y
DP08679,12/31/2024,Ananya Y,Ahmedabad,Bike,Part-time,3.72,Y
DP13022,1/8/2025,Meena A,Kolkata,Cycle,Part-time,4.99,Y
DP11404,12/24/2024,Santosh W,Bengaluru,Bike,Full-time,4.03,Y
DP11729,12/19/2024,Kiran X,Hyderabad,Cycle,Full-time,4.67,Y
DP09917,12/23/2024,Deepak G,Bengaluru,Cycle,Full-time,4.18,Y
DP13884,1/3/2025,Rakesh B,Kolkata,Bike,Full-time,4.08,Y
DP09694,12/30/2024,Pooja T,Kolkata,Scooter,Full-time,4.07,Y
DP12005,1/8/2025,Ananya J,Chennai,Scooter,Full-time,4.71,Y
DP05352,1/1/2025,Ananya X,Bengaluru,Scooter,Full-time,4.21,Y
DP04401,12/11/2024,Sneha F,Hyderabad,Bike,Contract,4.35,Y
DP14984,1/1/2025,Santosh L,Mumbai,Scooter,Full-time,4.38,N
DP07245,12/4/2024,Pooja L,Delhi,Bike,Part-time,4.1,Y
DP08956,12/27/2024,Manoj B,Pune,Bike,Full-time,4.37,Y
DP07375,12/22/2024,Rakesh Z,Chennai,Cycle,Part-time,4.27,Y
DP11429,12/23/2024,Ananya W,Pune,Cycle,Full-time,4.56,Y
DP11421,12/16/2024,Vikas R,Chennai,Bike,Full-time,4.11,Y
DP00802,1/4/2025,Arjun Y,Ahmedabad,Car,Full-time,4.4,Y
DP08418,12/30/2024,Pooja M,Delhi,Bike,Full-time,4.07,Y
DP09878,12/28/2024,Rahul P,Mumbai,Scooter,Part-time,4.3,Y
DP04678,12/19/2024,Ravi O,Bengaluru,Cycle,Full-time,4.59,Y
DP06157,12/17/2024,Deepak F,Mumbai,Bike,Contract,4.51,Y
DP13024,12/25/2024,Arjun M,Bengaluru,Scooter,Full-time,3.99,Y
DP12567,12/17/2024,Deepak G,Mumbai,Scooter,Part-time,4.42,Y
DP04025,12/27/2024,Priya J,Bengaluru,Scooter,Full-time,4,Y
DP03145,12/28/2024,Shreya K,Bengaluru,Scooter,Part-time,4.36,N
DP09760,1/1/2025,Neha Q,Ahmedabad,Scooter,Part-time,3.88,Y
DP13304,12/26/2024,Rakesh X,Kolkata,Scooter,Part-time,4.56,N
DP11646,12/25/2024,Manoj N,Ahmedabad,Bike,Contract,3.87,Y
DP12373,1/4/2025,Kiran A,Bengaluru,Scooter,Part-time,4.25,Y
DP13076,1/2/2025,Rahul V,Chennai,Bike,Full-time,4.06,Y
DP06204,12/13/2024,Arjun H,Hyderabad,Cycle,Full-time,3.93,Y
DP02867,1/4/2025,Nikhil C,Kolkata,Bike,Full-time,4.17,Y
DP03858,1/5/2025,Sneha S,Mumbai,Scooter,Full-time,3.62,Y
DP14027,1/7/2025,Arjun J,Bengaluru,Scooter,Full-time,3.66,Y
DP06222,1/2/2025,Pooja G,Hyderabad,Scooter,Part-time,4.07,Y
DP07876,1/2/2025,Priya E,Chennai,Bike,Full-time,3.86,Y
DP11215,1/1/2025,Deepak I,Bengaluru,Bike,Contract,4.17,Y
DP13999,12/13/2024,Amit X,Mumbai,Scooter,Contract,4.06,Y
DP03406,12/8/2024,Vikas W,Pune,Bike,Part-time,4.29,Y
DP06364,1/6/2025,Pooja X,Kolkata,Scooter,Contract,4.03,N
DP04143,12/25/2024,Vikas G,Bengaluru,Bike,Contract,4.53,N
DP07759,12/19/2024,Arjun I,Mumbai,Bike,Contract,3.78,Y
DP06546,12/29/2024,Pooja V,Ahmedabad,Cycle,Contract,3.81,Y
DP11458,1/6/2025,Vikas A,Ahmedabad,Bike,Full-time,4.4,Y
DP04860,12/27/2024,Nikhil R,Mumbai,Scooter,Part-time,4.38,Y
DP08680,12/21/2024,Arjun Y,Kolkata,Cycle,Full-time,4.48,Y
DP13663,1/5/2025,Sneha N,Delhi,Scooter,Part-time,4.28,Y
DP00912,12/22/2024,Manoj R,Pune,Cycle,Full-time,4.44,Y
DP03153,12/26/2024,Pooja F,Chennai,Cycle,Full-time,3.48,Y
DP04857,1/4/2025,Deepak C,Chennai,Bike,Contract,4.3,Y
DP08930,12/27/2024,Divya C,Ahmedabad,Scooter,Part-time,4.35,Y
DP04552,11/24/2024,Ananya G,Hyderabad,Bike,Part-time,4.43,Y
DP06948,1/1/2025,Pooja M,Pune,Scooter,Part-time,3.67,Y
DP08012,12/22/2024,Divya D,Delhi,Bike,Part-time,4.56,Y
DP08083,1/3/2025,Sneha D,Bengaluru,Scooter,Contract,4.17,Y
DP12176,12/25/2024,Rakesh C,Hyderabad,Scooter,Full-time,4.59,N
DP07880,12/25/2024,Santosh R,Pune,Bike,Full-time,3.64,Y
DP01590,12/23/2024,Kiran K,Kolkata,Car,Full-time,4.62,Y
DP03762,1/6/2025,Priya N,Pune,Bike,Part-time,3.73,Y
DP13397,1/2/2025,Ravi T,Kolkata,Scooter,Contract,3.82,Y
DP12326,1/13/2025,Rahul S,Delhi,Scooter,Part-time,4.33,Y
DP09932,1/4/2025,Shreya O,Delhi,Car,Full-time,4.19,Y
DP03578,1/4/2025,Santosh R,Kolkata,Bike,Full-time,4.08,Y
DP04390,12/28/2024,Rakesh O,Bengaluru,Scooter,Part-time,3.87,Y
DP01204,1/4/2025,Manoj J,Hyderabad,Scooter,Contract,4.25,Y
DP04862,12/17/2024,Pooja W,Bengaluru,Bike,Full-time,4.46,Y
DP07283,12/23/2024,Arjun L,Chennai,Cycle,Part-time,3.68,Y
DP04814,1/6/2025,Shreya Z,Pune,Scooter,Full-time,4.43,Y
DP13444,12/23/2024,Deepak G,Mumbai,Bike,Full-time,3.96,Y
DP10151,12/19/2024,Pooja C,Mumbai,Bike,Contract,4.03,Y
DP04666,12/28/2024,Sneha F,Delhi,Cycle,Part-time,4.07,Y
DP08533,1/9/2025,Shreya Y,Mumbai,Car,Full-time,4.49,Y
DP02401,1/3/2025,Ananya H,Bengaluru,Scooter,Part-time,4.46,Y
DP02562,12/29/2024,Vikas K,Ahmedabad,Scooter,Part-time,4.24,Y
DP04605,12/7/2024,Vikas H,Bengaluru,Bike,Part-time,3.91,N
DP07490,1/7/2025,Suresh I,Mumbai,Bike,Full-time,4.66,Y
DP12580,12/12/2024,Ananya N,Delhi,Cycle,Contract,4.24,Y
DP02114,12/29/2024,Rahul O,Mumbai,Bike,Full-time,3.94,Y
DP13728,1/7/2025,Manoj B,Kolkata,Scooter,Contract,3.71,Y
DP04470,12/18/2024,Meena U,Kolkata,Scooter,Full-time,4.35,Y
DP08910,12/22/2024,Vikas S,Ahmedabad,Car,Full-time,4.38,Y
DP10522,1/8/2025,Priya W,Chennai,Cycle,Full-time,4.39,Y
DP04695,1/8/2025,Santosh O,Chennai,Car,Contract,5,N
DP04219,12/28/2024,Arjun O,Delhi,Scooter,Part-time,3.95,Y
DP04620,1/1/2025,Pooja U,Bengaluru,Scooter,Full-time,4.14,Y
DP02135,12/30/2024,Rakesh F,Mumbai,Scooter,Full-time,4.42,Y
DP04210,12/30/2024,Nikhil O,Delhi,Cycle,Full-time,3.83,Y
DP10596,1/8/2025,Rakesh I,Kolkata,Bike,Full-time,4.35,Y
DP01285,12/25/2024,Rahul X,Pune,Bike,Part-time,4.16,N
DP01792,1/2/2025,Deepak C,Mumbai,Scooter,Contract,3.89,Y
DP00594,1/6/2025,Ravi O,Bengaluru,Bike,Part-time,4.06,N
DP08818,12/10/2024,Santosh U,Delhi,Bike,Full-time,4.17,Y
DP05356,12/27/2024,Rahul S,Bengaluru,Scooter,Full-time,4.3,Y
DP11886,1/7/2025,Sneha A,Pune,Cycle,Part-time,3.94,Y
DP07846,12/9/2024,Meena S,Ahmedabad,Scooter,Full-time,4.52,Y
DP00911,12/21/2024,Ananya I,Delhi,Bike,Part-time,4.12,Y
DP13600,1/5/2025,Amit H,Chennai,Scooter,Part-time,4.52,Y
DP05460,1/3/2025,Ananya U,Chennai,Bike,Contract,4.52,Y
DP13861,1/1/2025,Kiran C,Pune,Scooter,Part-time,3.84,Y
DP02313,12/25/2024,Deepak H,Bengaluru,Scooter,Full-time,4.35,N
DP00294,12/30/2024,Shreya K,Mumbai,Bike,Contract,3.86,N
DP08976,12/31/2024,Nikhil W,Mumbai,Bike,Full-time,4.5,Y
DP00070,12/8/2024,Neha G,Chennai,Bike,Full-time,3.82,Y
DP12277,1/4/2025,Neha X,Bengaluru,Cycle,Contract,3.91,N
DP12265,1/21/2025,Ananya W,Kolkata,Scooter,Full-time,4.11,Y
DP09683,12/30/2024,Nikhil I,Kolkata,Scooter,Part-time,4.18,Y
DP07057,12/31/2024,Rahul B,Delhi,Bike,Part-time,4.26,Y
DP03121,12/31/2024,Manoj E,Ahmedabad,Scooter,Contract,4.31,Y
DP11790,1/16/2025,Meena G,Ahmedabad,Bike,Full-time,4.17,Y
DP14679,1/9/2025,Shreya M,Mumbai,Cycle,Full-time,4.67,Y
DP10160,1/3/2025,Neha X,Bengaluru,Scooter,Part-time,4.38,Y
DP06152,1/7/2025,Rakesh J,Ahmedabad,Car,Full-time,4.51,Y
DP02289,1/3/2025,Rahul K,Delhi,Bike,Full-time,4.02,Y
DP01079,12/15/2024,Rahul B,Bengaluru,Bike,Part-time,3.97,Y
DP07432,1/7/2025,Priya M,Bengaluru,Bike,Contract,4.04,Y
DP00736,1/8/2025,Ravi A,Kolkata,Scooter,Full-time,4.36,N
DP13848,1/4/2025,Deepak C,Bengaluru,Scooter,Full-time,4.16,Y
DP12417,12/24/2024,Shreya M,Chennai,Bike,Part-time,4.43,Y
DP07503,12/2/2024,Divya Y,Bengaluru,Bike,Contract,3.93,Y
DP08749,12/19/2024,Priya M,Bengaluru,Bike,Part-time,4.78,Y
DP07196,12/16/2024,Arjun L,Ahmedabad,Bike,Part-time,3.82,Y
DP09467,12/28/2024,Pooja M,Bengaluru,Scooter,Part-time,4.24,Y
DP09146,1/7/2025,Priya A,Chennai,Cycle,Full-time,4.43,Y
DP04116,1/3/2025,Vikas H,Bengaluru,Scooter,Part-time,3.62,Y
DP03036,1/5/2025,Sneha O,Chennai,Bike,Full-time,4.42,Y
DP03035,1/9/2025,Ravi E,Bengaluru,Cycle,Contract,4.22,Y
DP10405,1/6/2025,Ananya U,Kolkata,Scooter,Part-time,4.26,Y
DP10480,1/2/2025,Suresh V,Ahmedabad,Car,Part-time,4.2,Y
DP14036,1/6/2025,Meena B,Mumbai,Scooter,Contract,4.41,Y
DP01922,12/7/2024,Rakesh R,Delhi,Car,Full-time,4.17,Y
DP07085,12/23/2024,Divya T,Pune,Scooter,Full-time,4.32,Y
DP14543,12/26/2024,Amit L,Bengaluru,Scooter,Full-time,4.51,Y
DP02905,1/3/2025,Manoj K,Bengaluru,Scooter,Part-time,3.85,Y
DP03031,1/8/2025,Pooja M,Pune,Bike,Contract,3.8,Y
DP10464,1/4/2025,Priya A,Ahmedabad,Bike,Full-time,4.46,Y
DP07658,12/30/2024,Ravi M,Pune,Bike,Full-time,4.59,Y
DP08646,1/2/2025,Amit M,Pune,Bike,Contract,4.27,Y
DP09379,12/29/2024,Arjun G,Mumbai,Scooter,Full-time,4.38,Y
DP09507,1/2/2025,Divya G,Bengaluru,Bike,Full-time,4.17,Y
DP06930,12/27/2024,Nikhil C,Delhi,Bike,Part-time,3.78,Y
DP05181,2/28/2025,Ravi N,Mumbai,Scooter,Full-time,4.22,N
DP07436,1/2/2025,Pooja Z,Kolkata,Bike,Full-time,4.36,Y
DP09520,1/4/2025,Pooja L,Delhi,Cycle,Contract,4.67,Y
DP09601,12/13/2024,Sneha U,Hyderabad,Cycle,Full-time,4.1,Y
DP11028,12/28/2024,Nikhil I,Kolkata,Bike,Part-time,4.18,Y
DP13254,12/2/2024,Ananya H,Delhi,Scooter,Full-time,3.82,Y
DP09822,1/3/2025,Santosh A,Hyderabad,Scooter,Full-time,4.2,Y
DP02165,12/7/2024,Meena P,Hyderabad,Scooter,Full-time,4.04,Y
DP14605,1/7/2025,Vikas C,Delhi,Scooter,Full-time,4.24,Y
DP01378,1/6/2025,Amit D,Bengaluru,Bike,Full-time,4.35,Y
DP03239,12/16/2024,Vikas L,Mumbai,Bike,Part-time,4.66,Y
DP00757,12/30/2024,Meena B,Delhi,Scooter,Full-time,4.27,N
DP14533,1/2/2025,Vikas V,Mumbai,Bike,Part-time,3.98,Y
DP02462,1/26/2025,Ananya I,Hyderabad,Bike,Full-time,4.96,Y
DP07017,1/27/2025,Divya Y,Mumbai,Scooter,Full-time,3.96,Y
DP12512,12/9/2024,Shreya Q,Pune,Scooter,Contract,4.05,Y
DP08187,12/29/2024,Suresh Z,Chennai,Scooter,Full-time,4.56,Y
DP08242,12/25/2024,Vikas O,Bengaluru,Bike,Contract,4.14,Y
DP12426,1/3/2025,Sneha E,Pune,Scooter,Part-time,3.97,Y
DP05252,1/8/2025,Santosh D,Pune,Bike,Full-time,3.93,Y
DP14477,1/4/2025,Rakesh Y,Chennai,Bike,Full-time,4.17,Y
DP03618,12/10/2024,Santosh H,Delhi,Bike,Part-time,4.14,N
DP08133,1/2/2025,Kiran K,Hyderabad,Cycle,Full-time,4.29,Y
DP12858,1/9/2025,Shreya F,Mumbai,Bike,Full-time,3.81,Y
DP12123,12/25/2024,Santosh C,Bengaluru,Scooter,Contract,4.11,Y
DP03228,1/13/2025,Nikhil G,Bengaluru,Bike,Full-time,4,Y
DP05499,1/3/2025,Nikhil T,Bengaluru,Scooter,Part-time,4,Y
DP08081,1/5/2025,Neha R,Mumbai,Scooter,Full-time,4.4,Y
DP05684,1/8/2025,Neha J,Pune,Bike,Full-time,3.72,N
DP14973,1/6/2025,Sneha Y,Ahmedabad,Scooter,Full-time,4.26,Y
DP14117,1/22/2025,Rahul U,Bengaluru,Bike,Full-time,4.31,Y
DP07710,12/31/2024,Kiran N,Bengaluru,Bike,Contract,4.16,N
DP13429,12/28/2024,Neha M,Bengaluru,Bike,Part-time,4.4,Y
DP00991,1/6/2025,Nikhil A,Mumbai,Scooter,Full-time,4.55,Y
DP00021,1/5/2025,Priya F,Hyderabad,Scooter,Contract,3.82,Y
DP02770,3/9/2025,Manoj U,Bengaluru,Bike,Full-time,3.69,Y
DP03743,1/7/2025,Sneha U,Mumbai,Bike,Full-time,4.14,Y
DP13387,12/25/2024,Manoj H,Bengaluru,Bike,Contract,4.51,Y
DP03791,12/25/2024,Ravi H,Delhi,Scooter,Contract,3.75,Y
DP09133,1/8/2025,Neha X,Mumbai,Bike,Full-time,4.5,Y
DP13219,12/29/2024,Suresh R,Bengaluru,Bike,Full-time,4.07,Y
DP06332,12/8/2024,Rahul J,Chennai,Cycle,Part-time,4.04,Y
DP13759,1/8/2025,Manoj V,Mumbai,Cycle,Full-time,4.6,Y
DP03337,12/13/2024,Ananya Y,Bengaluru,Scooter,Contract,4.3,Y
DP10337,12/25/2024,Deepak K,Hyderabad,Bike,Part-time,4.75,Y
DP06235,12/15/2024,Deepak C,Bengaluru,Scooter,Part-time,4.19,Y
DP08307,12/26/2024,Santosh A,Kolkata,Bike,Contract,3.63,Y
DP14455,1/3/2025,Neha K,Delhi,Scooter,Part-time,4.3,Y
DP13952,1/3/2025,Ravi Y,Hyderabad,Bike,Contract,4.37,Y
DP01335,1/5/2025,Rahul K,Chennai,Scooter,Contract,4.3,Y
DP12829,12/14/2024,Ananya B,Bengaluru,Scooter,Part-time,4.53,Y
DP10545,1/7/2025,Pooja V,Mumbai,Bike,Full-time,4.32,Y
DP11267,1/3/2025,Suresh R,Bengaluru,Bike,Full-time,3.9,Y
DP00589,12/28/2024,Nikhil I,Bengaluru,Bike,Full-time,4.91,Y
DP05456,1/9/2025,Divya B,Delhi,Bike,Full-time,3.87,N
DP06232,12/26/2024,Suresh Z,Chennai,Bike,Part-time,3.75,Y
DP12942,12/29/2024,Nikhil K,Hyderabad,Cycle,Part-time,4.73,Y
DP03807,12/20/2024,Meena D,Bengaluru,Cycle,Contract,3.84,Y
DP10823,1/9/2025,Kiran A,Chennai,Scooter,Full-time,4.43,Y
DP12748,12/20/2024,Deepak E,Bengaluru,Bike,Full-time,4.5,N
DP10776,12/31/2024,Divya W,Kolkata,Bike,Part-time,4.39,N
DP08716,1/28/2025,Deepak J,Bengaluru,Bike,Full-time,4.11,Y
DP04996,1/2/2025,Ravi S,Bengaluru,Scooter,Full-time,4.2,Y
DP12215,12/24/2024,Santosh D,Pune,Scooter,Full-time,4.22,Y
DP13498,12/25/2024,Manoj U,Mumbai,Scooter,Full-time,4.05,Y
DP05660,1/4/2025,Manoj N,Ahmedabad,Bike,Full-time,4.17,Y
DP12764,3/1/2025,Ananya P,Bengaluru,Bike,Part-time,4.12,Y
DP12380,12/13/2024,Shreya R,Bengaluru,Car,Full-time,4.32,Y
DP12178,12/27/2024,Rahul U,Delhi,Bike,Full-time,4.36,Y
DP08275,1/2/2025,Divya K,Kolkata,Bike,Full-time,4.34,Y
DP00649,1/6/2025,Rakesh A,Bengaluru,Cycle,Full-time,4.18,N
DP00293,1/7/2025,Arjun I,Hyderabad,Bike,Full-time,4.43,Y
DP08394,1/6/2025,Manoj C,Mumbai,Scooter,Full-time,4.79,Y
DP07609,1/23/2025,Amit W,Kolkata,Bike,Full-time,4.42,Y
DP09122,12/25/2024,Neha C,Ahmedabad,Bike,Full-time,4.57,Y
DP09980,1/8/2025,Divya O,Mumbai,Car,Full-time,4.02,Y
DP05749,1/6/2025,Santosh W,Delhi,Cycle,Contract,4.85,Y
DP06301,2/5/2025,Rahul O,Chennai,Bike,Part-time,4.19,Y
DP02349,12/31/2024,Arjun C,Kolkata,Scooter,Full-time,4.18,Y
DP11471,1/6/2025,Rakesh Z,Pune,Cycle,Part-time,4.27,N
DP05176,12/31/2024,Suresh A,Bengaluru,Bike,Contract,3.92,N
DP10114,1/1/2025,Ananya S,Delhi,Bike,Contract,4.07,Y
DP11441,12/6/2024,Ananya K,Chennai,Scooter,Full-time,4.36,Y
DP09800,1/8/2025,Arjun Q,Pune,Cycle,Full-time,3.8,Y
DP02637,1/4/2025,Rakesh W,Hyderabad,Bike,Full-time,4.7,Y
DP06972,12/22/2024,Ananya W,Ahmedabad,Bike,Full-time,3.7,Y
DP12653,12/5/2024,Nikhil J,Hyderabad,Bike,Contract,3.93,Y
DP10113,1/10/2025,Ananya J,Kolkata,Bike,Part-time,4.18,Y
DP06839,1/7/2025,Kiran J,Chennai,Scooter,Full-time,4.18,Y
DP07672,12/31/2024,Manoj Q,Kolkata,Bike,Full-time,4.22,Y
DP09596,1/2/2025,Neha D,Bengaluru,Cycle,Part-time,4.33,Y
DP09592,1/4/2025,Nikhil P,Chennai,Bike,Contract,4.36,Y
DP04220,1/5/2025,Vikas A,Chennai,Scooter,Full-time,4.48,Y
DP02429,12/21/2024,Ananya M,Mumbai,Scooter,Part-time,4.34,N
DP13769,1/8/2025,Rakesh D,Delhi,Bike,Part-time,4.15,Y
DP02473,1/7/2025,Santosh T,Ahmedabad,Scooter,Part-time,4.35,Y
DP05789,12/27/2024,Shreya H,Bengaluru,Scooter,Part-time,3.99,Y
DP14861,12/20/2024,Sneha Y,Chennai,Bike,Contract,4.74,Y
DP01610,1/7/2025,Suresh D,Pune,Scooter,Contract,4.06,Y
DP03889,1/25/2025,Suresh M,Kolkata,Bike,Full-time,4.58,N
DP00607,12/18/2024,Meena Y,Kolkata,Bike,Part-time,4.41,Y
DP13789,1/1/2025,Nikhil J,Bengaluru,Cycle,Full-time,4.39,Y
DP10649,1/1/2025,Amit Z,Chennai,Scooter,Part-time,4.17,Y
DP11808,1/5/2025,Ananya T,Pune,Car,Full-time,4.26,Y
DP11521,12/26/2024,Ravi I,Mumbai,Bike,Full-time,4.39,Y
DP12793,1/1/2025,Santosh U,Kolkata,Scooter,Full-time,4.49,Y
DP08356,1/3/2025,Priya K,Mumbai,Scooter,Contract,4.26,Y
DP09824,1/8/2025,Suresh E,Delhi,Bike,Full-time,4.46,N
DP14591,1/6/2025,Neha M,Mumbai,Cycle,Full-time,4.67,Y
DP11948,2/28/2025,Rakesh B,Delhi,Scooter,Part-time,3.91,Y
DP06494,12/15/2024,Priya Z,Ahmedabad,Bike,Full-time,4.26,Y
DP00846,12/31/2024,Manoj O,Bengaluru,Bike,Contract,4.15,Y
DP00235,1/1/2025,Nikhil S,Kolkata,Scooter,Full-time,4.66,Y
DP04740,12/22/2024,Shreya U,Mumbai,Scooter,Part-time,4.24,Y
DP06849,1/12/2025,Sneha Q,Delhi,Scooter,Part-time,4.36,Y
DP11915,1/8/2025,Suresh C,Pune,Scooter,Part-time,4.88,Y
DP09104,1/9/2025,Priya N,Ahmedabad,Cycle,Contract,4.24,Y
DP01305,11/22/2024,Ravi E,Delhi,Bike,Full-time,4.27,Y
DP13755,11/28/2024,Amit O,Bengaluru,Scooter,Full-time,4.79,Y
DP14968,12/4/2024,Sneha U,Bengaluru,Bike,Full-time,4.39,Y
DP11961,1/4/2025,Suresh Q,Delhi,Scooter,Part-time,4.32,Y
DP06188,1/9/2025,Ananya O,Mumbai,Bike,Full-time,4.54,Y
DP00834,12/7/2024,Meena Z,Bengaluru,Cycle,Full-time,4.7,Y
DP04549,12/28/2024,Ananya Q,Bengaluru,Car,Full-time,4.18,Y
DP14945,1/8/2025,Suresh S,Bengaluru,Scooter,Full-time,4.82,Y
DP12097,12/28/2024,Nikhil J,Mumbai,Car,Full-time,3.82,Y
DP08387,1/8/2025,Ravi W,Bengaluru,Bike,Full-time,3.7,N
DP10537,1/2/2025,Santosh P,Mumbai,Bike,Full-time,4.23,Y
DP03373,12/22/2024,Manoj G,Mumbai,Car,Contract,4.32,Y
DP14891,12/30/2024,Santosh G,Bengaluru,Bike,Full-time,3.68,Y
DP06969,12/11/2024,Kiran Y,Kolkata,Scooter,Part-time,4.04,Y
DP12348,12/29/2024,Kiran U,Bengaluru,Scooter,Contract,4.39,Y
DP02928,12/29/2024,Divya J,Kolkata,Cycle,Part-time,3.79,Y
DP04184,1/6/2025,Amit O,Delhi,Cycle,Full-time,4.04,Y
DP08449,1/4/2025,Santosh U,Delhi,Scooter,Full-time,4,N
DP13621,4/3/2025,Vikas N,Hyderabad,Bike,Contract,4.09,Y
DP01914,12/30/2024,Meena X,Pune,Bike,Full-time,3.73,Y
DP04149,12/30/2024,Divya G,Delhi,Bike,Contract,4.14,Y
DP07926,12/27/2024,Priya C,Delhi,Bike,Contract,4.04,Y
DP01804,1/4/2025,Shreya G,Delhi,Cycle,Contract,3.92,Y
DP02065,2/26/2025,Shreya C,Pune,Bike,Full-time,4.58,Y
DP01820,1/6/2025,Arjun X,Mumbai,Scooter,Part-time,4.24,Y
DP06288,1/9/2025,Rakesh K,Chennai,Scooter,Full-time,4.42,N
DP07943,12/9/2024,Priya I,Chennai,Scooter,Full-time,4.34,Y
DP04345,1/6/2025,Divya R,Pune,Bike,Contract,4.42,Y
DP11906,12/19/2024,Arjun B,Mumbai,Cycle,Contract,3.6,Y
DP12059,1/4/2025,Sneha R,Bengaluru,Car,Full-time,3.93,Y
DP05828,12/29/2024,Shreya W,Mumbai,Car,Part-time,3.43,Y
DP09045,12/15/2024,Suresh V,Bengaluru,Scooter,Contract,4.18,Y
DP03186,1/4/2025,Rakesh L,Hyderabad,Bike,Contract,4.19,Y
DP04407,12/29/2024,Ananya J,Chennai,Scooter,Part-time,4.03,Y
DP05459,12/28/2024,Vikas T,Bengaluru,Scooter,Full-time,3.89,Y
DP07388,12/27/2024,Shreya R,Bengaluru,Scooter,Full-time,4.26,Y
DP09185,12/19/2024,Suresh C,Delhi,Bike,Part-time,3.72,N
DP04208,12/29/2024,Kiran A,Bengaluru,Bike,Full-time,4.16,Y
DP14007,1/7/2025,Deepak L,Bengaluru,Scooter,Part-time,4.14,Y
DP12910,12/28/2024,Priya Z,Delhi,Bike,Full-time,4.42,Y
DP11266,12/22/2024,Vikas Z,Hyderabad,Scooter,Full-time,4.75,Y
DP09733,1/5/2025,Kiran L,Delhi,Cycle,Contract,4.39,Y
DP13053,1/27/2025,Neha J,Delhi,Bike,Contract,3.95,Y
DP06307,12/23/2024,Suresh L,Bengaluru,Scooter,Contract,3.58,Y
DP09628,1/9/2025,Suresh B,Mumbai,Car,Full-time,4.64,Y
DP00651,1/8/2025,Vikas E,Chennai,Bike,Full-time,3.92,Y
DP05010,1/9/2025,Shreya V,Hyderabad,Scooter,Contract,4.1,Y
DP02847,1/1/2025,Vikas T,Bengaluru,Bike,Full-time,3.65,Y
DP01703,12/31/2024,Kiran U,Bengaluru,Scooter,Contract,4.2,Y
DP01108,1/12/2025,Nikhil V,Mumbai,Scooter,Full-time,4.09,Y
DP04378,1/7/2025,Ananya S,Chennai,Scooter,Part-time,4.1,Y
DP02940,1/5/2025,Suresh U,Hyderabad,Cycle,Part-time,4.47,Y
DP03310,1/5/2025,Pooja X,Ahmedabad,Bike,Full-time,4.09,Y
DP10028,12/15/2024,Shreya P,Bengaluru,Cycle,Part-time,4.18,Y
DP10827,1/6/2025,Deepak V,Mumbai,Scooter,Full-time,4.1,Y
DP05167,1/1/2025,Priya J,Mumbai,Cycle,Part-time,4.41,Y
DP04324,12/18/2024,Kiran U,Mumbai,Cycle,Part-time,4.08,Y
DP05264,1/9/2025,Suresh O,Delhi,Cycle,Full-time,4.31,Y
DP03567,12/19/2024,Deepak J,Pune,Scooter,Full-time,3.95,Y
DP09260,12/31/2024,Arjun H,Bengaluru,Scooter,Full-time,4.2,Y
DP02963,12/30/2024,Sneha C,Pune,Scooter,Full-time,4.05,Y
DP11884,1/7/2025,Kiran H,Kolkata,Bike,Part-time,4.89,Y
DP08506,12/29/2024,Kiran X,Bengaluru,Cycle,Part-time,4.47,Y
DP00864,12/28/2024,Rakesh H,Bengaluru,Scooter,Part-time,4.04,Y
DP00600,1/5/2025,Santosh M,Delhi,Bike,Part-time,4.01,Y
DP14355,12/28/2024,Ananya M,Bengaluru,Bike,Part-time,4.34,Y
DP00971,1/6/2025,Ananya U,Bengaluru,Scooter,Full-time,4.2,N
DP01807,12/17/2024,Ananya T,Hyderabad,Scooter,Full-time,4.8,Y
DP03788,12/23/2024,Suresh C,Bengaluru,Cycle,Full-time,4.08,Y
DP12318,1/7/2025,Rahul Z,Mumbai,Bike,Full-time,3.73,Y
DP09989,12/30/2024,Ravi J,Mumbai,Scooter,Part-time,4.38,Y
DP01206,12/19/2024,Ananya N,Delhi,Scooter,Contract,4.48,Y
DP13233,1/8/2025,Suresh U,Bengaluru,Bike,Part-time,3.77,Y
DP09575,1/6/2025,Kiran V,Hyderabad,Cycle,Full-time,4.05,Y
DP02146,12/17/2024,Suresh B,Mumbai,Bike,Contract,4.64,Y
DP00889,1/5/2025,Kiran J,Kolkata,Bike,Full-time,4.02,Y
DP02747,12/19/2024,Pooja Y,Ahmedabad,Bike,Full-time,4.43,Y
DP03949,12/28/2024,Rahul M,Pune,Bike,Full-time,4.54,Y
DP08059,1/4/2025,Vikas Q,Bengaluru,Bike,Part-time,4.21,N
DP11559,2/9/2025,Ananya Z,Chennai,Cycle,Part-time,4.27,Y
DP03800,12/6/2024,Arjun A,Bengaluru,Bike,Full-time,4.07,Y
DP11168,1/9/2025,Neha A,Hyderabad,Bike,Part-time,3.79,Y
DP05094,2/3/2025,Shreya W,Bengaluru,Bike,Full-time,4.54,Y
DP00310,1/6/2025,Kiran K,Bengaluru,Scooter,Full-time,4.43,N
DP07071,12/15/2024,Meena H,Delhi,Bike,Full-time,4.05,Y
DP10428,1/1/2025,Divya L,Bengaluru,Cycle,Contract,3.85,Y
DP00363,12/24/2024,Kiran K,Delhi,Scooter,Part-time,4.44,Y
DP09896,12/24/2024,Ravi U,Delhi,Bike,Full-time,4.41,Y
DP13593,12/31/2024,Santosh U,Delhi,Bike,Part-time,4.17,Y
DP12220,12/15/2024,Nikhil F,Kolkata,Cycle,Part-time,4.61,Y
DP01455,12/15/2024,Divya I,Delhi,Bike,Full-time,4.46,Y
DP08773,12/25/2024,Neha I,Hyderabad,Car,Full-time,4.29,Y
DP05166,12/23/2024,Rakesh S,Bengaluru,Bike,Full-time,3.81,Y
DP00018,1/3/2025,Rakesh M,Bengaluru,Scooter,Full-time,4.08,Y
DP13629,1/6/2025,Vikas T,Bengaluru,Scooter,Part-time,3.95,Y
DP00545,1/2/2025,Santosh M,Hyderabad,Scooter,Contract,4.42,Y
DP09854,12/24/2024,Rahul C,Bengaluru,Bike,Contract,4.11,N
DP10948,1/5/2025,Arjun T,Bengaluru,Bike,Part-time,3.96,Y
DP06058,12/30/2024,Shreya R,Bengaluru,Scooter,Part-time,3.97,Y
DP01359,1/5/2025,Shreya D,Ahmedabad,Scooter,Part-time,4.4,Y
DP01343,12/24/2024,Kiran M,Delhi,Scooter,Full-time,3.94,Y
DP02198,1/4/2025,Shreya C,Mumbai,Scooter,Full-time,4.04,Y
DP09134,12/27/2024,Amit M,Ahmedabad,Bike,Full-time,4.54,Y
DP11171,1/3/2025,Shreya K,Chennai,Scooter,Full-time,4.09,Y
DP02197,1/4/2025,Meena N,Kolkata,Scooter,Full-time,4.76,Y
DP10016,1/3/2025,Arjun M,Pune,Bike,Full-time,3.9,Y
DP10384,11/25/2024,Kiran B,Bengaluru,Cycle,Full-time,4.26,Y
DP06922,12/19/2024,Shreya T,Bengaluru,Bike,Full-time,4.21,Y
DP00554,1/8/2025,Kiran L,Delhi,Cycle,Full-time,4.35,Y
DP12146,12/18/2024,Deepak T,Delhi,Bike,Full-time,4.68,Y
DP01353,1/2/2025,Santosh J,Bengaluru,Scooter,Part-time,4.72,Y
DP08846,1/6/2025,Meena F,Delhi,Cycle,Contract,4.52,Y
DP12626,12/23/2024,Sneha X,Chennai,Scooter,Full-time,4.55,Y
DP01991,12/24/2024,Arjun O,Chennai,Bike,Contract,4.42,Y
DP01221,12/23/2024,Rakesh U,Hyderabad,Scooter,Contract,4.14,Y
DP07513,12/27/2024,Suresh S,Mumbai,Scooter,Contract,4.52,Y
DP10543,1/4/2025,Shreya I,Ahmedabad,Cycle,Part-time,3.84,Y
DP00041,12/20/2024,Sneha A,Bengaluru,Bike,Part-time,4.11,Y
DP10897,1/5/2025,Deepak P,Delhi,Scooter,Full-time,4.25,Y
DP00952,1/7/2025,Kiran N,Mumbai,Bike,Part-time,4.22,N
DP01880,12/23/2024,Vikas F,Hyderabad,Bike,Full-time,4.04,Y
DP06269,1/5/2025,Priya J,Mumbai,Scooter,Full-time,4.89,Y
DP08119,1/3/2025,Deepak G,Bengaluru,Bike,Contract,4.02,Y
DP12017,12/24/2024,Rahul X,Bengaluru,Scooter,Part-time,4.26,Y
DP02300,12/29/2024,Sneha E,Bengaluru,Car,Full-time,3.97,Y
DP07891,1/6/2025,Neha N,Delhi,Scooter,Full-time,4.11,Y
DP09570,12/3/2024,Amit I,Kolkata,Scooter,Part-time,4.32,Y
DP04337,12/15/2024,Vikas H,Delhi,Scooter,Contract,3.89,Y
DP05958,12/21/2024,Nikhil B,Bengaluru,Bike,Full-time,4.21,Y
DP10617,12/29/2024,Santosh R,Pune,Scooter,Part-time,4.53,Y
DP07113,12/10/2024,Arjun V,Kolkata,Cycle,Full-time,3.87,Y
DP12638,12/2/2024,Divya P,Bengaluru,Scooter,Full-time,4.25,Y
DP14402,12/31/2024,Deepak Q,Mumbai,Bike,Contract,4.2,N
DP06370,12/30/2024,Nikhil E,Hyderabad,Bike,Part-time,4.18,Y
DP01816,12/16/2024,Divya E,Hyderabad,Car,Full-time,4.12,Y
DP10214,12/30/2024,Priya S,Bengaluru,Scooter,Full-time,3.99,N
DP12845,12/31/2024,Priya I,Delhi,Scooter,Part-time,4.33,Y
DP02152,12/26/2024,Amit I,Kolkata,Bike,Full-time,4.04,Y
DP12446,12/29/2024,Kiran M,Bengaluru,Scooter,Contract,3.87,Y
DP11515,12/24/2024,Suresh I,Hyderabad,Scooter,Part-time,4.4,Y
DP07122,12/27/2024,Neha Y,Chennai,Scooter,Full-time,4.26,Y
DP03663,12/30/2024,Suresh J,Hyderabad,Bike,Contract,3.86,Y
DP10567,12/25/2024,Priya A,Pune,Bike,Full-time,4.35,Y
DP02734,1/7/2025,Pooja B,Delhi,Bike,Full-time,4.05,Y
DP14655,12/30/2024,Santosh X,Kolkata,Bike,Full-time,4.38,N
DP10995,1/6/2025,Rahul B,Bengaluru,Bike,Part-time,4.44,N
DP03197,1/9/2025,Arjun O,Hyderabad,Scooter,Part-time,4.45,Y
DP13187,12/7/2024,Amit I,Mumbai,Bike,Full-time,4.25,Y
DP02745,1/2/2025,Meena Y,Bengaluru,Scooter,Full-time,3.82,Y
DP05947,1/8/2025,Sneha F,Ahmedabad,Bike,Contract,3.85,N
DP13875,12/12/2024,Ananya Z,Ahmedabad,Cycle,Part-time,3.72,Y
DP13432,12/25/2024,Rakesh Q,Chennai,Cycle,Part-time,4.53,Y
DP12605,12/28/2024,Arjun Y,Bengaluru,Bike,Full-time,3.75,Y
DP07244,1/1/2025,Ravi O,Kolkata,Bike,Contract,4.4,Y
DP13193,12/10/2024,Rakesh N,Delhi,Scooter,Part-time,4.25,N
DP13263,1/3/2025,Santosh I,Delhi,Scooter,Full-time,3.99,Y
DP08195,12/29/2024,Deepak G,Hyderabad,Bike,Part-time,4.16,Y
DP08543,12/21/2024,Arjun G,Mumbai,Cycle,Contract,4.33,Y
DP03387,1/5/2025,Rakesh I,Bengaluru,Scooter,Part-time,4.42,Y
DP05604,12/12/2024,Rahul H,Chennai,Bike,Contract,3.94,Y
DP04820,12/25/2024,Kiran Q,Chennai,Cycle,Full-time,4.06,Y
DP10828,12/4/2024,Ravi A,Mumbai,Bike,Part-time,4.27,Y
DP00738,1/5/2025,Ravi F,Mumbai,Scooter,Full-time,4.46,Y
DP06000,12/6/2024,Deepak R,Ahmedabad,Cycle,Contract,3.91,Y
DP14253,2/20/2025,Ananya W,Hyderabad,Bike,Part-time,4.41,Y
DP08413,12/25/2024,Shreya D,Pune,Bike,Full-time,3.98,Y
DP13414,12/24/2024,Divya H,Delhi,Bike,Full-time,3.68,Y
DP05882,1/4/2025,Neha W,Bengaluru,Scooter,Full-time,4.43,Y
DP05281,1/3/2025,Kiran F,Hyderabad,Bike,Full-time,4.4,Y
DP01433,12/27/2024,Amit Q,Chennai,Cycle,Full-time,4.13,Y
DP01446,12/8/2024,Amit N,Bengaluru,Scooter,Contract,3.82,Y
DP10877,1/8/2025,Meena P,Pune,Scooter,Full-time,4.05,N
DP12487,1/4/2025,Pooja A,Ahmedabad,Bike,Full-time,4.06,Y
DP14358,12/20/2024,Ravi D,Ahmedabad,Scooter,Part-time,4.27,Y
DP04674,1/4/2025,Manoj A,Delhi,Car,Part-time,3.86,Y
DP11260,1/8/2025,Kiran B,Pune,Bike,Full-time,4.24,Y
DP11259,12/21/2024,Manoj L,Bengaluru,Scooter,Full-time,4.71,Y
DP04583,12/27/2024,Neha Z,Delhi,Cycle,Part-time,4.49,Y
DP02159,1/3/2025,Priya G,Delhi,Bike,Contract,3.88,Y
DP02682,1/3/2025,Santosh S,Ahmedabad,Scooter,Full-time,4.14,Y
DP06818,12/22/2024,Neha D,Delhi,Scooter,Full-time,4.47,Y
DP09381,12/30/2024,Shreya P,Ahmedabad,Scooter,Contract,4.21,Y
DP12174,12/21/2024,Kiran V,Bengaluru,Car,Full-time,4.64,Y
DP03030,12/28/2024,Divya T,Bengaluru,Scooter,Part-time,4.27,Y
DP14964,1/10/2025,Kiran G,Pune,Cycle,Full-time,4.59,Y
DP05796,1/9/2025,Vikas J,Pune,Scooter,Full-time,3.83,Y
DP09857,12/25/2024,Pooja D,Ahmedabad,Scooter,Contract,4.8,Y
DP03108,1/4/2025,Rakesh Q,Ahmedabad,Scooter,Contract,4.09,N
DP11409,12/30/2024,Santosh Z,Chennai,Bike,Contract,4.09,Y
DP01150,12/21/2024,Suresh J,Bengaluru,Bike,Full-time,4.47,Y
DP04854,12/27/2024,Suresh U,Delhi,Scooter,Full-time,4.07,Y
DP01581,12/28/2024,Santosh H,Bengaluru,Bike,Part-time,4.26,Y
DP04273,1/1/2025,Nikhil H,Pune,Scooter,Full-time,4.13,Y
DP03630,1/2/2025,Deepak T,Pune,Bike,Contract,4.49,Y
DP12136,1/2/2025,Sneha M,Hyderabad,Cycle,Full-time,5,Y
DP13901,1/10/2025,Rahul W,Kolkata,Car,Contract,5,Y
DP00661,12/23/2024,Santosh C,Mumbai,Scooter,Contract,4.34,Y
DP03694,1/2/2025,Nikhil N,Mumbai,Cycle,Full-time,4.12,Y
DP10260,12/3/2024,Nikhil L,Mumbai,Bike,Part-time,4.16,Y
DP00780,1/5/2025,Shreya L,Delhi,Bike,Full-time,4.23,Y
DP05029,1/1/2025,Vikas U,Hyderabad,Bike,Full-time,3.8,Y
DP04083,12/10/2024,Vikas G,Pune,Cycle,Part-time,3.85,N
DP08230,1/1/2025,Sneha U,Delhi,Bike,Full-time,4.2,Y
DP10990,12/22/2024,Meena W,Ahmedabad,Bike,Contract,4.64,Y
DP12494,12/21/2024,Ravi G,Delhi,Bike,Part-time,4.28,Y
DP02219,12/26/2024,Neha X,Delhi,Bike,Full-time,4.43,Y
DP05854,12/20/2024,Nikhil Y,Ahmedabad,Scooter,Full-time,4.29,Y
DP06679,12/7/2024,Deepak N,Chennai,Scooter,Full-time,4.89,Y
DP04006,1/10/2025,Amit T,Bengaluru,Cycle,Contract,3.92,Y
DP04712,1/8/2025,Rahul M,Kolkata,Scooter,Full-time,4.18,Y
DP07484,1/5/2025,Suresh J,Mumbai,Scooter,Full-time,4.61,Y
DP01904,1/1/2025,Pooja Q,Kolkata,Bike,Part-time,4,Y
DP05007,12/31/2024,Rakesh D,Kolkata,Scooter,Part-time,4.22,Y
DP07412,1/9/2025,Manoj D,Bengaluru,Bike,Full-time,4.14,N
DP12255,11/29/2024,Deepak W,Delhi,Bike,Full-time,4.39,Y
DP08876,12/30/2024,Ravi A,Delhi,Scooter,Part-time,4.44,Y
DP01667,1/3/2025,Neha E,Delhi,Scooter,Full-time,3.89,Y
DP12394,12/22/2024,Rahul P,Chennai,Bike,Part-time,3.99,Y
DP05439,12/29/2024,Ananya A,Bengaluru,Scooter,Full-time,4.84,Y
DP01170,12/29/2024,Neha L,Delhi,Scooter,Part-time,4.1,Y
DP02048,1/3/2025,Nikhil W,Ahmedabad,Scooter,Part-time,3.92,Y
DP12480,12/27/2024,Meena Y,Mumbai,Cycle,Full-time,4.2,Y
DP01710,1/4/2025,Sneha J,Bengaluru,Bike,Contract,4.34,Y
DP00831,12/27/2024,Ravi O,Chennai,Bike,Full-time,4.49,N
DP12806,1/10/2025,Shreya M,Mumbai,Bike,Part-time,4.17,Y
DP04348,12/27/2024,Ananya Q,Ahmedabad,Bike,Full-time,4.26,Y
DP03354,12/27/2024,Pooja Y,Bengaluru,Cycle,Part-time,4.35,Y
DP08975,12/1/2024,Vikas M,Mumbai,Bike,Contract,4.37,Y
DP02800,1/5/2025,Rakesh W,Mumbai,Scooter,Contract,4.24,Y
DP01346,12/31/2024,Divya R,Hyderabad,Bike,Contract,4.46,Y
DP07998,1/5/2025,Suresh S,Delhi,Cycle,Full-time,4.19,Y
DP07594,12/30/2024,Meena F,Bengaluru,Bike,Full-time,4.09,Y
DP05372,12/22/2024,Amit D,Bengaluru,Bike,Contract,3.87,Y
DP08535,12/24/2024,Rakesh N,Kolkata,Bike,Contract,4.33,N
DP01633,1/18/2025,Deepak H,Mumbai,Cycle,Full-time,4.62,Y
DP02672,12/2/2024,Meena C,Ahmedabad,Bike,Full-time,4.05,Y
DP12058,12/29/2024,Rahul J,Ahmedabad,Bike,Part-time,3.86,Y
DP14791,12/25/2024,Vikas T,Kolkata,Scooter,Contract,3.81,Y
DP02399,12/20/2024,Sneha P,Mumbai,Bike,Full-time,4.09,Y
DP10653,1/14/2025,Deepak C,Delhi,Scooter,Contract,3.92,Y
DP05732,1/11/2025,Suresh B,Hyderabad,Scooter,Contract,4.55,Y
DP09734,1/3/2025,Nikhil Y,Bengaluru,Scooter,Full-time,4.2,Y
DP14875,1/2/2025,Priya Z,Mumbai,Bike,Full-time,3.7,Y
DP05393,12/27/2024,Manoj R,Bengaluru,Car,Contract,4.42,Y
DP07855,12/24/2024,Ananya U,Delhi,Bike,Full-time,3.51,Y
DP13565,12/25/2024,Sneha T,Delhi,Bike,Full-time,4.97,Y
DP04833,12/29/2024,Kiran Q,Pune,Scooter,Full-time,4.28,Y
DP05702,11/29/2024,Vikas Y,Ahmedabad,Bike,Full-time,4.43,Y
DP13953,1/27/2025,Neha Y,Delhi,Bike,Part-time,3.9,Y
DP13726,12/31/2024,Kiran Q,Hyderabad,Scooter,Full-time,4.61,Y
DP01278,12/12/2024,Sneha J,Mumbai,Scooter,Part-time,4.32,Y
DP02603,12/9/2024,Kiran Z,Chennai,Bike,Part-time,4.45,Y
DP10829,12/31/2024,Priya I,Delhi,Cycle,Contract,4.15,Y
DP03167,12/19/2024,Divya W,Hyderabad,Scooter,Full-time,4.35,Y
DP08364,12/26/2024,Kiran X,Bengaluru,Cycle,Full-time,4.36,Y
DP11164,1/10/2025,Arjun B,Ahmedabad,Scooter,Part-time,4.62,Y
DP10885,1/4/2025,Manoj H,Chennai,Bike,Full-time,3.98,Y
DP06861,12/28/2024,Amit L,Kolkata,Scooter,Full-time,4.19,Y
DP06595,12/19/2024,Manoj D,Kolkata,Bike,Full-time,3.75,Y
DP09033,12/25/2024,Amit X,Bengaluru,Bike,Contract,4.18,Y
DP07002,1/7/2025,Suresh K,Bengaluru,Bike,Full-time,3.95,Y
DP13007,1/13/2025,Ananya Z,Bengaluru,Bike,Full-time,4.02,Y
DP07881,1/7/2025,Santosh G,Bengaluru,Bike,Full-time,4.12,Y
DP03774,1/2/2025,Manoj Q,Bengaluru,Scooter,Full-time,4.5,Y
DP07495,1/3/2025,Rahul S,Hyderabad,Bike,Full-time,3.95,Y
DP04818,1/1/2025,Nikhil X,Mumbai,Bike,Full-time,3.88,Y
DP09005,12/24/2024,Ravi P,Hyderabad,Bike,Part-time,4.25,Y
DP01945,12/19/2024,Amit X,Delhi,Scooter,Contract,4.4,Y
DP07790,1/7/2025,Rahul Y,Chennai,Bike,Full-time,4.13,Y
DP13760,1/2/2025,Arjun S,Kolkata,Scooter,Full-time,4.39,Y
DP08799,12/17/2024,Divya O,Mumbai,Cycle,Part-time,3.57,Y
DP01582,1/4/2025,Kiran D,Pune,Bike,Contract,4.59,N
DP01514,12/31/2024,Deepak F,Kolkata,Bike,Full-time,4,N
DP11319,1/1/2025,Amit W,Chennai,Cycle,Part-time,4.02,Y
DP05980,1/7/2025,Ravi L,Ahmedabad,Scooter,Part-time,4.39,Y
DP05837,1/8/2025,Shreya S,Kolkata,Scooter,Part-time,4.34,Y
DP12044,1/3/2025,Neha X,Delhi,Car,Full-time,3.78,Y
DP05573,12/24/2024,Deepak B,Hyderabad,Scooter,Full-time,4.43,N
DP13255,1/7/2025,Ananya X,Chennai,Bike,Full-time,3.99,Y
DP07474,12/24/2024,Neha X,Delhi,Car,Contract,4.21,Y
DP12471,12/25/2024,Kiran H,Mumbai,Scooter,Contract,4.15,Y
DP07186,1/4/2025,Kiran G,Hyderabad,Scooter,Full-time,4.56,Y
DP12807,1/10/2025,Kiran H,Bengaluru,Scooter,Part-time,3.93,Y
DP08870,12/12/2024,Santosh H,Ahmedabad,Scooter,Part-time,4.11,Y
DP02978,12/27/2024,Deepak I,Bengaluru,Scooter,Part-time,4.27,Y
DP09984,12/18/2024,Neha X,Ahmedabad,Bike,Contract,4.35,N
DP08128,12/24/2024,Rahul H,Hyderabad,Scooter,Full-time,4.06,Y
DP13974,12/16/2024,Ananya K,Bengaluru,Bike,Part-time,4.2,N
DP04370,12/31/2024,Santosh D,Bengaluru,Cycle,Full-time,3.75,Y
DP14691,11/27/2024,Amit T,Mumbai,Bike,Contract,4.33,Y
DP10866,1/2/2025,Priya H,Chennai,Scooter,Full-time,4.14,Y
DP06961,1/5/2025,Santosh T,Bengaluru,Cycle,Full-time,4.55,Y
DP11412,12/5/2024,Priya O,Bengaluru,Bike,Contract,3.83,Y
DP00580,1/8/2025,Amit S,Bengaluru,Bike,Part-time,3.72,Y
DP01983,1/9/2025,Neha R,Bengaluru,Scooter,Part-time,4.01,Y
DP06929,12/26/2024,Deepak J,Bengaluru,Scooter,Full-time,4.21,N
DP01289,11/28/2024,Amit A,Delhi,Scooter,Full-time,4.54,Y
DP11693,12/21/2024,Neha T,Delhi,Cycle,Contract,4.01,Y
DP12460,1/9/2025,Priya B,Bengaluru,Bike,Part-time,4,Y
DP03399,12/24/2024,Meena R,Delhi,Bike,Full-time,3.81,N
DP09128,12/25/2024,Ravi L,Bengaluru,Scooter,Part-time,4.36,Y
DP12507,1/9/2025,Meena Y,Hyderabad,Scooter,Full-time,4.26,Y
DP03610,1/4/2025,Arjun B,Delhi,Scooter,Contract,4.46,N
DP09685,12/26/2024,Rakesh H,Pune,Scooter,Full-time,3.73,Y
DP12962,1/5/2025,Meena M,Pune,Cycle,Part-time,4.79,Y
DP13982,1/11/2025,Neha L,Delhi,Scooter,Full-time,4,Y
DP06911,1/2/2025,Rahul T,Mumbai,Bike,Full-time,4.52,Y
DP02977,12/26/2024,Santosh Z,Kolkata,Scooter,Full-time,4.22,Y
DP12547,1/8/2025,Rakesh N,Mumbai,Car,Part-time,4.17,Y
DP07915,1/8/2025,Rakesh Y,Chennai,Scooter,Full-time,4.81,Y
DP04904,1/5/2025,Sneha T,Mumbai,Cycle,Part-time,4.47,Y
DP08206,12/31/2024,Suresh E,Mumbai,Bike,Contract,4.41,Y
DP10212,12/30/2024,Nikhil E,Kolkata,Bike,Full-time,4.39,Y
DP14621,12/26/2024,Divya D,Pune,Scooter,Contract,4.78,Y
DP00352,12/21/2024,Santosh O,Pune,Bike,Full-time,4.35,N
DP07711,12/31/2024,Nikhil R,Hyderabad,Scooter,Part-time,4.47,Y
DP00287,12/21/2024,Ananya D,Pune,Bike,Full-time,4.03,Y
DP01191,1/9/2025,Pooja Y,Kolkata,Cycle,Part-time,4.26,Y
DP01077,1/3/2025,Manoj V,Bengaluru,Scooter,Full-time,4.08,Y
DP11182,12/28/2024,Amit S,Chennai,Scooter,Full-time,4.04,Y
DP07529,12/29/2024,Shreya E,Delhi,Bike,Part-time,3.85,Y
DP09886,1/23/2025,Rakesh R,Bengaluru,Bike,Full-time,4.42,Y
DP14093,12/17/2024,Kiran H,Kolkata,Cycle,Contract,4.09,N
DP03936,1/6/2025,Suresh B,Kolkata,Bike,Part-time,3.69,Y
DP13969,1/4/2025,Amit A,Hyderabad,Scooter,Full-time,4.24,N
DP12281,12/28/2024,Kiran X,Hyderabad,Scooter,Full-time,4.22,Y
DP04368,12/25/2024,Kiran M,Bengaluru,Bike,Part-time,3.71,Y
DP04852,12/13/2024,Shreya O,Hyderabad,Bike,Full-time,4.57,Y
DP03526,1/8/2025,Arjun F,Pune,Scooter,Contract,4.46,Y
DP00380,1/2/2025,Santosh Z,Bengaluru,Scooter,Full-time,4.71,Y
DP03724,1/9/2025,Manoj I,Bengaluru,Scooter,Contract,3.92,Y
DP00939,12/26/2024,Nikhil D,Chennai,Cycle,Full-time,4.38,Y
DP10788,1/5/2025,Ravi T,Bengaluru,Scooter,Full-time,4.23,Y
DP09162,12/29/2024,Suresh D,Delhi,Scooter,Full-time,3.26,Y
DP08791,12/16/2024,Arjun R,Chennai,Bike,Part-time,4.93,Y
DP00282,1/8/2025,Suresh K,Bengaluru,Cycle,Full-time,4.39,Y
DP13437,12/29/2024,Sneha F,Mumbai,Cycle,Contract,3.95,Y
DP13411,12/26/2024,Manoj F,Bengaluru,Bike,Part-time,4.3,Y
DP02439,12/21/2024,Amit A,Pune,Bike,Part-time,3.92,Y
DP05122,12/21/2024,Meena D,Bengaluru,Scooter,Full-time,4.35,Y
DP03376,12/25/2024,Meena T,Hyderabad,Bike,Full-time,4.56,Y
DP02294,1/4/2025,Deepak J,Pune,Cycle,Contract,3.94,Y
DP04218,12/6/2024,Divya K,Hyderabad,Bike,Full-time,4.63,Y
DP09791,12/16/2024,Deepak A,Ahmedabad,Bike,Part-time,4.47,Y
DP14079,12/10/2024,Sneha Y,Mumbai,Cycle,Contract,4.19,Y
DP12221,1/2/2025,Sneha A,Kolkata,Cycle,Full-time,3.97,Y
DP09017,12/29/2024,Priya K,Kolkata,Bike,Contract,3.88,Y
DP14951,12/30/2024,Nikhil V,Mumbai,Scooter,Part-time,4.2,Y
DP00587,12/9/2024,Nikhil M,Kolkata,Bike,Full-time,4.23,N
DP14044,12/15/2024,Neha G,Mumbai,Scooter,Full-time,4.48,Y
DP09532,1/9/2025,Meena B,Chennai,Bike,Full-time,4.5,Y
DP06156,1/1/2025,Rakesh Q,Mumbai,Scooter,Full-time,4.3,Y
DP00606,12/30/2024,Neha P,Ahmedabad,Bike,Full-time,4.01,Y
DP11361,1/6/2025,Neha Z,Bengaluru,Bike,Full-time,4.57,Y
DP00540,1/5/2025,Amit J,Pune,Scooter,Full-time,3.96,Y
DP07255,1/9/2025,Santosh T,Bengaluru,Scooter,Full-time,3.77,Y
DP13083,1/4/2025,Pooja U,Pune,Bike,Part-time,4.17,Y
DP00791,1/6/2025,Santosh U,Pune,Cycle,Full-time,4.48,Y
DP09639,1/4/2025,Sneha F,Bengaluru,Bike,Part-time,4.18,Y
DP01579,1/2/2025,Deepak P,Ahmedabad,Bike,Full-time,3.73,N
DP13857,12/25/2024,Rahul S,Hyderabad,Cycle,Full-time,4.09,Y
DP12167,1/4/2025,Rakesh K,Hyderabad,Scooter,Full-time,3.82,Y
DP00462,1/2/2025,Arjun C,Pune,Scooter,Contract,3.78,Y
DP07374,1/3/2025,Nikhil K,Pune,Car,Full-time,4.49,Y
DP13386,1/8/2025,Nikhil H,Kolkata,Scooter,Contract,4.21,Y
DP10061,1/1/2025,Rakesh O,Chennai,Scooter,Part-time,4.03,Y
DP02559,1/4/2025,Divya I,Bengaluru,Scooter,Part-time,3.8,Y
DP03231,1/9/2025,Suresh A,Bengaluru,Bike,Part-time,4.56,Y
DP00392,1/2/2025,Ananya J,Delhi,Scooter,Part-time,3.99,Y
DP10544,1/6/2025,Neha W,Delhi,Bike,Full-time,3.55,Y
DP05718,12/24/2024,Manoj C,Bengaluru,Bike,Part-time,4.24,Y
DP08802,12/17/2024,Sneha P,Pune,Bike,Full-time,3.41,Y
DP00524,12/6/2024,Ananya X,Delhi,Scooter,Contract,3.75,Y
DP02059,12/5/2024,Manoj X,Delhi,Scooter,Full-time,3.96,N
DP06088,12/29/2024,Manoj G,Bengaluru,Bike,Full-time,4.47,Y
DP01128,1/6/2025,Priya S,Mumbai,Bike,Contract,4.34,Y
DP02002,12/28/2024,Neha H,Chennai,Scooter,Full-time,3.83,Y
DP11136,12/30/2024,Santosh F,Chennai,Bike,Full-time,3.88,Y
DP04952,12/29/2024,Kiran W,Delhi,Scooter,Part-time,3.73,Y
DP13643,12/12/2024,Rakesh D,Mumbai,Car,Full-time,4.61,Y
DP08652,1/1/2025,Ananya W,Chennai,Bike,Full-time,3.61,Y
DP04539,1/4/2025,Ananya H,Bengaluru,Bike,Full-time,3.66,N
DP09328,1/5/2025,Divya F,Chennai,Scooter,Full-time,3.85,Y
DP09521,1/4/2025,Meena G,Kolkata,Bike,Full-time,3.77,Y
DP02973,1/3/2025,Shreya Y,Bengaluru,Scooter,Full-time,4.38,Y
DP09460,1/4/2025,Pooja C,Chennai,Scooter,Contract,4.21,Y
DP03783,12/31/2024,Neha Q,Hyderabad,Scooter,Full-time,3.83,Y
DP00334,12/9/2024,Nikhil S,Delhi,Bike,Contract,4.55,Y
DP05863,12/17/2024,Deepak V,Bengaluru,Bike,Part-time,4.44,Y
DP00930,1/9/2025,Ananya H,Mumbai,Bike,Full-time,4.47,Y
DP14484,12/29/2024,Divya R,Ahmedabad,Cycle,Full-time,3.68,N
DP12214,1/4/2025,Rakesh R,Delhi,Scooter,Part-time,3.98,Y
DP02423,12/31/2024,Manoj X,Mumbai,Cycle,Full-time,4.02,Y
DP00538,12/21/2024,Ananya D,Ahmedabad,Bike,Contract,4.36,Y
DP04171,1/5/2025,Rakesh L,Chennai,Scooter,Full-time,4.53,Y
DP07611,1/5/2025,Rakesh O,Ahmedabad,Scooter,Part-time,4.16,Y
DP01075,1/5/2025,Neha J,Bengaluru,Bike,Part-time,4.06,Y
DP08849,12/31/2024,Manoj Z,Delhi,Cycle,Part-time,4.05,Y
DP14465,12/28/2024,Rakesh I,Delhi,Scooter,Full-time,3.89,Y
DP12543,12/31/2024,Sneha O,Delhi,Scooter,Contract,4.21,Y
DP14704,12/13/2024,Ravi B,Chennai,Scooter,Full-time,3.81,Y
DP04540,12/27/2024,Vikas D,Delhi,Bike,Full-time,4.34,Y
DP04939,12/29/2024,Arjun M,Delhi,Scooter,Full-time,4.34,Y
DP13871,12/19/2024,Meena V,Mumbai,Scooter,Part-time,4.04,Y
DP04131,1/2/2025,Nikhil J,Bengaluru,Bike,Full-time,4.57,N
DP13921,12/15/2024,Nikhil I,Hyderabad,Scooter,Contract,4.04,Y
DP00645,12/19/2024,Deepak H,Mumbai,Cycle,Contract,4.04,Y
DP12273,1/5/2025,Amit P,Bengaluru,Cycle,Contract,4.8,Y
DP01367,2/15/2025,Kiran P,Bengaluru,Bike,Full-time,3.73,Y
DP09877,1/8/2025,Ananya R,Bengaluru,Bike,Part-time,3.64,Y
DP09487,12/30/2024,Rahul J,Kolkata,Scooter,Full-time,4.06,N
DP02554,1/5/2025,Neha E,Hyderabad,Scooter,Full-time,4.71,Y
DP02927,1/6/2025,Shreya L,Mumbai,Scooter,Full-time,4.26,N
DP11643,12/3/2024,Shreya P,Bengaluru,Scooter,Part-time,4.27,Y
DP09396,1/8/2025,Nikhil C,Mumbai,Cycle,Full-time,3.48,Y
DP12180,1/8/2025,Ravi C,Pune,Bike,Part-time,4.36,Y
DP03273,12/27/2024,Arjun Q,Bengaluru,Bike,Part-time,4.25,Y
DP02725,1/4/2025,Priya O,Delhi,Bike,Full-time,4.35,N
DP02524,1/3/2025,Suresh V,Pune,Scooter,Full-time,4.48,Y
DP03746,1/6/2025,Nikhil P,Delhi,Bike,Part-time,4.58,Y
DP02895,1/2/2025,Priya R,Mumbai,Scooter,Part-time,4.31,Y
DP01751,1/7/2025,Amit J,Mumbai,Bike,Part-time,4.23,Y
DP02780,1/3/2025,Vikas Y,Mumbai,Bike,Part-time,3.59,Y
DP10602,1/2/2025,Nikhil C,Kolkata,Scooter,Full-time,4.49,Y
DP07290,12/19/2024,Sneha J,Chennai,Cycle,Full-time,3.73,Y
DP14520,12/25/2024,Kiran Y,Bengaluru,Bike,Contract,3.8,Y
DP12814,1/6/2025,Meena D,Pune,Bike,Contract,4.17,Y
DP06740,3/5/2025,Rahul C,Mumbai,Scooter,Part-time,4.05,Y
DP04749,12/23/2024,Vikas U,Hyderabad,Scooter,Contract,4.23,N
DP11653,1/8/2025,Nikhil Z,Kolkata,Scooter,Full-time,3.83,Y
DP08007,2/6/2025,Pooja T,Hyderabad,Bike,Part-time,4.3,Y
DP09156,1/8/2025,Neha O,Pune,Bike,Contract,4.51,Y
DP08334,1/6/2025,Amit F,Mumbai,Cycle,Part-time,4.22,Y
DP01687,12/25/2024,Suresh G,Bengaluru,Scooter,Full-time,3.94,Y
DP12709,12/25/2024,Manoj F,Delhi,Bike,Part-time,4.83,Y
DP14160,1/10/2025,Pooja Y,Hyderabad,Bike,Part-time,4,Y
DP02807,12/11/2024,Neha M,Mumbai,Scooter,Full-time,4.85,Y
DP13394,1/3/2025,Santosh T,Kolkata,Bike,Full-time,4.22,Y
DP12122,1/5/2025,Pooja S,Hyderabad,Bike,Full-time,4.26,Y
DP07616,1/6/2025,Kiran T,Chennai,Cycle,Full-time,4.69,Y
DP03334,1/4/2025,Meena F,Chennai,Cycle,Full-time,4.35,Y
DP12572,1/7/2025,Ravi O,Kolkata,Scooter,Full-time,4.09,Y
DP14784,12/29/2024,Ravi X,Kolkata,Car,Contract,4.37,N
DP12733,1/3/2025,Divya T,Delhi,Bike,Part-time,5,Y
DP00936,12/30/2024,Divya D,Hyderabad,Scooter,Full-time,4.18,Y
DP08139,1/4/2025,Pooja R,Bengaluru,Scooter,Contract,3.93,Y
DP14275,1/8/2025,Pooja A,Chennai,Bike,Part-time,4.65,Y
DP10369,12/11/2024,Neha G,Pune,Scooter,Full-time,4.5,Y
DP09242,1/10/2025,Neha D,Ahmedabad,Scooter,Full-time,4.12,Y
DP07191,12/18/2024,Deepak G,Delhi,Scooter,Part-time,4.51,Y
DP07035,12/26/2024,Divya V,Bengaluru,Scooter,Part-time,4.37,Y
DP00875,12/14/2024,Santosh W,Pune,Bike,Contract,4.32,N
DP08213,1/2/2025,Vikas E,Mumbai,Cycle,Full-time,4.4,Y
DP12921,1/4/2025,Sneha I,Kolkata,Scooter,Full-time,4.35,Y
DP10867,1/5/2025,Deepak C,Bengaluru,Scooter,Contract,4.38,Y
DP12751,1/3/2025,Ravi Y,Ahmedabad,Scooter,Part-time,4.31,Y
DP06614,12/22/2024,Priya U,Ahmedabad,Scooter,Contract,4.21,Y
DP07082,12/30/2024,Suresh N,Bengaluru,Scooter,Contract,3.67,Y
DP13244,1/2/2025,Meena K,Mumbai,Scooter,Part-time,3.63,Y
DP10607,1/3/2025,Kiran F,Chennai,Bike,Full-time,4.16,Y
DP00108,1/1/2025,Rahul I,Chennai,Bike,Part-time,4.19,Y
DP04439,12/30/2024,Santosh F,Mumbai,Scooter,Full-time,3.98,Y
DP01987,1/3/2025,Neha P,Bengaluru,Cycle,Full-time,4.47,Y
DP05038,12/16/2024,Priya O,Mumbai,Bike,Contract,5,Y
DP03049,12/31/2024,Ravi P,Delhi,Bike,Part-time,4.22,Y
DP08129,12/31/2024,Suresh K,Bengaluru,Scooter,Full-time,3.85,Y
DP13433,12/10/2024,Ravi V,Pune,Scooter,Full-time,4.11,Y
DP09644,12/25/2024,Deepak G,Ahmedabad,Car,Part-time,4.14,Y
DP10916,1/6/2025,Ravi L,Delhi,Scooter,Full-time,3.76,Y
DP10338,1/4/2025,Pooja X,Mumbai,Bike,Full-time,4.56,Y
DP04550,1/2/2025,Arjun L,Delhi,Scooter,Full-time,4.22,Y
DP03205,1/3/2025,Priya S,Chennai,Bike,Full-time,4.24,Y
DP04124,12/5/2024,Shreya H,Ahmedabad,Cycle,Contract,4.23,Y
DP11363,1/1/2025,Pooja T,Delhi,Bike,Full-time,4.63,Y
DP04807,12/22/2024,Santosh U,Kolkata,Cycle,Part-time,3.76,Y
DP05066,1/6/2025,Ananya Y,Delhi,Cycle,Contract,4.21,Y
DP03812,1/7/2025,Amit M,Chennai,Bike,Full-time,4,Y
DP07174,12/28/2024,Arjun T,Mumbai,Cycle,Full-time,4.28,Y
DP09763,1/6/2025,Divya J,Bengaluru,Car,Full-time,4.36,Y
DP01993,1/2/2025,Vikas V,Ahmedabad,Scooter,Full-time,4.44,Y
DP04889,1/10/2025,Vikas J,Mumbai,Cycle,Part-time,4.13,N
DP11909,1/2/2025,Shreya X,Bengaluru,Cycle,Part-time,4.01,Y
DP02612,1/5/2025,Sneha K,Delhi,Bike,Full-time,4.2,Y
DP10781,12/19/2024,Pooja Q,Bengaluru,Scooter,Full-time,4.16,Y
DP01937,1/4/2025,Vikas S,Delhi,Scooter,Full-time,4.55,Y
DP13569,12/30/2024,Manoj N,Ahmedabad,Bike,Full-time,4.15,Y
DP08840,12/30/2024,Amit P,Hyderabad,Scooter,Full-time,4.07,Y
DP02222,1/7/2025,Amit X,Hyderabad,Car,Part-time,3.97,Y
DP05041,1/8/2025,Divya V,Pune,Scooter,Full-time,4.21,Y
DP04728,1/2/2025,Shreya I,Mumbai,Bike,Full-time,4.55,Y
DP02318,12/3/2024,Priya S,Mumbai,Bike,Full-time,4.32,Y
DP04076,12/20/2024,Manoj T,Kolkata,Scooter,Part-time,4.14,N
DP11722,12/18/2024,Shreya J,Bengaluru,Car,Full-time,3.93,Y
DP02997,12/28/2024,Ravi X,Mumbai,Scooter,Part-time,3.99,Y
DP12902,12/25/2024,Amit W,Bengaluru,Scooter,Part-time,3.92,Y
DP05839,1/9/2025,Deepak U,Bengaluru,Scooter,Part-time,4.68,Y
DP09411,12/20/2024,Pooja P,Kolkata,Bike,Contract,4.7,N
DP14421,1/6/2025,Kiran C,Chennai,Bike,Full-time,4.52,Y
DP01104,12/7/2024,Meena S,Hyderabad,Scooter,Full-time,4.41,Y
DP12433,12/23/2024,Kiran Q,Bengaluru,Bike,Contract,4.1,Y
DP07034,12/11/2024,Manoj O,Mumbai,Scooter,Full-time,3.94,Y
DP14881,1/8/2025,Santosh I,Chennai,Bike,Part-time,4.44,Y
DP04960,1/7/2025,Amit Q,Ahmedabad,Scooter,Full-time,4.04,Y
DP04832,12/31/2024,Divya X,Bengaluru,Scooter,Contract,3.92,Y
DP08737,1/6/2025,Kiran I,Chennai,Scooter,Contract,4.33,Y
DP03758,1/6/2025,Shreya K,Ahmedabad,Bike,Contract,3.42,Y
DP03128,1/25/2025,Arjun W,Delhi,Scooter,Full-time,4.3,Y
DP07215,1/8/2025,Rakesh N,Delhi,Scooter,Full-time,3.82,Y
DP03777,12/29/2024,Kiran W,Mumbai,Scooter,Full-time,4.35,Y
DP08299,1/3/2025,Rahul B,Bengaluru,Bike,Full-time,4.32,N
DP03539,1/8/2025,Sneha N,Ahmedabad,Scooter,Part-time,3.95,Y
DP10312,12/6/2024,Amit O,Delhi,Bike,Full-time,4.27,Y
DP04357,12/31/2024,Rakesh A,Bengaluru,Scooter,Full-time,3.85,Y
DP11772,1/1/2025,Meena B,Pune,Bike,Full-time,4.31,Y
DP13028,12/25/2024,Manoj Z,Pune,Bike,Full-time,4.66,Y
DP10875,1/8/2025,Meena G,Ahmedabad,Bike,Contract,4.64,Y
DP06306,12/24/2024,Kiran U,Bengaluru,Bike,Full-time,4.5,Y
DP00360,1/5/2025,Divya G,Chennai,Car,Full-time,3.93,Y
DP05192,12/23/2024,Sneha G,Bengaluru,Car,Part-time,4.25,Y
DP10304,12/14/2024,Deepak W,Delhi,Bike,Contract,4.27,Y
DP08062,12/30/2024,Deepak X,Pune,Cycle,Contract,3.86,Y
DP10881,1/6/2025,Arjun Q,Pune,Bike,Full-time,3.93,Y
DP13112,12/12/2024,Vikas L,Hyderabad,Cycle,Contract,4.42,Y
DP06678,1/7/2025,Meena A,Bengaluru,Car,Full-time,3.73,Y
DP11098,1/8/2025,Rahul C,Ahmedabad,Cycle,Part-time,4.21,Y
DP04957,12/14/2024,Ananya O,Kolkata,Bike,Part-time,4.55,Y
DP07421,1/3/2025,Rahul Z,Delhi,Scooter,Full-time,4.47,Y
DP09036,12/17/2024,Vikas U,Mumbai,Scooter,Part-time,4.29,Y
DP11340,1/7/2025,Neha L,Delhi,Bike,Full-time,3.59,Y
DP02947,1/2/2025,Pooja S,Pune,Bike,Contract,4.15,Y
DP14115,1/5/2025,Nikhil C,Bengaluru,Bike,Part-time,3.95,Y
DP03436,12/26/2024,Deepak Q,Pune,Bike,Full-time,4.12,Y
DP12677,12/22/2024,Divya B,Bengaluru,Bike,Full-time,4.51,Y
DP14478,12/31/2024,Shreya L,Kolkata,Car,Full-time,4.02,Y
DP13348,1/1/2025,Suresh E,Mumbai,Bike,Full-time,4.21,N
DP03033,1/7/2025,Suresh S,Mumbai,Bike,Full-time,4.37,Y
DP08022,12/13/2024,Nikhil O,Bengaluru,Scooter,Full-time,4.62,Y
DP14243,1/1/2025,Kiran R,Pune,Scooter,Full-time,4.46,Y
DP01729,12/24/2024,Rakesh A,Kolkata,Cycle,Full-time,4.17,Y
DP02741,1/1/2025,Suresh N,Ahmedabad,Scooter,Contract,4.15,Y
DP05983,1/10/2025,Rakesh R,Bengaluru,Cycle,Full-time,4.78,Y
DP05685,12/24/2024,Santosh T,Hyderabad,Scooter,Contract,3.85,Y
DP14880,1/9/2025,Amit N,Delhi,Cycle,Part-time,4.15,N
DP03386,1/8/2025,Vikas S,Ahmedabad,Bike,Full-time,4.49,Y
DP06486,1/11/2025,Sneha V,Ahmedabad,Bike,Part-time,4.35,Y
DP01250,12/9/2024,Ravi Y,Bengaluru,Bike,Full-time,3.8,Y
DP06090,1/2/2025,Deepak E,Chennai,Scooter,Part-time,4.22,Y
DP10608,12/27/2024,Rakesh R,Bengaluru,Scooter,Contract,3.71,Y
DP07458,1/4/2025,Sneha E,Ahmedabad,Car,Part-time,4.12,Y
DP02346,12/21/2024,Deepak Z,Bengaluru,Bike,Full-time,4.37,Y
DP13976,1/5/2025,Santosh H,Chennai,Bike,Full-time,4.69,Y
DP00578,1/3/2025,Pooja O,Chennai,Car,Part-time,4.24,Y
DP01105,12/29/2024,Deepak I,Delhi,Bike,Part-time,3.82,Y
DP05689,12/22/2024,Neha H,Ahmedabad,Bike,Full-time,4.33,Y
DP11509,12/23/2024,Santosh M,Bengaluru,Bike,Part-time,4.48,Y
DP13473,12/28/2024,Kiran Z,Bengaluru,Bike,Part-time,4.41,Y
DP06749,12/30/2024,Shreya I,Delhi,Scooter,Full-time,4.51,Y
DP05026,12/25/2024,Suresh A,Ahmedabad,Bike,Full-time,3.68,Y
DP00368,1/6/2025,Ananya V,Hyderabad,Bike,Part-time,3.71,Y
DP07639,1/5/2025,Priya J,Delhi,Scooter,Part-time,4,Y
DP12488,12/17/2024,Ravi M,Hyderabad,Bike,Contract,4.52,Y
DP11734,12/29/2024,Meena V,Mumbai,Bike,Full-time,4.59,Y
DP06302,12/5/2024,Deepak I,Mumbai,Cycle,Full-time,4.22,N
DP09933,1/8/2025,Rakesh X,Mumbai,Car,Part-time,4.32,Y
DP13229,1/6/2025,Meena X,Bengaluru,Scooter,Part-time,4.13,N
DP03830,12/28/2024,Ravi K,Bengaluru,Car,Full-time,4.29,Y
DP10047,12/24/2024,Shreya K,Hyderabad,Bike,Contract,4.82,Y
DP01809,12/10/2024,Deepak H,Ahmedabad,Scooter,Full-time,4.47,Y
DP03535,1/3/2025,Rakesh B,Delhi,Cycle,Full-time,4.06,N
DP11023,1/8/2025,Santosh T,Bengaluru,Scooter,Full-time,4.01,Y
DP12776,12/22/2024,Sneha W,Bengaluru,Bike,Contract,4.58,N
DP08868,12/26/2024,Manoj P,Chennai,Bike,Contract,3.72,Y
DP01774,1/2/2025,Rahul I,Chennai,Scooter,Part-time,3.91,Y
DP11135,1/1/2025,Shreya P,Kolkata,Scooter,Contract,4.21,Y
DP06414,12/24/2024,Kiran K,Bengaluru,Cycle,Part-time,4.54,Y
DP06250,1/6/2025,Ravi W,Hyderabad,Scooter,Full-time,4.29,Y
DP04121,12/25/2024,Divya N,Delhi,Bike,Contract,4.49,Y
DP01437,1/1/2025,Rakesh M,Ahmedabad,Cycle,Contract,4.66,Y
DP02986,12/19/2024,Kiran B,Chennai,Scooter,Part-time,4.1,Y
DP10947,1/6/2025,Meena V,Bengaluru,Bike,Contract,4.59,Y
DP07207,1/17/2025,Meena H,Hyderabad,Bike,Full-time,4.05,Y
DP00508,1/9/2025,Rahul W,Delhi,Scooter,Full-time,4.32,Y
DP01256,1/1/2025,Pooja E,Hyderabad,Car,Part-time,4.14,Y
DP02201,12/27/2024,Kiran G,Delhi,Scooter,Contract,3.98,Y
DP10532,1/10/2025,Vikas L,Mumbai,Bike,Full-time,4.02,Y
DP05480,1/6/2025,Rahul X,Bengaluru,Scooter,Full-time,4.47,Y
DP14104,12/9/2024,Ananya U,Delhi,Cycle,Full-time,4.04,Y
DP14337,12/13/2024,Nikhil D,Bengaluru,Scooter,Contract,4.23,Y
DP14724,12/22/2024,Sneha W,Mumbai,Cycle,Full-time,4.48,Y
DP09486,3/14/2025,Neha H,Kolkata,Scooter,Full-time,4.47,Y
DP00465,1/3/2025,Manoj H,Hyderabad,Scooter,Full-time,4.65,Y
DP10362,12/25/2024,Pooja A,Bengaluru,Scooter,Full-time,4.47,Y
DP00822,1/2/2025,Santosh B,Delhi,Bike,Full-time,4.32,Y
DP01466,1/7/2025,Pooja U,Delhi,Car,Full-time,4.19,Y
DP11832,1/9/2025,Priya W,Delhi,Scooter,Full-time,4.58,Y
DP14080,3/9/2025,Vikas Y,Bengaluru,Bike,Full-time,3.92,Y
DP06329,12/25/2024,Amit Q,Bengaluru,Scooter,Full-time,3.55,Y
DP00198,12/28/2024,Divya W,Ahmedabad,Scooter,Contract,4.23,Y
DP10774,12/31/2024,Divya A,Pune,Cycle,Part-time,4.41,Y
DP06395,12/30/2024,Pooja B,Delhi,Scooter,Full-time,4.36,Y
DP13671,1/21/2025,Priya R,Mumbai,Bike,Full-time,3.89,N
DP14105,1/7/2025,Neha F,Bengaluru,Cycle,Full-time,3.8,Y
DP03551,1/5/2025,Manoj R,Chennai,Scooter,Contract,4.34,Y
DP12700,2/4/2025,Kiran Q,Delhi,Car,Full-time,4.31,Y
DP12731,1/1/2025,Rakesh G,Ahmedabad,Cycle,Contract,3.89,Y
DP13754,12/24/2024,Meena N,Bengaluru,Bike,Full-time,4.02,Y
DP04280,1/3/2025,Ananya G,Pune,Bike,Part-time,3.69,Y
DP02920,1/25/2025,Nikhil I,Bengaluru,Scooter,Full-time,3.88,Y
DP06366,1/5/2025,Ravi A,Hyderabad,Bike,Part-time,4.13,Y
DP07324,1/5/2025,Nikhil F,Pune,Scooter,Full-time,3.93,Y
DP04790,2/16/2025,Pooja P,Bengaluru,Bike,Part-time,3.9,N
DP02362,1/3/2025,Kiran F,Delhi,Bike,Full-time,4.41,N
DP04886,1/2/2025,Pooja R,Ahmedabad,Scooter,Part-time,4.17,Y
DP07980,12/24/2024,Rahul D,Delhi,Cycle,Full-time,3.6,Y
DP11373,12/20/2024,Divya M,Chennai,Scooter,Part-time,4.54,Y
DP00337,12/13/2024,Pooja O,Bengaluru,Bike,Part-time,4.47,Y
DP04182,1/1/2025,Priya S,Bengaluru,Bike,Contract,4.39,Y
DP01931,1/8/2025,Divya H,Delhi,Scooter,Contract,4.33,Y
DP13325,12/27/2024,Deepak Z,Mumbai,Scooter,Full-time,4.17,Y
DP06184,1/5/2025,Neha R,Pune,Scooter,Contract,4.4,Y
DP13384,1/2/2025,Shreya F,Delhi,Scooter,Full-time,4.13,Y
DP10741,12/24/2024,Pooja Q,Mumbai,Bike,Contract,4.56,Y
DP05673,12/31/2024,Meena Y,Bengaluru,Bike,Full-time,4.23,Y
DP08760,12/24/2024,Divya L,Bengaluru,Scooter,Part-time,4.27,N
DP10987,12/28/2024,Sneha W,Chennai,Cycle,Full-time,4.87,Y
DP06760,1/10/2025,Nikhil Z,Ahmedabad,Scooter,Part-time,4.52,Y
DP10055,1/1/2025,Santosh B,Chennai,Bike,Part-time,4.31,Y
DP04095,1/9/2025,Rakesh E,Bengaluru,Cycle,Full-time,4.26,N
DP00371,1/2/2025,Manoj C,Pune,Scooter,Part-time,4.02,Y
DP11202,12/21/2024,Priya V,Kolkata,Bike,Full-time,4.14,Y
DP08522,1/26/2025,Shreya Z,Kolkata,Cycle,Full-time,4.1,Y
DP05529,1/2/2025,Deepak G,Kolkata,Bike,Full-time,3.96,Y
DP00304,1/11/2025,Arjun S,Delhi,Bike,Part-time,4.05,Y
DP14818,1/1/2025,Rahul X,Bengaluru,Scooter,Full-time,4.36,Y
DP05643,12/25/2024,Rahul T,Ahmedabad,Scooter,Contract,4.16,Y
DP00752,2/5/2025,Shreya X,Bengaluru,Scooter,Full-time,4.23,Y
DP11271,12/30/2024,Deepak B,Delhi,Bike,Full-time,4.41,Y
DP14713,1/10/2025,Santosh S,Pune,Scooter,Contract,4.21,Y
DP11173,12/31/2024,Kiran W,Bengaluru,Bike,Full-time,4.58,Y
DP02570,12/29/2024,Suresh P,Ahmedabad,Scooter,Part-time,3.8,Y
DP03234,1/2/2025,Priya G,Chennai,Bike,Part-time,4.39,Y
DP04775,1/4/2025,Pooja H,Ahmedabad,Cycle,Part-time,4.56,N
DP07683,12/28/2024,Sneha G,Pune,Bike,Full-time,3.82,Y
DP04250,12/31/2024,Kiran F,Bengaluru,Scooter,Full-time,4.51,N
DP14653,1/2/2025,Manoj S,Delhi,Scooter,Full-time,4.03,Y
DP00400,12/5/2024,Neha K,Bengaluru,Bike,Full-time,4.37,Y
DP07419,12/21/2024,Kiran U,Chennai,Scooter,Part-time,4.76,Y
DP09774,1/1/2025,Divya R,Hyderabad,Scooter,Full-time,4.37,Y
DP13374,12/31/2024,Ananya E,Bengaluru,Bike,Contract,4.25,Y
DP04786,12/31/2024,Vikas W,Mumbai,Cycle,Full-time,4.59,N
DP03126,1/16/2025,Manoj K,Pune,Bike,Full-time,3.9,Y
DP14893,12/22/2024,Suresh Q,Pune,Cycle,Contract,4.46,Y
DP08624,1/4/2025,Neha D,Mumbai,Scooter,Part-time,4.46,Y
DP01856,12/24/2024,Ravi R,Bengaluru,Scooter,Contract,3.99,Y
DP03473,1/7/2025,Sneha A,Ahmedabad,Scooter,Part-time,4.24,N
DP05816,1/10/2025,Meena N,Delhi,Bike,Full-time,4.09,Y
DP02890,1/5/2025,Manoj C,Bengaluru,Scooter,Full-time,3.86,Y
DP01498,1/10/2025,Divya G,Ahmedabad,Cycle,Part-time,3.83,Y
DP09432,1/6/2025,Rakesh Q,Delhi,Bike,Full-time,3.99,Y
DP09340,12/28/2024,Neha Q,Delhi,Bike,Part-time,4.84,Y
DP11146,12/29/2024,Ravi Z,Chennai,Cycle,Full-time,3.67,N
DP02539,12/26/2024,Priya C,Bengaluru,Bike,Full-time,4.49,Y
DP14434,1/6/2025,Rahul Z,Delhi,Cycle,Part-time,4.59,Y
DP07738,1/6/2025,Meena M,Mumbai,Scooter,Full-time,4.16,Y
DP09828,12/12/2024,Ananya U,Mumbai,Scooter,Full-time,4.56,Y
DP07018,1/7/2025,Rakesh C,Chennai,Bike,Contract,4.19,Y
DP10594,12/20/2024,Sneha G,Pune,Cycle,Full-time,4.42,Y
DP06371,1/2/2025,Neha X,Bengaluru,Scooter,Part-time,3.97,Y
DP11422,1/1/2025,Ravi Y,Mumbai,Scooter,Full-time,4.63,Y
DP13841,1/6/2025,Vikas V,Ahmedabad,Scooter,Contract,4.34,Y
DP06742,12/31/2024,Divya M,Hyderabad,Scooter,Full-time,4.58,Y
DP04117,1/10/2025,Divya P,Bengaluru,Cycle,Part-time,4.78,Y
DP03134,1/6/2025,Sneha S,Mumbai,Bike,Contract,4.07,Y
DP03396,2/23/2025,Amit Z,Delhi,Bike,Contract,4.9,Y
DP12218,12/31/2024,Manoj B,Chennai,Bike,Full-time,4.03,Y
DP06005,1/7/2025,Neha F,Mumbai,Bike,Full-time,3.69,N
DP11079,1/11/2025,Amit W,Hyderabad,Scooter,Full-time,4.6,Y
DP00073,1/5/2025,Nikhil J,Kolkata,Bike,Part-time,4.36,Y
DP11122,12/26/2024,Vikas U,Ahmedabad,Car,Full-time,4.4,Y
DP02452,12/26/2024,Divya G,Chennai,Bike,Full-time,5,Y
DP02968,12/26/2024,Meena X,Hyderabad,Bike,Full-time,4.25,Y
DP12264,1/4/2025,Amit F,Bengaluru,Scooter,Part-time,4.12,Y
DP13475,12/29/2024,Kiran C,Delhi,Bike,Part-time,4.53,Y
DP04481,12/29/2024,Arjun M,Bengaluru,Bike,Part-time,3.56,Y
DP10217,12/29/2024,Vikas L,Ahmedabad,Scooter,Full-time,4.46,Y
DP07870,12/27/2024,Vikas L,Bengaluru,Scooter,Full-time,4.26,Y
DP00595,1/1/2025,Arjun O,Bengaluru,Bike,Full-time,4.57,Y
DP05525,1/9/2025,Sneha Z,Kolkata,Bike,Full-time,4.11,Y
DP13592,1/6/2025,Manoj A,Bengaluru,Cycle,Part-time,4.35,Y
DP04411,1/4/2025,Sneha L,Kolkata,Bike,Full-time,4.09,N
DP13034,12/29/2024,Shreya F,Mumbai,Scooter,Full-time,4.05,Y
DP13240,12/13/2024,Pooja I,Kolkata,Bike,Full-time,4.24,Y
DP05744,1/9/2025,Shreya E,Bengaluru,Bike,Part-time,3.93,Y
DP05182,1/5/2025,Santosh E,Bengaluru,Bike,Part-time,4.55,Y
DP06785,12/31/2024,Rakesh K,Hyderabad,Bike,Part-time,4.99,N
DP07972,1/5/2025,Santosh N,Bengaluru,Scooter,Full-time,3.99,Y
DP13823,1/8/2025,Rahul J,Bengaluru,Bike,Part-time,4.27,Y
DP07510,1/6/2025,Shreya H,Delhi,Bike,Full-time,4.14,Y
DP05924,1/5/2025,Rakesh G,Mumbai,Scooter,Part-time,4.71,N
DP14695,1/1/2025,Ananya I,Bengaluru,Scooter,Contract,4.38,Y
DP08655,1/4/2025,Sneha N,Chennai,Car,Contract,4.5,Y
DP12406,1/10/2025,Divya U,Kolkata,Car,Full-time,4.8,Y
DP06468,1/8/2025,Neha K,Bengaluru,Scooter,Full-time,4.28,Y
DP14298,1/3/2025,Suresh X,Chennai,Scooter,Full-time,4.36,Y
DP03444,12/26/2024,Arjun W,Bengaluru,Scooter,Part-time,4.38,Y
DP01616,1/14/2025,Santosh S,Chennai,Bike,Full-time,4.07,Y
DP14184,1/7/2025,Vikas W,Delhi,Bike,Full-time,4.84,Y
DP11039,12/18/2024,Santosh Z,Chennai,Scooter,Contract,3.86,Y
DP08736,12/24/2024,Neha Q,Ahmedabad,Scooter,Part-time,4.61,Y
DP12774,12/27/2024,Kiran W,Delhi,Bike,Full-time,4.43,Y
DP03275,12/22/2024,Sneha R,Hyderabad,Car,Contract,4.08,Y
DP02595,12/26/2024,Arjun O,Bengaluru,Bike,Part-time,4.38,N
DP01279,1/4/2025,Ravi E,Bengaluru,Cycle,Part-time,4.32,Y
DP14070,1/6/2025,Priya H,Chennai,Scooter,Full-time,4.2,Y
DP12699,1/2/2025,Ravi L,Ahmedabad,Bike,Part-time,4,Y
DP00591,1/11/2025,Nikhil F,Kolkata,Cycle,Full-time,3.55,N
DP14385,1/8/2025,Ananya X,Pune,Scooter,Full-time,4.13,N
DP11839,1/4/2025,Shreya B,Chennai,Cycle,Full-time,4.5,Y
DP10027,12/22/2024,Divya A,Bengaluru,Scooter,Part-time,3.7,Y
DP13207,1/3/2025,Santosh S,Bengaluru,Scooter,Part-time,4.27,Y
DP14845,12/28/2024,Neha G,Chennai,Bike,Full-time,4.25,Y
DP08792,1/9/2025,Santosh M,Delhi,Scooter,Full-time,3.9,Y
DP09943,12/24/2024,Kiran E,Hyderabad,Scooter,Full-time,4.2,Y
DP03285,12/29/2024,Rahul C,Delhi,Bike,Full-time,4.03,Y
DP01014,1/8/2025,Rahul X,Kolkata,Scooter,Part-time,4.25,Y
DP03064,1/8/2025,Vikas K,Bengaluru,Bike,Part-time,4.29,Y
DP03059,12/25/2024,Priya Y,Bengaluru,Scooter,Full-time,3.91,Y
DP04447,1/4/2025,Manoj W,Kolkata,Scooter,Contract,4.14,Y
DP01754,1/1/2025,Shreya H,Bengaluru,Bike,Part-time,3.7,Y
DP05961,12/28/2024,Pooja H,Mumbai,Bike,Contract,4.54,Y
DP06658,1/2/2025,Divya Y,Ahmedabad,Scooter,Full-time,4.09,Y
DP05062,1/4/2025,Pooja A,Bengaluru,Scooter,Part-time,4.41,N
DP03565,12/29/2024,Vikas M,Kolkata,Scooter,Full-time,4.13,Y
DP09137,12/27/2024,Rakesh M,Bengaluru,Cycle,Part-time,3.88,Y
DP04023,12/8/2024,Vikas V,Bengaluru,Bike,Part-time,4.18,Y
DP05557,1/5/2025,Suresh T,Bengaluru,Bike,Full-time,3.96,Y
DP02712,12/4/2024,Sneha C,Delhi,Cycle,Contract,4.38,Y
DP00611,1/3/2025,Rahul X,Pune,Bike,Contract,4.66,N
DP07879,12/20/2024,Shreya H,Ahmedabad,Bike,Contract,4.62,Y
DP01052,12/20/2024,Deepak O,Ahmedabad,Cycle,Full-time,3.87,Y
DP00515,12/28/2024,Shreya V,Delhi,Scooter,Part-time,4.41,Y
DP05925,12/30/2024,Priya V,Mumbai,Scooter,Full-time,4.37,Y
DP03394,12/31/2024,Amit S,Delhi,Scooter,Full-time,4.23,Y
DP11018,12/25/2024,Neha H,Mumbai,Bike,Contract,4.04,Y
DP13257,1/3/2025,Priya E,Ahmedabad,Scooter,Part-time,4.08,Y
DP05416,12/7/2024,Pooja Z,Hyderabad,Scooter,Part-time,3.99,Y
DP06320,12/29/2024,Arjun S,Kolkata,Bike,Contract,4.34,Y
DP04473,1/10/2025,Vikas F,Kolkata,Scooter,Contract,3.6,Y
DP03041,12/4/2024,Kiran X,Bengaluru,Cycle,Part-time,3.86,Y
DP14587,12/15/2024,Meena P,Delhi,Scooter,Contract,4.84,Y
DP14855,12/9/2024,Kiran S,Pune,Scooter,Part-time,4.2,Y
DP10783,12/16/2024,Vikas M,Bengaluru,Scooter,Full-time,4.08,Y
DP09577,1/6/2025,Suresh D,Chennai,Bike,Part-time,4.56,Y
DP05888,12/30/2024,Arjun I,Hyderabad,Bike,Full-time,4.66,N
DP01960,1/9/2025,Amit V,Bengaluru,Bike,Full-time,4.13,Y
DP01778,1/4/2025,Manoj V,Kolkata,Bike,Full-time,4.46,Y
DP11736,12/19/2024,Ananya R,Bengaluru,Scooter,Full-time,4.47,Y
DP08101,1/2/2025,Pooja A,Delhi,Scooter,Part-time,3.98,Y
DP14503,12/27/2024,Priya Y,Bengaluru,Cycle,Part-time,4.02,Y
DP04682,12/29/2024,Ananya J,Hyderabad,Bike,Full-time,3.78,Y
DP00612,1/10/2025,Rakesh L,Hyderabad,Scooter,Full-time,4.32,Y
DP08735,1/6/2025,Amit J,Hyderabad,Bike,Contract,4.38,Y
DP00850,12/26/2024,Suresh Z,Kolkata,Bike,Full-time,4.53,Y
DP04873,12/15/2024,Rahul A,Ahmedabad,Bike,Contract,4.17,Y
DP09382,1/7/2025,Vikas X,Hyderabad,Scooter,Full-time,3.66,Y
DP05754,1/2/2025,Amit O,Pune,Car,Contract,4.05,Y
DP02520,12/24/2024,Shreya C,Kolkata,Scooter,Full-time,4.52,Y
DP07115,1/6/2025,Meena K,Bengaluru,Scooter,Full-time,4.19,Y
DP08684,12/28/2024,Neha A,Mumbai,Scooter,Full-time,3.94,Y
DP14640,1/2/2025,Manoj B,Kolkata,Scooter,Contract,4.45,Y
DP03998,12/31/2024,Suresh A,Delhi,Bike,Full-time,4.27,N
DP07348,12/30/2024,Vikas I,Pune,Scooter,Contract,4.4,Y
DP12640,12/31/2024,Rahul O,Delhi,Car,Full-time,3.76,Y
DP06915,12/27/2024,Sneha S,Bengaluru,Cycle,Full-time,4.29,Y
DP02338,1/4/2025,Rahul Q,Mumbai,Cycle,Full-time,3.96,Y
DP00156,1/4/2025,Amit K,Ahmedabad,Bike,Full-time,4.1,Y
DP11708,1/9/2025,Deepak H,Kolkata,Bike,Full-time,4.21,Y
DP06268,1/1/2025,Shreya B,Chennai,Bike,Full-time,4.55,Y
DP11796,12/28/2024,Nikhil F,Pune,Scooter,Part-time,3.88,Y
DP11626,12/23/2024,Meena F,Pune,Bike,Full-time,4.22,Y
DP10389,12/26/2024,Rakesh R,Chennai,Bike,Full-time,4.52,Y
DP11795,12/19/2024,Pooja K,Pune,Bike,Full-time,4.56,Y
DP09785,12/12/2024,Suresh C,Bengaluru,Scooter,Contract,4.23,Y
DP06983,1/9/2025,Arjun O,Ahmedabad,Bike,Full-time,4.01,Y
DP11228,12/23/2024,Rakesh Z,Delhi,Cycle,Full-time,4.79,Y
DP00766,1/10/2025,Ananya D,Kolkata,Scooter,Full-time,4.3,Y
DP10233,12/29/2024,Kiran Z,Delhi,Scooter,Full-time,4.76,Y
DP11826,1/8/2025,Nikhil D,Mumbai,Bike,Full-time,4.07,Y
DP12650,12/11/2024,Sneha E,Bengaluru,Scooter,Full-time,4.36,N
DP10767,2/1/2025,Meena Z,Delhi,Bike,Part-time,4.58,N
DP13330,1/1/2025,Meena O,Chennai,Cycle,Contract,4.69,Y
DP00573,12/28/2024,Amit U,Bengaluru,Bike,Part-time,4.11,Y
DP09595,1/10/2025,Ravi B,Chennai,Car,Full-time,4.44,N
DP06571,1/10/2025,Pooja W,Mumbai,Scooter,Full-time,4.6,Y
DP00628,12/11/2024,Santosh N,Pune,Cycle,Part-time,3.84,Y
DP12646,12/14/2024,Priya U,Hyderabad,Bike,Contract,4.34,Y
DP01374,1/3/2025,Ravi F,Kolkata,Bike,Contract,3.93,Y
DP03837,1/7/2025,Ravi G,Kolkata,Scooter,Contract,4.66,Y
DP02261,1/3/2025,Amit J,Hyderabad,Bike,Full-time,3.88,N
DP00965,12/26/2024,Neha R,Hyderabad,Cycle,Contract,3.67,Y
DP03741,12/21/2024,Nikhil L,Chennai,Bike,Part-time,4.15,Y
DP14774,1/3/2025,Sneha A,Bengaluru,Scooter,Full-time,4.63,Y
DP12040,12/30/2024,Deepak V,Mumbai,Scooter,Full-time,4.12,N
DP09607,12/16/2024,Deepak L,Delhi,Bike,Full-time,4.03,Y
DP04714,12/27/2024,Nikhil Z,Kolkata,Bike,Part-time,4.1,Y
DP10623,12/27/2024,Pooja C,Mumbai,Car,Full-time,4.5,Y
DP02891,12/22/2024,Meena P,Delhi,Scooter,Contract,3.99,Y
DP13159,1/7/2025,Ananya C,Ahmedabad,Bike,Full-time,4.29,Y
DP00181,12/25/2024,Ravi I,Hyderabad,Scooter,Part-time,4.16,Y
DP14301,1/1/2025,Rakesh P,Bengaluru,Cycle,Full-time,3.98,Y
DP07417,1/29/2025,Shreya Z,Bengaluru,Cycle,Full-time,4.3,Y
DP03677,12/27/2024,Suresh T,Chennai,Scooter,Full-time,3.68,Y
DP00978,1/2/2025,Shreya I,Pune,Bike,Part-time,3.86,Y
DP10927,12/31/2024,Divya W,Bengaluru,Bike,Full-time,4.08,Y
DP13711,1/3/2025,Ananya C,Bengaluru,Bike,Full-time,4.4,Y
DP12263,12/14/2024,Vikas H,Bengaluru,Car,Full-time,4.38,Y
DP02738,12/28/2024,Meena U,Bengaluru,Scooter,Full-time,4.11,Y
DP01878,1/1/2025,Neha S,Chennai,Car,Full-time,3.93,Y
DP01135,1/6/2025,Santosh L,Delhi,Bike,Full-time,4.4,Y
DP11537,1/19/2025,Vikas A,Pune,Cycle,Part-time,4.19,Y
DP08827,12/26/2024,Divya L,Kolkata,Bike,Full-time,4.17,Y
DP13218,12/29/2024,Ravi P,Mumbai,Bike,Part-time,3.86,Y
DP02180,1/8/2025,Rakesh Q,Delhi,Bike,Contract,4.42,Y
DP00586,12/26/2024,Shreya K,Bengaluru,Cycle,Contract,4.41,Y
DP10706,1/5/2025,Rahul C,Pune,Bike,Part-time,4.39,Y
DP03985,1/2/2025,Arjun W,Bengaluru,Scooter,Full-time,4.84,Y
DP07496,12/18/2024,Ravi T,Kolkata,Bike,Contract,4.34,Y
DP12610,1/5/2025,Nikhil F,Bengaluru,Scooter,Full-time,3.97,Y
DP02713,12/23/2024,Deepak C,Mumbai,Scooter,Part-time,4.27,Y
DP04074,1/11/2025,Kiran C,Kolkata,Bike,Part-time,3.89,Y
DP01008,12/14/2024,Shreya W,Bengaluru,Scooter,Part-time,4.1,Y
DP00799,12/26/2024,Pooja N,Ahmedabad,Scooter,Contract,3.98,Y
DP07155,1/4/2025,Priya A,Hyderabad,Scooter,Full-time,4.16,Y
DP01208,1/1/2025,Kiran J,Pune,Bike,Full-time,3.84,Y
DP12000,1/10/2025,Amit J,Delhi,Cycle,Part-time,4.66,Y
DP09428,12/16/2024,Kiran B,Bengaluru,Bike,Contract,4.64,Y
DP04486,1/8/2025,Ananya B,Bengaluru,Bike,Contract,4.79,Y
DP12336,1/4/2025,Priya Z,Kolkata,Scooter,Part-time,4.35,N
DP11503,1/6/2025,Amit J,Bengaluru,Scooter,Part-time,4.07,N
DP04066,1/12/2025,Meena M,Ahmedabad,Bike,Full-time,4.42,Y
DP01676,1/5/2025,Vikas S,Ahmedabad,Bike,Part-time,4.39,Y
DP03042,2/2/2025,Kiran F,Bengaluru,Scooter,Full-time,3.48,Y
DP09110,1/6/2025,Nikhil I,Chennai,Scooter,Part-time,3.88,Y
DP06816,1/4/2025,Santosh D,Bengaluru,Scooter,Full-time,3.85,Y
DP10488,1/6/2025,Neha O,Pune,Scooter,Contract,5,Y
DP14633,1/10/2025,Arjun B,Kolkata,Scooter,Full-time,4.22,Y
DP07407,12/23/2024,Amit P,Delhi,Scooter,Part-time,3.89,Y
DP10253,1/7/2025,Pooja M,Chennai,Bike,Part-time,3.87,Y
DP09728,12/13/2024,Suresh V,Delhi,Bike,Full-time,4.08,Y
DP04223,12/31/2024,Rakesh H,Ahmedabad,Bike,Part-time,3.87,Y
DP10013,1/8/2025,Deepak A,Bengaluru,Scooter,Part-time,4.53,Y
DP11713,1/9/2025,Amit U,Bengaluru,Bike,Full-time,4.21,Y
DP10547,1/6/2025,Shreya N,Bengaluru,Cycle,Full-time,4.47,Y
DP07077,12/14/2024,Rahul C,Hyderabad,Scooter,Contract,4.64,Y
DP00428,12/20/2024,Suresh A,Kolkata,Bike,Full-time,4.46,Y
DP14236,12/25/2024,Divya U,Delhi,Scooter,Part-time,4.29,Y
DP09829,12/25/2024,Neha D,Pune,Scooter,Contract,3.79,N
DP06104,1/7/2025,Ananya Q,Mumbai,Bike,Full-time,3.81,Y
DP10633,1/9/2025,Nikhil O,Mumbai,Scooter,Full-time,3.99,N
DP06326,12/30/2024,Nikhil G,Mumbai,Bike,Full-time,4.33,Y
DP09875,1/9/2025,Kiran P,Ahmedabad,Bike,Contract,4.13,Y
DP11889,1/10/2025,Pooja M,Kolkata,Scooter,Part-time,4.08,Y
DP09251,1/3/2025,Rahul P,Delhi,Cycle,Full-time,4.4,N
DP05619,1/8/2025,Santosh P,Hyderabad,Bike,Part-time,3.9,Y
DP14525,1/7/2025,Amit S,Delhi,Scooter,Full-time,4.46,Y
DP06390,1/11/2025,Suresh V,Mumbai,Bike,Full-time,4.58,Y
DP03771,12/18/2024,Rakesh W,Chennai,Bike,Full-time,3.97,Y
DP08329,12/10/2024,Amit K,Ahmedabad,Scooter,Full-time,3.91,N
DP12673,1/10/2025,Arjun O,Delhi,Cycle,Contract,4.37,Y
DP09454,1/1/2025,Rakesh F,Kolkata,Scooter,Full-time,3.57,Y
DP07612,12/28/2024,Rakesh C,Mumbai,Bike,Full-time,3.95,Y
DP14456,12/22/2024,Priya Q,Hyderabad,Scooter,Full-time,4.41,Y
DP06964,1/8/2025,Rahul M,Delhi,Cycle,Part-time,4.44,Y
DP00741,1/4/2025,Rakesh F,Mumbai,Bike,Contract,4.42,Y
DP05769,12/14/2024,Shreya V,Hyderabad,Cycle,Contract,4.63,Y
DP00644,1/9/2025,Rahul K,Delhi,Scooter,Full-time,4.48,N
DP03546,1/1/2025,Priya G,Pune,Cycle,Contract,4.92,Y
DP05800,12/23/2024,Ananya U,Bengaluru,Scooter,Full-time,3.8,Y
DP11286,12/25/2024,Kiran O,Bengaluru,Bike,Full-time,4.38,Y
DP14224,12/19/2024,Kiran R,Hyderabad,Bike,Full-time,4.25,Y
DP12505,12/26/2024,Divya V,Bengaluru,Bike,Contract,4.51,Y
DP08556,1/7/2025,Shreya V,Delhi,Bike,Full-time,3.79,Y
DP13190,12/31/2024,Meena D,Bengaluru,Scooter,Part-time,4.12,Y
DP02678,12/29/2024,Sneha G,Kolkata,Scooter,Full-time,3.95,Y
DP03932,1/11/2025,Meena H,Chennai,Bike,Full-time,4.42,N
DP12778,12/24/2024,Neha L,Ahmedabad,Scooter,Full-time,3.92,Y
DP02879,12/30/2024,Arjun U,Ahmedabad,Bike,Full-time,4.54,N
DP06685,1/5/2025,Nikhil S,Hyderabad,Car,Full-time,4.13,Y
DP11283,1/1/2025,Manoj J,Bengaluru,Cycle,Full-time,4.53,N
DP09302,1/6/2025,Deepak I,Chennai,Scooter,Part-time,4.83,Y
DP07620,1/6/2025,Ananya V,Mumbai,Scooter,Part-time,4.21,Y
DP00990,12/28/2024,Rahul E,Hyderabad,Cycle,Part-time,4.66,Y
DP04379,12/31/2024,Ananya J,Mumbai,Scooter,Full-time,4.1,Y
DP14564,12/31/2024,Suresh T,Chennai,Cycle,Contract,4.17,Y
DP09949,1/9/2025,Kiran D,Mumbai,Cycle,Full-time,3.67,Y
DP08789,12/24/2024,Sneha D,Pune,Bike,Part-time,3.34,N
DP06694,1/4/2025,Vikas O,Pune,Bike,Full-time,4.13,Y
DP10861,12/23/2024,Deepak O,Bengaluru,Bike,Contract,4.21,Y
DP13795,12/28/2024,Vikas D,Hyderabad,Scooter,Part-time,4.66,Y
DP01732,12/21/2024,Rakesh M,Kolkata,Scooter,Part-time,3.79,Y
DP06115,12/10/2024,Suresh K,Bengaluru,Bike,Contract,4.56,N
DP04185,1/7/2025,Amit L,Pune,Scooter,Full-time,4.05,Y
DP10889,1/4/2025,Santosh I,Mumbai,Cycle,Contract,3.77,Y
DP11724,12/11/2024,Sneha E,Pune,Scooter,Full-time,4.43,Y
DP06255,1/3/2025,Meena G,Delhi,Bike,Full-time,3.96,Y
DP08772,1/5/2025,Neha W,Mumbai,Car,Contract,5,N
DP05747,1/22/2025,Vikas G,Mumbai,Scooter,Full-time,4.65,Y
DP06328,1/5/2025,Deepak F,Hyderabad,Scooter,Full-time,4.31,Y
DP14223,12/31/2024,Vikas T,Hyderabad,Bike,Full-time,4.4,Y
DP00268,12/23/2024,Pooja H,Hyderabad,Scooter,Part-time,4.15,N
DP11395,1/6/2025,Santosh S,Hyderabad,Scooter,Contract,4.44,Y
DP02187,11/28/2024,Meena W,Bengaluru,Scooter,Part-time,4.44,Y
DP09847,1/1/2025,Rakesh V,Chennai,Cycle,Full-time,4.6,Y
DP02909,1/6/2025,Divya O,Bengaluru,Scooter,Part-time,4.8,N
DP10109,1/25/2025,Nikhil T,Bengaluru,Scooter,Part-time,4.4,Y
DP03268,12/30/2024,Kiran I,Mumbai,Bike,Full-time,4.08,N
DP04387,1/10/2025,Vikas C,Ahmedabad,Cycle,Part-time,3.82,Y
DP09985,12/19/2024,Ravi T,Pune,Scooter,Full-time,4.42,Y
DP02955,1/2/2025,Rakesh U,Delhi,Bike,Contract,3.6,Y
DP08314,1/1/2025,Rahul Q,Hyderabad,Scooter,Full-time,4.31,N
DP12200,1/10/2025,Pooja C,Bengaluru,Scooter,Contract,4.31,Y
DP03174,12/9/2024,Neha Y,Pune,Bike,Contract,4.75,Y
DP04082,12/31/2024,Divya D,Bengaluru,Scooter,Part-time,4.14,Y
DP05965,1/10/2025,Nikhil D,Bengaluru,Car,Part-time,4.37,Y
DP13408,1/8/2025,Kiran B,Ahmedabad,Bike,Full-time,4.47,Y
DP07284,12/29/2024,Suresh C,Delhi,Bike,Contract,4.32,Y
DP13232,1/3/2025,Manoj D,Mumbai,Scooter,Full-time,4.24,Y
DP00266,1/3/2025,Ananya T,Hyderabad,Bike,Contract,4.25,Y
DP05185,12/29/2024,Meena X,Bengaluru,Scooter,Full-time,4.39,Y
DP02348,1/4/2025,Rakesh W,Bengaluru,Scooter,Part-time,4.14,Y
DP08616,12/25/2024,Kiran O,Mumbai,Bike,Contract,4.79,N
DP04153,1/10/2025,Ravi S,Bengaluru,Bike,Contract,4.57,Y
DP09063,12/28/2024,Priya H,Delhi,Scooter,Part-time,4.04,Y
DP06428,12/6/2024,Divya U,Bengaluru,Bike,Full-time,4.54,Y
DP06149,12/27/2024,Kiran X,Kolkata,Scooter,Part-time,4.17,Y
DP06553,12/24/2024,Arjun T,Bengaluru,Bike,Contract,3.62,Y
DP02128,1/1/2025,Neha P,Mumbai,Bike,Contract,3.74,Y
DP13967,1/6/2025,Deepak F,Bengaluru,Scooter,Part-time,4.1,Y
DP06034,1/8/2025,Santosh G,Delhi,Scooter,Contract,3.98,N
DP10837,1/10/2025,Manoj I,Hyderabad,Bike,Full-time,4.37,Y
DP00627,2/8/2025,Divya T,Kolkata,Bike,Contract,3.87,Y
DP12128,1/7/2025,Rahul A,Bengaluru,Bike,Full-time,4.44,Y
DP04384,12/13/2024,Deepak G,Bengaluru,Bike,Full-time,4.01,Y
DP04252,1/1/2025,Santosh O,Hyderabad,Scooter,Part-time,3.85,Y
DP14790,1/11/2025,Ananya T,Bengaluru,Bike,Full-time,4.44,Y
DP01763,1/6/2025,Deepak Y,Chennai,Bike,Contract,4.48,Y
DP13878,1/5/2025,Nikhil H,Bengaluru,Car,Full-time,3.8,Y
DP12642,12/22/2024,Shreya F,Bengaluru,Car,Part-time,4.14,Y
DP13826,12/25/2024,Santosh I,Chennai,Car,Full-time,4.13,Y
DP14892,1/8/2025,Santosh Q,Bengaluru,Cycle,Full-time,4.37,Y
DP06705,12/15/2024,Deepak D,Delhi,Bike,Full-time,4.02,Y
DP12521,1/6/2025,Neha V,Mumbai,Bike,Full-time,4.22,Y
DP13849,12/9/2024,Sneha Z,Delhi,Bike,Full-time,4.46,Y
DP13306,1/4/2025,Sneha O,Chennai,Bike,Full-time,4.13,Y
DP06262,1/3/2025,Deepak F,Hyderabad,Scooter,Full-time,4.64,Y
DP00975,1/7/2025,Deepak K,Delhi,Bike,Full-time,3.88,Y
DP10377,12/30/2024,Deepak H,Hyderabad,Scooter,Part-time,3.61,Y
DP05042,12/31/2024,Nikhil H,Chennai,Scooter,Part-time,4.38,Y
DP10925,12/12/2024,Meena V,Ahmedabad,Bike,Contract,4.42,Y
DP04702,1/4/2025,Rahul E,Bengaluru,Bike,Full-time,4.32,Y
DP01953,12/28/2024,Meena P,Mumbai,Scooter,Full-time,4.58,Y
DP00205,1/10/2025,Arjun Y,Delhi,Bike,Contract,4.02,Y
DP09238,1/3/2025,Pooja H,Mumbai,Scooter,Part-time,4.05,Y
DP03200,12/31/2024,Manoj L,Kolkata,Bike,Full-time,4.01,N
DP13485,1/5/2025,Deepak U,Ahmedabad,Car,Full-time,3.73,Y
DP12298,12/30/2024,Meena X,Bengaluru,Bike,Part-time,4.12,Y
DP11411,1/5/2025,Santosh S,Bengaluru,Bike,Contract,4.09,N
DP04097,12/30/2024,Shreya G,Bengaluru,Bike,Full-time,3.95,Y
DP03345,12/21/2024,Kiran F,Hyderabad,Scooter,Full-time,3.81,Y
DP05678,1/9/2025,Ananya T,Delhi,Cycle,Full-time,3.83,Y
DP05905,1/5/2025,Vikas C,Bengaluru,Scooter,Full-time,4.01,Y
DP09722,12/25/2024,Vikas G,Mumbai,Scooter,Contract,4.23,Y
DP03828,1/3/2025,Vikas A,Bengaluru,Bike,Part-time,4.52,Y
DP13172,12/5/2024,Ananya Q,Hyderabad,Scooter,Contract,4.4,Y
DP04030,12/6/2024,Deepak H,Bengaluru,Scooter,Full-time,4.32,Y
DP13657,1/4/2025,Vikas C,Bengaluru,Scooter,Contract,3.97,Y
DP12827,1/7/2025,Meena J,Pune,Bike,Full-time,4.28,Y
DP11145,1/6/2025,Kiran J,Mumbai,Bike,Full-time,4.15,Y
DP05033,12/25/2024,Rakesh B,Kolkata,Cycle,Part-time,4.3,Y
DP03891,1/8/2025,Arjun G,Pune,Cycle,Contract,4.43,Y
DP14664,1/2/2025,Pooja G,Bengaluru,Scooter,Contract,4.4,Y
DP01035,1/11/2025,Suresh I,Bengaluru,Bike,Full-time,3.96,Y
DP10019,1/2/2025,Pooja L,Mumbai,Cycle,Contract,4.6,Y
DP11603,1/9/2025,Arjun C,Pune,Bike,Full-time,3.97,Y
DP14359,1/8/2025,Divya K,Delhi,Scooter,Part-time,4.78,Y
DP14618,1/7/2025,Neha Y,Chennai,Scooter,Full-time,4.6,Y
DP11418,12/27/2024,Vikas I,Mumbai,Bike,Part-time,4.74,Y
DP01227,12/12/2024,Pooja L,Ahmedabad,Bike,Part-time,3.46,Y
DP00009,1/2/2025,Ananya V,Bengaluru,Scooter,Full-time,4.05,Y
DP09449,12/20/2024,Arjun Y,Chennai,Car,Full-time,4.2,Y
DP03317,12/9/2024,Nikhil L,Bengaluru,Bike,Full-time,4.11,Y
DP06463,1/5/2025,Meena L,Delhi,Scooter,Full-time,4.15,Y
DP02118,12/28/2024,Pooja V,Bengaluru,Bike,Contract,4.54,Y
DP02653,12/6/2024,Pooja Y,Kolkata,Bike,Full-time,4.56,Y
DP00445,12/28/2024,Meena O,Chennai,Bike,Full-time,4.47,Y
DP11301,1/8/2025,Arjun X,Delhi,Bike,Part-time,4.55,Y
DP08294,12/24/2024,Priya S,Delhi,Scooter,Full-time,4.33,N
DP06518,12/15/2024,Meena C,Bengaluru,Bike,Full-time,4.04,Y
DP09499,1/2/2025,Priya Z,Hyderabad,Cycle,Part-time,4.1,Y
DP08965,1/17/2025,Suresh G,Hyderabad,Cycle,Part-time,5,Y
DP06196,1/7/2025,Neha Z,Kolkata,Bike,Part-time,4.48,Y
DP09655,1/10/2025,Priya P,Chennai,Scooter,Contract,4.19,Y
DP14932,12/30/2024,Pooja Z,Mumbai,Bike,Part-time,4.04,Y
DP14000,12/27/2024,Kiran Q,Ahmedabad,Scooter,Contract,4.36,Y
DP00824,1/8/2025,Amit P,Bengaluru,Bike,Full-time,3.94,Y
DP00408,12/27/2024,Meena V,Chennai,Scooter,Full-time,3.97,Y
DP08107,1/7/2025,Santosh R,Bengaluru,Bike,Part-time,4.48,Y
DP05337,12/27/2024,Deepak M,Mumbai,Scooter,Contract,4.17,Y
DP04034,1/6/2025,Amit T,Hyderabad,Scooter,Full-time,4.27,Y
DP05282,1/5/2025,Ravi H,Mumbai,Bike,Full-time,4.4,Y
DP10908,1/3/2025,Pooja B,Bengaluru,Bike,Full-time,3.84,Y
DP12632,1/8/2025,Vikas K,Kolkata,Bike,Full-time,3.95,Y
DP03360,1/7/2025,Santosh B,Bengaluru,Cycle,Full-time,3.85,Y
DP09851,1/3/2025,Nikhil C,Bengaluru,Bike,Full-time,4.47,Y
DP03859,1/3/2025,Nikhil Q,Kolkata,Scooter,Contract,3.62,Y
DP10397,12/21/2024,Kiran G,Delhi,Bike,Part-time,4.08,Y
DP01575,1/16/2025,Rahul Y,Bengaluru,Bike,Part-time,4.42,Y
DP02449,1/11/2025,Santosh Y,Bengaluru,Car,Full-time,4.1,Y
DP11473,12/18/2024,Rakesh N,Pune,Bike,Part-time,3.67,Y
DP11930,1/5/2025,Manoj U,Pune,Scooter,Full-time,4.49,Y
DP12307,12/21/2024,Santosh U,Bengaluru,Scooter,Part-time,4.39,Y
DP09608,1/10/2025,Deepak Z,Delhi,Scooter,Full-time,3.91,Y
DP02041,1/2/2025,Arjun X,Chennai,Scooter,Full-time,3.9,Y
DP08189,12/9/2024,Priya E,Mumbai,Scooter,Part-time,4.09,Y
DP02026,1/1/2025,Rahul M,Hyderabad,Scooter,Contract,4.48,N
DP06867,1/5/2025,Suresh O,Mumbai,Scooter,Full-time,4.66,Y
DP09910,1/31/2025,Arjun O,Chennai,Scooter,Full-time,4,Y
DP02502,1/7/2025,Pooja W,Chennai,Bike,Contract,3.85,Y
DP07353,12/29/2024,Neha A,Mumbai,Bike,Full-time,3.76,Y
DP05832,12/13/2024,Deepak G,Delhi,Scooter,Contract,3.71,Y
DP09549,12/31/2024,Nikhil F,Pune,Bike,Contract,3.81,Y
DP09174,1/1/2025,Ravi U,Delhi,Cycle,Contract,4.44,Y
DP03192,12/26/2024,Manoj Z,Bengaluru,Scooter,Full-time,3.72,Y
DP08471,1/4/2025,Meena E,Mumbai,Cycle,Full-time,4.68,Y
DP02063,12/18/2024,Priya U,Hyderabad,Scooter,Part-time,3.84,Y
DP06237,1/6/2025,Amit Y,Chennai,Scooter,Part-time,4.15,Y
DP14747,12/13/2024,Priya E,Bengaluru,Scooter,Part-time,3.9,N
DP10830,12/29/2024,Priya T,Chennai,Bike,Part-time,4.17,Y
DP14351,12/20/2024,Priya W,Pune,Cycle,Full-time,4.12,Y
DP03283,1/4/2025,Kiran U,Ahmedabad,Cycle,Full-time,4.47,Y
DP01705,1/6/2025,Amit C,Bengaluru,Scooter,Part-time,4.16,Y
DP03001,1/2/2025,Amit S,Hyderabad,Bike,Full-time,4.18,Y
DP01689,12/31/2024,Nikhil A,Chennai,Cycle,Part-time,3.91,Y
DP12508,1/20/2025,Priya O,Hyderabad,Cycle,Full-time,4.07,Y
DP00878,3/9/2025,Rahul H,Delhi,Bike,Part-time,4.48,Y
DP11823,12/13/2024,Pooja Q,Mumbai,Cycle,Full-time,4.03,Y
DP10494,12/23/2024,Neha X,Bengaluru,Scooter,Full-time,3.73,Y
DP03430,12/8/2024,Meena T,Delhi,Scooter,Full-time,3.54,Y
DP14309,12/9/2024,Nikhil C,Hyderabad,Scooter,Full-time,4.28,N
DP03621,1/10/2025,Santosh S,Bengaluru,Cycle,Full-time,4.34,Y
DP04285,1/5/2025,Ravi I,Hyderabad,Cycle,Full-time,4.61,Y
DP01320,1/2/2025,Rakesh J,Mumbai,Scooter,Full-time,4.3,Y
DP04869,12/28/2024,Ananya M,Ahmedabad,Scooter,Contract,4.09,Y
DP05697,12/18/2024,Rakesh S,Chennai,Scooter,Full-time,3.88,Y
DP05920,12/28/2024,Ravi F,Chennai,Cycle,Part-time,4.39,Y
DP13803,1/6/2025,Meena O,Kolkata,Cycle,Part-time,4.18,N
DP13227,1/8/2025,Vikas E,Hyderabad,Bike,Full-time,3.83,Y
DP07471,1/6/2025,Ravi N,Kolkata,Bike,Full-time,3.82,Y
DP00185,1/6/2025,Nikhil U,Mumbai,Scooter,Full-time,4.11,Y
DP06052,1/9/2025,Pooja R,Chennai,Car,Contract,4.58,Y
DP03378,1/4/2025,Rahul W,Hyderabad,Cycle,Part-time,3.74,Y
DP09345,1/7/2025,Amit S,Bengaluru,Cycle,Part-time,4.33,Y
DP13838,12/30/2024,Manoj H,Mumbai,Scooter,Contract,4.29,Y
DP11881,1/4/2025,Meena L,Ahmedabad,Cycle,Full-time,3.54,Y
DP02171,12/11/2024,Ravi W,Bengaluru,Bike,Full-time,3.74,Y
DP06873,1/31/2025,Deepak O,Delhi,Cycle,Full-time,4.1,Y
DP03999,12/18/2024,Priya P,Mumbai,Bike,Contract,4.88,Y
DP09039,1/20/2025,Rakesh Q,Ahmedabad,Bike,Full-time,3.52,Y
DP02460,1/5/2025,Manoj U,Hyderabad,Scooter,Part-time,4.38,Y
DP12227,1/7/2025,Arjun D,Pune,Car,Full-time,4.08,Y
DP14469,12/23/2024,Vikas Z,Hyderabad,Bike,Full-time,4.19,Y
DP13762,12/29/2024,Amit B,Chennai,Bike,Contract,4.32,Y
DP11907,12/15/2024,Sneha C,Kolkata,Cycle,Full-time,3.63,Y
DP04493,1/8/2025,Deepak B,Mumbai,Cycle,Full-time,4.26,Y
DP03515,1/8/2025,Nikhil X,Bengaluru,Bike,Full-time,4.53,Y
DP07706,12/26/2024,Pooja V,Delhi,Scooter,Contract,3.72,Y
DP05365,1/5/2025,Nikhil W,Delhi,Cycle,Full-time,3.95,Y
DP06498,1/3/2025,Ravi I,Hyderabad,Scooter,Part-time,4.06,Y
DP13183,1/8/2025,Pooja C,Chennai,Bike,Full-time,4.34,Y
DP04967,12/28/2024,Deepak T,Mumbai,Scooter,Part-time,4.34,Y
DP04301,1/10/2025,Meena V,Mumbai,Cycle,Part-time,4.56,Y
DP01216,1/7/2025,Kiran B,Pune,Cycle,Full-time,4.38,Y
DP06035,12/29/2024,Suresh N,Chennai,Cycle,Full-time,4.06,Y
DP08935,12/26/2024,Deepak M,Kolkata,Bike,Contract,4.9,Y
DP13065,1/6/2025,Rahul J,Delhi,Scooter,Part-time,4.07,Y
DP09158,1/2/2025,Neha P,Hyderabad,Bike,Contract,4.3,Y
DP06568,12/30/2024,Arjun H,Bengaluru,Scooter,Full-time,4.37,Y
DP03564,12/20/2024,Nikhil U,Bengaluru,Bike,Full-time,4.24,Y
DP11648,1/3/2025,Amit Z,Chennai,Bike,Full-time,3.9,Y
DP05962,12/20/2024,Divya P,Bengaluru,Scooter,Part-time,4.37,Y
DP00818,12/17/2024,Santosh Q,Mumbai,Scooter,Full-time,4.23,Y
DP03974,12/19/2024,Santosh S,Hyderabad,Scooter,Part-time,4.62,N
DP00390,1/5/2025,Deepak Y,Chennai,Bike,Full-time,4.42,N
DP01619,1/6/2025,Vikas S,Bengaluru,Scooter,Full-time,4.66,Y
DP14949,1/7/2025,Rakesh W,Ahmedabad,Bike,Full-time,4.15,Y
DP10907,12/14/2024,Ravi F,Bengaluru,Cycle,Full-time,4.39,N
DP07646,12/30/2024,Pooja H,Mumbai,Scooter,Full-time,4.53,Y
DP09619,1/3/2025,Ravi Q,Mumbai,Bike,Part-time,4.88,Y
DP08550,12/29/2024,Amit Q,Pune,Bike,Full-time,3.85,N
DP14303,1/5/2025,Vikas U,Mumbai,Bike,Full-time,4.5,N
DP06545,1/1/2025,Shreya U,Bengaluru,Scooter,Part-time,4.16,Y
DP12518,12/25/2024,Shreya J,Delhi,Bike,Contract,4.34,Y
DP01551,12/20/2024,Arjun M,Bengaluru,Cycle,Full-time,4.73,Y
DP04128,12/22/2024,Amit O,Bengaluru,Scooter,Full-time,4.59,Y
DP01648,1/10/2025,Priya X,Delhi,Cycle,Part-time,4.5,Y
DP01941,1/8/2025,Priya O,Kolkata,Car,Part-time,4.42,Y
DP02566,1/11/2025,Vikas U,Bengaluru,Bike,Full-time,4.43,Y
DP04835,12/28/2024,Deepak M,Hyderabad,Scooter,Full-time,4.33,Y
DP14293,1/3/2025,Rahul J,Kolkata,Bike,Part-time,4.31,Y
DP10675,12/25/2024,Divya Y,Delhi,Bike,Full-time,4.46,Y
DP06862,12/28/2024,Amit F,Hyderabad,Bike,Contract,4.1,Y
DP10313,1/7/2025,Suresh L,Ahmedabad,Bike,Part-time,4.03,Y
DP07424,1/7/2025,Meena L,Bengaluru,Scooter,Contract,4.33,Y
DP08867,1/1/2025,Santosh U,Pune,Car,Full-time,4.41,Y
DP10164,12/25/2024,Priya P,Ahmedabad,Bike,Full-time,3.9,N
DP04403,12/13/2024,Manoj G,Bengaluru,Scooter,Part-time,4.46,Y
DP01835,1/10/2025,Sneha S,Bengaluru,Cycle,Part-time,4.29,Y
DP05680,1/4/2025,Rakesh U,Bengaluru,Car,Full-time,3.97,Y
DP05823,12/22/2024,Nikhil P,Mumbai,Scooter,Part-time,4.37,N
DP13483,12/18/2024,Santosh H,Delhi,Car,Contract,3.83,Y
DP05256,1/2/2025,Manoj I,Chennai,Scooter,Part-time,4.13,Y
DP10933,12/31/2024,Vikas G,Delhi,Cycle,Full-time,4.6,Y
DP04085,12/30/2024,Santosh M,Hyderabad,Scooter,Full-time,3.65,Y
DP04514,1/11/2025,Arjun Y,Bengaluru,Scooter,Contract,4.2,N
DP08546,12/12/2024,Rakesh H,Delhi,Car,Contract,3.99,Y
DP14786,12/29/2024,Nikhil V,Delhi,Bike,Full-time,4.07,N
DP08176,1/11/2025,Rakesh Y,Mumbai,Scooter,Part-time,4.14,Y
DP07555,1/3/2025,Shreya W,Mumbai,Scooter,Part-time,4.43,Y
DP03911,12/30/2024,Ananya K,Kolkata,Bike,Full-time,4.19,Y
DP14762,1/5/2025,Meena C,Bengaluru,Cycle,Full-time,4.18,Y
DP07545,1/8/2025,Meena E,Mumbai,Scooter,Contract,3.82,N
DP02440,1/6/2025,Pooja E,Pune,Bike,Full-time,4.26,Y
DP13668,1/5/2025,Vikas R,Pune,Bike,Full-time,3.77,Y
DP02646,12/18/2024,Manoj Q,Chennai,Scooter,Full-time,4.3,Y
DP02664,1/3/2025,Shreya U,Pune,Cycle,Full-time,3.71,Y
DP01630,12/23/2024,Shreya M,Chennai,Bike,Full-time,3.62,Y
DP08563,12/28/2024,Suresh D,Ahmedabad,Cycle,Part-time,4.6,Y
DP05090,12/30/2024,Ravi X,Bengaluru,Scooter,Part-time,4.27,N
DP12554,1/9/2025,Amit L,Delhi,Cycle,Part-time,4.23,Y
DP00269,12/27/2024,Arjun E,Hyderabad,Cycle,Full-time,4.29,N
DP05108,1/12/2025,Ravi Q,Hyderabad,Cycle,Part-time,4.62,Y
DP09648,1/9/2025,Meena F,Mumbai,Bike,Part-time,4.15,Y
DP05781,12/14/2024,Shreya E,Bengaluru,Bike,Full-time,4.56,Y
DP11234,1/2/2025,Arjun O,Delhi,Scooter,Full-time,4.18,Y
DP02587,1/2/2025,Vikas V,Pune,Cycle,Part-time,3.63,N
DP07765,12/29/2024,Kiran Y,Delhi,Scooter,Part-time,4.21,Y
DP07236,12/30/2024,Rakesh I,Bengaluru,Bike,Contract,3.94,Y
DP12687,12/10/2024,Rakesh N,Kolkata,Bike,Full-time,4.45,N
DP13890,1/7/2025,Kiran U,Bengaluru,Bike,Full-time,4.78,N
DP13095,1/5/2025,Ravi X,Pune,Car,Contract,3.68,Y
DP04286,12/25/2024,Vikas G,Hyderabad,Scooter,Full-time,3.87,Y
DP12834,1/2/2025,Nikhil B,Pune,Bike,Part-time,4.5,Y
DP08458,1/1/2025,Kiran U,Mumbai,Bike,Contract,4.06,Y
DP03166,12/22/2024,Shreya P,Kolkata,Scooter,Part-time,4.4,N
DP09519,1/3/2025,Amit D,Mumbai,Scooter,Full-time,4.12,Y
DP07997,1/4/2025,Ravi F,Bengaluru,Scooter,Full-time,4.13,Y
DP05560,1/8/2025,Kiran L,Kolkata,Scooter,Part-time,4.5,N
DP03981,1/6/2025,Rakesh Y,Chennai,Bike,Part-time,4.62,Y
DP00091,1/6/2025,Amit B,Bengaluru,Bike,Contract,4,Y
DP11390,1/12/2025,Pooja Z,Hyderabad,Bike,Full-time,3.96,Y
DP10020,12/27/2024,Priya P,Ahmedabad,Bike,Full-time,4.8,Y
DP10299,12/27/2024,Amit A,Kolkata,Bike,Full-time,4.11,Y
DP13785,1/11/2025,Manoj C,Mumbai,Cycle,Contract,3.8,Y
DP13518,1/11/2025,Sneha J,Mumbai,Scooter,Full-time,4.73,Y
DP10940,12/24/2024,Rahul G,Delhi,Scooter,Full-time,4.14,Y
DP13944,12/28/2024,Pooja Y,Bengaluru,Bike,Full-time,3.71,Y
DP13320,1/8/2025,Pooja W,Delhi,Bike,Contract,4.26,Y
DP01780,12/21/2024,Ravi X,Mumbai,Bike,Part-time,4.19,Y
DP00520,12/9/2024,Amit S,Ahmedabad,Cycle,Contract,4.61,Y
DP10300,12/24/2024,Neha F,Kolkata,Bike,Part-time,4.3,Y
DP06758,1/6/2025,Vikas O,Bengaluru,Scooter,Full-time,4.7,Y
DP09453,1/4/2025,Sneha T,Bengaluru,Scooter,Part-time,4.57,Y
DP06208,1/2/2025,Divya Q,Delhi,Bike,Full-time,3.97,Y
DP04461,12/6/2024,Santosh B,Kolkata,Scooter,Full-time,3.84,Y
DP07605,1/7/2025,Santosh O,Delhi,Bike,Full-time,3.85,Y
DP06764,12/3/2024,Ananya F,Bengaluru,Car,Full-time,4.62,Y
DP03083,1/5/2025,Sneha R,Bengaluru,Bike,Part-time,4,Y
DP05633,12/17/2024,Deepak B,Hyderabad,Cycle,Full-time,4.71,Y
DP02316,2/20/2025,Vikas Y,Ahmedabad,Scooter,Full-time,4.91,Y
DP10124,1/11/2025,Pooja P,Pune,Bike,Part-time,4.73,Y
DP11113,1/3/2025,Suresh H,Chennai,Bike,Part-time,4.37,Y
DP10440,3/8/2025,Arjun K,Bengaluru,Scooter,Contract,4.31,Y
DP03513,1/1/2025,Pooja B,Bengaluru,Scooter,Part-time,4.21,Y
DP07593,12/31/2024,Sneha H,Mumbai,Cycle,Part-time,4.88,Y
DP03168,12/12/2024,Amit Z,Mumbai,Bike,Contract,4.13,Y
DP05272,3/15/2025,Suresh I,Bengaluru,Cycle,Full-time,4.5,Y
DP02776,1/23/2025,Arjun Y,Kolkata,Scooter,Full-time,4.37,Y
DP12520,12/28/2024,Divya P,Bengaluru,Car,Full-time,4.35,N
DP02424,12/17/2024,Divya P,Bengaluru,Scooter,Full-time,4.37,Y
DP10651,1/1/2025,Meena D,Delhi,Scooter,Contract,4.2,Y
DP04659,12/27/2024,Deepak U,Pune,Bike,Full-time,4.26,Y
DP06136,12/31/2024,Divya B,Chennai,Scooter,Part-time,4.4,Y
DP08478,1/1/2025,Pooja Y,Delhi,Scooter,Part-time,4.46,Y
DP05087,1/7/2025,Rakesh T,Delhi,Bike,Part-time,4.75,Y
DP13059,12/17/2024,Ananya D,Mumbai,Bike,Full-time,3.99,N
DP00035,2/17/2025,Vikas L,Bengaluru,Scooter,Full-time,4.16,Y
DP05311,12/26/2024,Ananya O,Bengaluru,Bike,Full-time,4.28,Y
DP06955,12/28/2024,Priya V,Delhi,Bike,Full-time,3.81,Y
DP11632,12/24/2024,Nikhil E,Delhi,Scooter,Contract,4.14,Y
DP06077,1/1/2025,Vikas V,Bengaluru,Bike,Full-time,4.2,Y
DP05561,1/12/2025,Priya P,Bengaluru,Bike,Full-time,4.27,Y
DP14324,1/4/2025,Neha L,Kolkata,Car,Full-time,4.46,Y
DP13916,1/8/2025,Amit C,Bengaluru,Car,Contract,3.8,Y
DP00837,1/8/2025,Amit A,Hyderabad,Scooter,Full-time,4.38,Y
DP12375,12/31/2024,Rahul J,Mumbai,Car,Contract,4.2,Y
DP04308,1/11/2025,Arjun F,Bengaluru,Scooter,Full-time,4.36,Y
DP07148,12/28/2024,Amit K,Delhi,Scooter,Full-time,3.63,Y
DP00699,1/9/2025,Sneha C,Bengaluru,Bike,Part-time,3.83,Y
DP11941,1/9/2025,Priya B,Mumbai,Cycle,Part-time,3.97,Y
DP09625,1/3/2025,Ananya W,Bengaluru,Scooter,Contract,4.59,Y
DP07320,12/30/2024,Shreya U,Hyderabad,Scooter,Full-time,4.5,Y
DP01399,12/6/2024,Divya Q,Pune,Scooter,Full-time,4.84,N
DP00909,1/8/2025,Pooja Q,Mumbai,Car,Full-time,4.29,Y
DP11120,1/11/2025,Amit X,Mumbai,Bike,Full-time,4.65,Y
DP01155,1/1/2025,Ravi M,Ahmedabad,Bike,Full-time,3.7,Y
DP05147,1/3/2025,Neha A,Bengaluru,Bike,Full-time,4.37,Y
DP12597,1/5/2025,Manoj F,Bengaluru,Bike,Part-time,3.98,Y
DP11009,1/2/2025,Kiran X,Bengaluru,Bike,Full-time,4.5,Y
DP12728,12/20/2024,Ravi N,Bengaluru,Cycle,Part-time,4.2,Y
DP05177,12/9/2024,Sneha X,Chennai,Bike,Part-time,3.97,Y
DP04237,12/28/2024,Kiran P,Delhi,Scooter,Full-time,4.27,Y
DP01741,1/3/2025,Amit Z,Bengaluru,Scooter,Full-time,3.84,Y
DP07857,1/10/2025,Pooja F,Mumbai,Bike,Full-time,3.93,Y
DP12403,1/5/2025,Kiran V,Delhi,Scooter,Contract,4.2,Y
DP05346,1/10/2025,Shreya P,Mumbai,Bike,Part-time,4.48,Y
DP10580,1/4/2025,Priya B,Mumbai,Scooter,Part-time,4.72,Y
DP14045,1/7/2025,Sneha T,Kolkata,Cycle,Full-time,4.3,Y
DP08480,12/26/2024,Santosh Z,Ahmedabad,Car,Full-time,4.49,N
DP13897,1/7/2025,Rakesh G,Pune,Bike,Part-time,4.3,Y
DP03262,1/6/2025,Suresh I,Bengaluru,Bike,Full-time,3.84,Y
DP06542,1/9/2025,Amit B,Kolkata,Scooter,Part-time,4.18,Y
DP12241,1/1/2025,Arjun M,Bengaluru,Bike,Part-time,4.59,Y
DP07713,1/1/2025,Suresh K,Ahmedabad,Bike,Part-time,4.3,N
DP13812,1/9/2025,Shreya H,Hyderabad,Bike,Part-time,4.03,Y
DP13809,12/26/2024,Manoj U,Delhi,Bike,Full-time,4.15,Y
DP06456,1/11/2025,Sneha P,Delhi,Bike,Full-time,4.36,Y
DP06274,1/2/2025,Suresh H,Delhi,Bike,Full-time,4.27,Y
DP00190,1/7/2025,Divya X,Kolkata,Scooter,Full-time,3.81,N
DP10994,12/27/2024,Ananya R,Kolkata,Scooter,Full-time,4.18,Y
DP04606,1/11/2025,Vikas D,Hyderabad,Scooter,Contract,4.16,Y
DP09118,1/4/2025,Suresh B,Hyderabad,Scooter,Part-time,3.65,N
DP08746,1/3/2025,Nikhil D,Ahmedabad,Cycle,Part-time,4,Y
DP08634,1/9/2025,Suresh Y,Bengaluru,Scooter,Full-time,3.99,Y
DP08622,1/2/2025,Rakesh M,Mumbai,Bike,Part-time,4.36,Y
DP00925,12/30/2024,Manoj J,Ahmedabad,Bike,Part-time,3.72,Y
DP05760,12/29/2024,Ravi N,Hyderabad,Bike,Full-time,4.6,Y
DP13940,12/29/2024,Rakesh D,Kolkata,Cycle,Part-time,4.34,Y
DP06852,1/8/2025,Priya E,Delhi,Scooter,Contract,4.39,Y
DP09138,12/23/2024,Ravi X,Bengaluru,Bike,Contract,4.51,Y
DP06495,1/7/2025,Priya S,Chennai,Bike,Part-time,4.56,Y
DP01968,1/3/2025,Kiran W,Mumbai,Bike,Full-time,4.04,N
DP09643,1/9/2025,Vikas R,Delhi,Bike,Contract,4.25,Y
DP06514,12/18/2024,Suresh C,Bengaluru,Bike,Part-time,4.21,Y
DP07781,1/11/2025,Rakesh O,Delhi,Car,Full-time,3.53,N
DP08440,1/12/2025,Suresh J,Ahmedabad,Scooter,Full-time,4.65,Y
DP11044,1/10/2025,Rakesh A,Chennai,Cycle,Full-time,4.16,Y
DP09332,12/27/2024,Rakesh N,Kolkata,Scooter,Full-time,3.92,Y
DP00298,1/12/2025,Vikas B,Mumbai,Scooter,Full-time,3.8,N
DP07524,1/3/2025,Meena R,Hyderabad,Scooter,Full-time,4.45,Y
DP02130,12/30/2024,Shreya F,Ahmedabad,Car,Full-time,4.04,Y
DP06858,12/26/2024,Amit B,Bengaluru,Cycle,Contract,3.63,Y
DP02942,1/5/2025,Shreya D,Bengaluru,Scooter,Full-time,4.34,Y
DP05615,12/18/2024,Manoj P,Mumbai,Bike,Full-time,4.28,Y
DP10150,1/10/2025,Divya L,Chennai,Scooter,Full-time,4.22,Y
DP13596,12/26/2024,Meena F,Kolkata,Scooter,Contract,4.59,N
DP14794,1/6/2025,Priya S,Mumbai,Scooter,Contract,4.22,Y
DP02886,12/22/2024,Shreya R,Chennai,Cycle,Part-time,4.21,Y
DP02517,12/29/2024,Amit V,Delhi,Bike,Full-time,4.06,Y
DP07674,12/16/2024,Rakesh V,Mumbai,Scooter,Part-time,3.87,N
DP13013,1/4/2025,Kiran S,Bengaluru,Car,Full-time,4.61,Y
DP00020,11/27/2024,Meena F,Kolkata,Scooter,Contract,4.22,Y
DP04485,1/5/2025,Arjun I,Bengaluru,Bike,Full-time,4.44,Y
DP11633,1/8/2025,Deepak Q,Hyderabad,Bike,Part-time,3.81,Y
DP11669,12/30/2024,Suresh X,Bengaluru,Scooter,Full-time,4.21,Y
DP01215,1/4/2025,Sneha O,Kolkata,Bike,Part-time,4.52,Y
DP13740,12/24/2024,Manoj Y,Mumbai,Scooter,Part-time,4.24,Y
DP04500,1/4/2025,Amit Z,Bengaluru,Cycle,Contract,4.3,Y
DP10248,1/12/2025,Rakesh V,Chennai,Bike,Contract,3.97,N
DP06756,12/17/2024,Divya H,Bengaluru,Bike,Full-time,4.26,Y
DP10645,1/7/2025,Arjun X,Bengaluru,Bike,Part-time,4.84,Y
DP12670,1/8/2025,Nikhil X,Kolkata,Scooter,Part-time,3.97,N
DP00662,12/11/2024,Amit U,Hyderabad,Bike,Full-time,4.14,Y
DP14705,1/8/2025,Rakesh Z,Mumbai,Scooter,Full-time,4.23,Y
DP07177,12/27/2024,Shreya C,Chennai,Bike,Part-time,4.28,N
DP00051,1/7/2025,Nikhil R,Mumbai,Scooter,Full-time,4.16,Y
DP00474,1/4/2025,Shreya T,Delhi,Scooter,Full-time,4.02,Y
DP00115,12/24/2024,Ananya K,Hyderabad,Bike,Contract,3.7,Y
DP14937,12/31/2024,Rakesh U,Mumbai,Scooter,Full-time,4.19,Y
DP13166,1/7/2025,Meena V,Bengaluru,Scooter,Contract,3.76,Y
DP10510,1/24/2025,Ravi X,Pune,Bike,Part-time,4.65,Y
DP00362,1/3/2025,Deepak F,Delhi,Bike,Contract,4.15,Y
DP01103,1/3/2025,Vikas E,Bengaluru,Bike,Full-time,4.08,N
DP06995,1/8/2025,Kiran W,Pune,Bike,Full-time,3.83,N
DP14457,12/27/2024,Arjun W,Pune,Scooter,Contract,4.23,Y
DP13334,12/25/2024,Neha H,Mumbai,Cycle,Part-time,4.31,Y
DP05369,12/12/2024,Ravi I,Hyderabad,Car,Part-time,4.84,Y
DP00354,1/8/2025,Deepak K,Chennai,Scooter,Full-time,4.38,Y
DP06084,1/10/2025,Sneha V,Kolkata,Scooter,Full-time,4.32,Y
DP08132,1/3/2025,Vikas V,Delhi,Bike,Part-time,3.92,Y
DP02729,1/11/2025,Divya L,Delhi,Scooter,Full-time,4.13,Y
DP11494,12/18/2024,Amit X,Ahmedabad,Scooter,Full-time,4.2,Y
DP12252,1/4/2025,Priya Q,Bengaluru,Bike,Full-time,4.19,N
DP03046,12/13/2024,Arjun R,Bengaluru,Scooter,Full-time,4.28,Y
DP02703,12/17/2024,Manoj F,Chennai,Scooter,Full-time,4.43,Y
DP04463,12/13/2024,Priya V,Bengaluru,Bike,Contract,4.32,Y
DP12587,1/10/2025,Ananya E,Delhi,Bike,Full-time,4.42,Y
DP14153,1/10/2025,Rakesh A,Chennai,Scooter,Contract,4.49,Y
DP08461,1/6/2025,Amit S,Delhi,Bike,Full-time,4.32,Y
DP13448,1/5/2025,Divya J,Bengaluru,Scooter,Part-time,4.29,Y
DP06864,1/10/2025,Arjun P,Delhi,Scooter,Contract,4.04,Y
DP05348,1/11/2025,Suresh L,Bengaluru,Bike,Full-time,4.19,Y
DP07267,12/23/2024,Nikhil B,Bengaluru,Scooter,Part-time,4.31,Y
DP14025,12/25/2024,Shreya K,Delhi,Bike,Contract,3.83,Y
DP04330,1/1/2025,Rakesh X,Hyderabad,Scooter,Contract,4.18,Y
DP12930,1/5/2025,Arjun Y,Kolkata,Cycle,Full-time,3.59,Y
DP04733,1/5/2025,Divya I,Hyderabad,Scooter,Contract,4.02,Y
DP06791,1/5/2025,Shreya D,Bengaluru,Bike,Full-time,4.51,Y
DP12072,12/26/2024,Nikhil S,Mumbai,Scooter,Contract,4.43,Y
DP00344,12/27/2024,Rakesh P,Delhi,Scooter,Part-time,4.19,Y
DP08427,1/10/2025,Vikas M,Bengaluru,Bike,Full-time,4.48,Y
DP04310,1/8/2025,Pooja V,Ahmedabad,Cycle,Full-time,4.13,Y
DP13915,12/23/2024,Meena L,Hyderabad,Scooter,Part-time,4.59,Y
DP04804,1/9/2025,Pooja W,Delhi,Scooter,Full-time,4.15,N
DP06352,1/2/2025,Neha V,Bengaluru,Cycle,Full-time,4.02,Y
DP13273,1/8/2025,Sneha L,Delhi,Bike,Full-time,3.43,Y
DP13766,1/10/2025,Priya G,Delhi,Bike,Part-time,4.36,Y
DP08090,1/12/2025,Manoj Y,Bengaluru,Bike,Part-time,4.2,Y
DP14502,12/31/2024,Vikas D,Delhi,Scooter,Full-time,4,Y
DP04669,12/25/2024,Arjun S,Mumbai,Scooter,Contract,4.17,Y
DP14398,12/22/2024,Suresh C,Delhi,Bike,Part-time,4.58,N
DP04175,1/10/2025,Pooja P,Bengaluru,Bike,Part-time,4.61,Y
DP12525,1/10/2025,Shreya B,Ahmedabad,Bike,Part-time,4.04,Y
DP07601,12/15/2024,Santosh H,Delhi,Bike,Full-time,3.88,Y
DP08704,1/8/2025,Vikas C,Kolkata,Bike,Contract,4.06,Y
DP02563,12/29/2024,Vikas X,Bengaluru,Bike,Part-time,4.5,Y
DP03479,1/7/2025,Manoj E,Mumbai,Scooter,Full-time,3.99,Y
DP04784,1/3/2025,Rakesh G,Delhi,Scooter,Part-time,4.46,Y
DP03906,12/15/2024,Rakesh U,Mumbai,Car,Contract,4.01,Y
DP01605,1/5/2025,Divya H,Mumbai,Bike,Part-time,4.66,N
DP00227,1/6/2025,Rakesh U,Delhi,Cycle,Full-time,3.99,N
DP10702,12/18/2024,Divya R,Bengaluru,Scooter,Full-time,4.15,Y
DP02100,12/14/2024,Rahul B,Hyderabad,Scooter,Full-time,4.62,Y
DP11063,12/31/2024,Pooja V,Bengaluru,Bike,Part-time,4.54,Y
DP00610,1/5/2025,Pooja S,Delhi,Scooter,Full-time,3.81,Y
DP09502,12/30/2024,Meena I,Delhi,Scooter,Part-time,4.8,Y
DP12379,1/10/2025,Arjun J,Kolkata,Bike,Contract,3.89,Y
DP10737,1/8/2025,Ananya U,Ahmedabad,Scooter,Full-time,4.07,Y
DP10026,12/26/2024,Vikas Q,Bengaluru,Cycle,Contract,4.18,N
DP06100,12/5/2024,Amit B,Delhi,Scooter,Full-time,4.13,Y
DP00737,12/31/2024,Nikhil U,Bengaluru,Scooter,Full-time,4.06,N
DP11448,12/25/2024,Amit U,Delhi,Bike,Contract,4.58,Y
DP09409,12/29/2024,Manoj V,Bengaluru,Scooter,Full-time,4.03,Y
DP14076,1/5/2025,Rakesh D,Mumbai,Bike,Full-time,3.92,Y
DP03010,12/27/2024,Divya A,Kolkata,Cycle,Full-time,4.27,Y
DP04770,1/8/2025,Divya G,Hyderabad,Bike,Full-time,3.35,Y
DP10855,1/8/2025,Neha Y,Hyderabad,Scooter,Full-time,3.72,Y
DP04478,1/11/2025,Vikas N,Bengaluru,Scooter,Contract,4.52,Y
DP14258,12/21/2024,Neha X,Bengaluru,Scooter,Part-time,3.91,Y
DP04531,12/25/2024,Manoj G,Bengaluru,Bike,Full-time,3.91,Y
DP14772,1/4/2025,Manoj I,Kolkata,Bike,Part-time,3.9,Y
DP04750,12/8/2024,Ananya Z,Ahmedabad,Cycle,Full-time,4.18,Y
DP04055,12/14/2024,Rakesh T,Bengaluru,Bike,Contract,4.25,Y
DP11788,12/27/2024,Ananya V,Kolkata,Bike,Part-time,4.42,Y
DP07586,12/26/2024,Kiran P,Hyderabad,Bike,Full-time,4.73,Y
DP14150,1/8/2025,Kiran S,Hyderabad,Cycle,Full-time,4.39,Y
DP09213,1/1/2025,Vikas R,Mumbai,Bike,Contract,3.93,Y
DP00083,1/11/2025,Ravi B,Chennai,Scooter,Full-time,4.49,Y
DP05515,1/8/2025,Santosh W,Mumbai,Bike,Contract,4.36,Y
DP01161,1/10/2025,Divya R,Mumbai,Scooter,Full-time,4.19,Y
DP14154,1/9/2025,Vikas A,Ahmedabad,Scooter,Full-time,3.97,Y
DP05068,12/27/2024,Amit N,Mumbai,Cycle,Full-time,4.31,N
DP06700,1/12/2025,Ravi Y,Hyderabad,Scooter,Full-time,4.62,Y
DP11606,1/11/2025,Sneha M,Ahmedabad,Scooter,Full-time,4.2,Y
DP14570,12/27/2024,Ravi S,Delhi,Scooter,Full-time,4.74,Y
DP09787,1/5/2025,Divya Q,Mumbai,Cycle,Part-time,4.28,Y
DP03642,12/23/2024,Amit F,Hyderabad,Bike,Contract,4.36,Y
DP11586,12/29/2024,Arjun A,Mumbai,Bike,Full-time,4.14,Y
DP06555,1/4/2025,Shreya W,Bengaluru,Scooter,Contract,4.39,N
DP09803,12/19/2024,Rakesh N,Mumbai,Scooter,Full-time,4.12,Y
DP00187,1/4/2025,Manoj U,Pune,Bike,Contract,4.01,Y
DP11804,1/6/2025,Ravi H,Bengaluru,Cycle,Part-time,3.67,Y
DP03524,12/7/2024,Sneha J,Chennai,Bike,Full-time,3.81,Y
DP00986,12/6/2024,Rahul E,Kolkata,Bike,Full-time,4.31,Y
DP04992,1/5/2025,Vikas Y,Delhi,Scooter,Part-time,3.98,Y
DP12671,12/31/2024,Ananya B,Kolkata,Scooter,Full-time,4.59,Y
DP06638,1/2/2025,Meena B,Kolkata,Scooter,Contract,4.66,Y
DP14144,1/11/2025,Priya Q,Bengaluru,Cycle,Contract,4.47,Y
DP08552,12/17/2024,Rakesh Q,Chennai,Scooter,Part-time,4.03,N
DP04053,12/28/2024,Rakesh Z,Mumbai,Cycle,Contract,3.6,Y
DP01050,12/25/2024,Rakesh L,Mumbai,Bike,Full-time,4.5,Y
DP07460,1/2/2025,Suresh B,Delhi,Cycle,Full-time,3.73,Y
DP00983,1/3/2025,Manoj K,Mumbai,Cycle,Part-time,3.92,Y
DP05485,1/3/2025,Neha C,Pune,Scooter,Part-time,4.38,Y
DP06439,1/9/2025,Neha R,Bengaluru,Bike,Part-time,4.6,Y
DP00525,1/11/2025,Deepak I,Bengaluru,Scooter,Contract,4.51,N
DP06664,12/22/2024,Rakesh Y,Mumbai,Bike,Full-time,3.81,Y
DP14255,1/3/2025,Ananya A,Kolkata,Bike,Full-time,4.18,Y
DP12878,1/6/2025,Rahul G,Chennai,Scooter,Full-time,4.23,Y
DP10555,12/20/2024,Manoj I,Chennai,Scooter,Contract,4.43,Y
DP06247,12/16/2024,Manoj D,Pune,Bike,Full-time,3.2,Y
DP03925,12/27/2024,Amit P,Bengaluru,Scooter,Full-time,4.34,Y
DP09905,12/17/2024,Meena N,Kolkata,Scooter,Part-time,4.8,Y
DP02234,12/30/2024,Priya N,Bengaluru,Bike,Part-time,3.77,Y
DP11858,1/2/2025,Manoj D,Delhi,Cycle,Full-time,4.46,Y
DP12329,1/10/2025,Divya T,Delhi,Scooter,Full-time,4.42,Y
DP06661,1/9/2025,Deepak Q,Bengaluru,Cycle,Part-time,4.21,Y
DP05314,1/11/2025,Rahul Y,Bengaluru,Bike,Contract,4.21,Y
DP10526,1/6/2025,Neha B,Delhi,Cycle,Part-time,4.75,Y
DP11644,1/8/2025,Vikas S,Chennai,Bike,Contract,3.57,Y
DP03342,12/20/2024,Rahul B,Pune,Scooter,Part-time,3.65,Y
DP11754,1/5/2025,Sneha W,Delhi,Cycle,Full-time,3.95,Y
DP14295,12/30/2024,Santosh W,Mumbai,Bike,Full-time,4.36,Y
DP09136,12/15/2024,Pooja P,Delhi,Scooter,Full-time,3.91,Y
DP09116,1/5/2025,Kiran Q,Chennai,Cycle,Part-time,4.5,Y
DP14167,1/12/2025,Pooja F,Bengaluru,Scooter,Full-time,4.12,N
DP14844,1/7/2025,Shreya S,Mumbai,Bike,Part-time,4.51,Y
DP09553,1/9/2025,Deepak U,Bengaluru,Scooter,Full-time,4.27,N
DP14518,12/21/2024,Ravi N,Mumbai,Bike,Part-time,4.47,Y
DP08811,1/9/2025,Arjun D,Ahmedabad,Cycle,Contract,3.69,Y
DP05817,12/18/2024,Santosh X,Delhi,Scooter,Contract,4.4,Y
DP07030,12/22/2024,Shreya W,Mumbai,Scooter,Full-time,4.67,Y
DP07156,12/26/2024,Neha M,Kolkata,Scooter,Full-time,3.78,Y
DP00163,1/5/2025,Santosh W,Chennai,Bike,Full-time,4.69,N
DP11299,1/6/2025,Manoj J,Chennai,Scooter,Part-time,4.23,Y
DP08380,1/8/2025,Ananya E,Delhi,Scooter,Part-time,4.03,Y
DP09076,1/6/2025,Pooja F,Ahmedabad,Bike,Full-time,4.59,Y
DP11728,2/6/2025,Deepak R,Bengaluru,Car,Full-time,4.09,Y
DP12376,12/10/2024,Priya P,Pune,Car,Full-time,4.14,N
DP12850,1/7/2025,Pooja G,Bengaluru,Bike,Part-time,3.88,Y
DP05229,1/6/2025,Pooja Q,Delhi,Cycle,Contract,4.45,Y
DP04561,1/8/2025,Rahul S,Chennai,Bike,Full-time,4.58,N
DP11567,12/10/2024,Santosh R,Delhi,Bike,Part-time,4.36,Y
DP11106,12/27/2024,Divya T,Hyderabad,Cycle,Part-time,3.97,Y
DP12713,12/25/2024,Sneha J,Mumbai,Scooter,Full-time,4.43,Y
DP00319,12/23/2024,Ananya A,Kolkata,Scooter,Part-time,4.1,Y
DP01349,1/4/2025,Rahul G,Bengaluru,Scooter,Full-time,4.42,Y
DP00039,1/9/2025,Nikhil Q,Ahmedabad,Scooter,Part-time,4.34,Y
DP08708,1/2/2025,Rakesh S,Pune,Scooter,Full-time,4.11,Y
DP07499,1/8/2025,Deepak N,Bengaluru,Scooter,Full-time,3.86,Y
DP10295,1/4/2025,Kiran A,Bengaluru,Cycle,Part-time,4.19,Y
DP07851,12/20/2024,Ravi R,Delhi,Cycle,Part-time,3.5,Y
DP06612,1/5/2025,Suresh D,Kolkata,Bike,Full-time,4.62,Y
DP12367,1/4/2025,Vikas A,Mumbai,Car,Full-time,4.22,Y
DP04430,1/4/2025,Suresh R,Ahmedabad,Scooter,Part-time,3.99,Y
DP13800,1/2/2025,Arjun G,Kolkata,Bike,Part-time,3.86,Y
DP01495,11/23/2024,Divya H,Mumbai,Scooter,Full-time,4.23,Y
DP00043,1/9/2025,Priya C,Pune,Scooter,Full-time,3.54,Y
DP00862,12/24/2024,Vikas C,Mumbai,Cycle,Full-time,4.89,Y
DP04457,1/5/2025,Deepak E,Hyderabad,Cycle,Part-time,4.33,Y
DP05103,1/1/2025,Deepak E,Hyderabad,Scooter,Full-time,4.01,Y
DP12164,1/8/2025,Rakesh V,Bengaluru,Bike,Full-time,4.27,Y
DP05739,1/1/2025,Pooja B,Delhi,Scooter,Full-time,4.34,Y
DP02804,12/20/2024,Arjun J,Bengaluru,Scooter,Full-time,4.65,Y
DP14397,1/11/2025,Arjun Y,Hyderabad,Scooter,Full-time,4.58,Y
DP07682,1/2/2025,Rahul G,Kolkata,Bike,Contract,4.15,Y
DP14610,1/7/2025,Ananya A,Chennai,Bike,Part-time,3.28,Y
DP14055,12/30/2024,Kiran R,Mumbai,Car,Part-time,4.08,Y
DP04078,12/31/2024,Kiran I,Delhi,Scooter,Part-time,4.54,Y
DP03422,1/7/2025,Ravi X,Bengaluru,Bike,Full-time,4,N
DP10666,2/2/2025,Rahul C,Chennai,Bike,Part-time,4.13,Y
DP01400,1/1/2025,Rakesh N,Hyderabad,Bike,Full-time,4.28,Y
DP08797,12/28/2024,Vikas S,Delhi,Scooter,Full-time,4.44,Y
DP03465,12/13/2024,Amit N,Bengaluru,Bike,Full-time,4.26,Y
DP04332,1/5/2025,Nikhil N,Mumbai,Bike,Part-time,5,Y
DP10550,12/19/2024,Vikas T,Delhi,Bike,Contract,4.25,Y
DP09657,1/3/2025,Priya L,Bengaluru,Bike,Contract,4.6,Y
DP13851,12/28/2024,Rakesh L,Chennai,Cycle,Full-time,3.99,Y
DP11486,1/27/2025,Suresh R,Chennai,Cycle,Full-time,4.31,Y
DP04376,1/19/2025,Divya R,Kolkata,Scooter,Contract,4.03,Y
DP14138,1/10/2025,Vikas W,Delhi,Cycle,Part-time,4.32,Y
DP09842,12/18/2024,Amit O,Bengaluru,Scooter,Part-time,3.61,Y
DP00819,12/24/2024,Vikas N,Chennai,Bike,Full-time,4.22,Y
DP02442,1/9/2025,Sneha E,Chennai,Bike,Full-time,4.35,Y
DP09926,1/11/2025,Santosh J,Bengaluru,Bike,Part-time,4.69,Y
DP09360,1/4/2025,Rakesh H,Bengaluru,Scooter,Full-time,4.15,Y
DP00460,1/5/2025,Rakesh D,Mumbai,Scooter,Contract,4.04,N
DP14532,1/10/2025,Priya I,Bengaluru,Scooter,Part-time,4.41,Y
DP02284,1/11/2025,Pooja I,Chennai,Bike,Full-time,4.18,Y
DP04321,12/19/2024,Ravi Q,Mumbai,Car,Full-time,3.96,Y
DP10786,1/11/2025,Deepak M,Mumbai,Bike,Full-time,4.76,Y
DP01423,1/9/2025,Nikhil Y,Bengaluru,Scooter,Full-time,4.3,Y
DP12995,12/20/2024,Sneha W,Delhi,Scooter,Contract,4.73,Y
DP14869,12/31/2024,Rahul I,Pune,Scooter,Contract,3.08,Y
DP12837,1/4/2025,Rahul O,Delhi,Bike,Contract,4.33,Y
DP02000,1/11/2025,Ananya R,Pune,Cycle,Part-time,4.72,N
DP07767,12/27/2024,Neha X,Bengaluru,Bike,Contract,4.11,Y
DP12862,1/10/2025,Divya F,Ahmedabad,Bike,Full-time,3.98,Y
DP00475,12/30/2024,Manoj R,Kolkata,Scooter,Part-time,4.81,Y
DP05333,1/7/2025,Deepak L,Delhi,Bike,Full-time,4.52,Y
DP03312,1/10/2025,Santosh H,Kolkata,Bike,Full-time,4.11,Y
DP14013,1/8/2025,Rahul Q,Bengaluru,Bike,Part-time,4.27,Y
DP02629,1/9/2025,Vikas I,Ahmedabad,Bike,Full-time,4.4,Y
DP08136,12/31/2024,Vikas Q,Bengaluru,Scooter,Full-time,3.99,Y
DP03075,12/2/2024,Amit Z,Mumbai,Scooter,Full-time,4.01,Y
DP01051,1/4/2025,Suresh H,Hyderabad,Bike,Full-time,4.55,N
DP01714,12/28/2024,Vikas P,Bengaluru,Bike,Contract,4.61,Y
DP12908,12/22/2024,Amit J,Chennai,Bike,Full-time,4.14,N
DP06315,2/26/2025,Rakesh J,Bengaluru,Bike,Part-time,4.37,N
DP07344,1/9/2025,Shreya O,Ahmedabad,Bike,Contract,3.78,Y
DP07633,1/10/2025,Sneha Y,Mumbai,Scooter,Part-time,4.56,Y
DP04608,12/23/2024,Neha T,Ahmedabad,Bike,Full-time,4.12,Y
DP10576,1/8/2025,Ravi K,Bengaluru,Scooter,Full-time,4.45,Y
DP00966,12/14/2024,Sneha L,Mumbai,Bike,Full-time,3.88,N
DP09899,12/29/2024,Manoj Z,Delhi,Scooter,Part-time,4.47,Y
DP05383,1/5/2025,Meena N,Hyderabad,Scooter,Contract,4.75,Y
DP01461,1/7/2025,Santosh B,Delhi,Scooter,Part-time,4.21,Y
DP11336,1/8/2025,Nikhil P,Mumbai,Car,Part-time,4.06,Y
DP03702,12/18/2024,Ananya Q,Bengaluru,Bike,Full-time,4.2,Y
DP07890,1/7/2025,Kiran K,Bengaluru,Scooter,Part-time,3.53,Y
DP00492,1/7/2025,Neha A,Mumbai,Scooter,Part-time,3.77,Y
DP14157,1/9/2025,Amit V,Pune,Bike,Contract,4.02,Y
DP04487,1/12/2025,Santosh S,Ahmedabad,Scooter,Full-time,4.59,N
DP01039,1/5/2025,Manoj Y,Bengaluru,Cycle,Part-time,4.29,Y
DP02936,1/11/2025,Priya G,Pune,Bike,Part-time,3.77,Y
DP02576,1/5/2025,Neha U,Mumbai,Bike,Part-time,4.06,N
DP06484,1/12/2025,Santosh E,Pune,Scooter,Full-time,3.93,Y
DP11811,1/8/2025,Rahul F,Mumbai,Cycle,Contract,3.81,Y
DP02822,1/11/2025,Sneha B,Kolkata,Cycle,Full-time,4.51,Y
DP08969,12/28/2024,Rakesh Z,Mumbai,Bike,Full-time,3.94,Y
DP09700,1/6/2025,Manoj P,Bengaluru,Scooter,Full-time,3.77,Y
DP11397,1/1/2025,Vikas Y,Hyderabad,Scooter,Part-time,4.7,Y
DP10034,1/7/2025,Rahul S,Pune,Scooter,Part-time,4.64,Y
DP12169,1/10/2025,Meena S,Ahmedabad,Scooter,Full-time,4.34,Y
DP06164,1/3/2025,Sneha Z,Hyderabad,Bike,Full-time,3.95,Y
DP01460,1/8/2025,Pooja Y,Hyderabad,Scooter,Full-time,3.99,Y
DP00955,1/9/2025,Vikas Q,Bengaluru,Bike,Part-time,4.34,Y
DP13926,12/24/2024,Pooja K,Chennai,Scooter,Part-time,4.15,Y
DP01091,12/28/2024,Divya K,Delhi,Scooter,Contract,4.28,Y
DP06505,1/6/2025,Neha H,Pune,Scooter,Contract,4.07,Y
DP05430,1/8/2025,Ananya G,Mumbai,Bike,Contract,3.79,Y
DP00970,1/4/2025,Manoj H,Chennai,Bike,Contract,4.25,Y
DP07489,1/4/2025,Ravi O,Delhi,Cycle,Full-time,4.06,Y
DP13038,1/11/2025,Neha Z,Bengaluru,Cycle,Full-time,3.8,Y
DP10615,12/28/2024,Amit L,Ahmedabad,Scooter,Part-time,4.12,Y
DP06252,12/26/2024,Manoj N,Kolkata,Scooter,Full-time,4.42,Y
DP03241,12/29/2024,Divya X,Pune,Bike,Full-time,3.97,Y
DP06755,11/29/2024,Pooja U,Delhi,Cycle,Contract,4.55,Y
DP04239,12/9/2024,Neha O,Ahmedabad,Scooter,Part-time,4.45,N
DP00210,12/26/2024,Manoj T,Bengaluru,Cycle,Full-time,4.13,Y
DP00003,12/24/2024,Suresh I,Delhi,Cycle,Part-time,4.45,Y
DP03805,1/2/2025,Neha M,Bengaluru,Bike,Part-time,4.03,N
DP01547,1/2/2025,Priya K,Bengaluru,Scooter,Full-time,3.87,Y
DP09580,1/9/2025,Vikas G,Kolkata,Bike,Full-time,4.17,Y
DP06847,1/11/2025,Divya L,Mumbai,Bike,Part-time,3.83,Y
DP07241,1/2/2025,Suresh L,Delhi,Bike,Full-time,4.61,Y
DP09692,1/9/2025,Manoj N,Pune,Scooter,Full-time,4.2,Y
DP09737,1/2/2025,Deepak N,Kolkata,Scooter,Full-time,4.34,Y
DP10771,1/4/2025,Manoj F,Kolkata,Bike,Full-time,4.29,Y
DP04049,1/4/2025,Meena W,Pune,Scooter,Contract,4.37,Y
DP02098,12/18/2024,Neha A,Pune,Scooter,Part-time,4.43,Y
DP08430,1/3/2025,Shreya K,Kolkata,Cycle,Full-time,4.23,Y
DP00763,1/10/2025,Deepak H,Mumbai,Bike,Contract,4.63,Y
DP10574,12/25/2024,Kiran E,Kolkata,Bike,Full-time,4.36,Y
DP12408,1/11/2025,Deepak R,Kolkata,Cycle,Full-time,4.18,Y
DP12831,1/13/2025,Priya S,Hyderabad,Bike,Part-time,4.24,Y
DP14468,1/8/2025,Pooja S,Bengaluru,Scooter,Full-time,4.82,Y
DP13155,1/12/2025,Manoj V,Chennai,Bike,Full-time,4.48,Y
DP01825,1/8/2025,Divya C,Kolkata,Scooter,Full-time,3.84,Y
DP09526,1/2/2025,Shreya H,Hyderabad,Bike,Part-time,4.13,Y
DP07872,12/30/2024,Santosh G,Mumbai,Scooter,Part-time,4.13,Y
DP00774,1/8/2025,Sneha W,Mumbai,Bike,Full-time,4.29,N
DP09390,1/12/2025,Vikas E,Delhi,Bike,Part-time,4.25,Y
DP03416,12/29/2024,Suresh F,Delhi,Bike,Full-time,3.91,Y
DP08386,12/22/2024,Ravi W,Mumbai,Cycle,Full-time,3.73,Y
DP00567,1/8/2025,Suresh X,Bengaluru,Bike,Part-time,4.09,Y
DP04274,12/16/2024,Nikhil R,Mumbai,Scooter,Full-time,4.35,Y
DP09772,1/8/2025,Deepak X,Mumbai,Cycle,Full-time,4.32,Y
DP13895,1/2/2025,Rahul B,Ahmedabad,Bike,Part-time,4.35,Y
DP06747,12/20/2024,Deepak N,Bengaluru,Bike,Full-time,3.8,Y
DP13832,1/12/2025,Deepak H,Mumbai,Scooter,Contract,4.19,Y
DP08960,12/15/2024,Deepak X,Chennai,Scooter,Full-time,4.08,Y
DP01996,1/11/2025,Suresh D,Bengaluru,Bike,Full-time,3.9,Y
DP07248,1/3/2025,Santosh T,Pune,Bike,Part-time,4.19,Y
DP09550,1/6/2025,Divya L,Kolkata,Scooter,Part-time,4.09,N
DP00461,1/9/2025,Meena L,Delhi,Bike,Part-time,4.27,Y
DP07863,1/12/2025,Nikhil S,Chennai,Scooter,Part-time,4.15,N
DP08411,1/6/2025,Rahul G,Ahmedabad,Bike,Full-time,4.12,Y
DP00478,1/5/2025,Divya V,Bengaluru,Car,Part-time,4.15,Y
DP12928,12/24/2024,Nikhil X,Delhi,Cycle,Part-time,3.79,Y
DP11914,12/28/2024,Divya R,Mumbai,Scooter,Full-time,3.99,N
DP03975,1/10/2025,Suresh X,Delhi,Bike,Part-time,4.11,Y
DP05132,12/27/2024,Rahul B,Delhi,Cycle,Contract,4.17,Y
DP07933,1/2/2025,Nikhil G,Bengaluru,Scooter,Full-time,4.19,Y
DP12295,12/27/2024,Suresh C,Hyderabad,Cycle,Full-time,3.57,Y
DP06616,1/6/2025,Meena D,Pune,Bike,Part-time,4.05,Y
DP12534,1/9/2025,Manoj E,Mumbai,Bike,Full-time,3.92,Y
DP01419,1/6/2025,Arjun Q,Ahmedabad,Bike,Contract,4.66,Y
DP06921,1/11/2025,Suresh O,Delhi,Scooter,Contract,4.37,Y
DP06990,1/3/2025,Priya U,Ahmedabad,Scooter,Part-time,4.42,N
DP06257,1/9/2025,Amit X,Mumbai,Scooter,Full-time,3.96,Y
DP07778,1/10/2025,Neha V,Hyderabad,Scooter,Full-time,3.91,Y
DP10760,12/20/2024,Amit E,Ahmedabad,Bike,Full-time,4.29,Y
DP10957,1/8/2025,Vikas A,Kolkata,Scooter,Part-time,4.08,Y
DP10833,1/10/2025,Priya Y,Chennai,Bike,Contract,4.1,Y
DP02120,1/13/2025,Divya H,Bengaluru,Bike,Part-time,3.77,Y
DP11057,1/13/2025,Shreya M,Delhi,Bike,Full-time,4.32,Y
DP12692,1/8/2025,Manoj N,Hyderabad,Scooter,Full-time,4.04,Y
DP03063,1/10/2025,Vikas K,Bengaluru,Bike,Full-time,3.77,Y
DP14689,1/7/2025,Neha U,Hyderabad,Bike,Full-time,4.63,Y
DP02202,1/7/2025,Nikhil R,Delhi,Bike,Full-time,4.32,Y
DP02393,1/7/2025,Pooja X,Ahmedabad,Scooter,Full-time,3.77,Y
DP13204,12/30/2024,Ravi K,Ahmedabad,Car,Full-time,4.29,N
DP05235,1/6/2025,Amit A,Kolkata,Bike,Contract,3.93,Y
DP09474,12/29/2024,Meena A,Bengaluru,Bike,Part-time,4.3,Y
DP11206,1/10/2025,Neha O,Kolkata,Scooter,Full-time,4.33,Y
DP05545,12/26/2024,Suresh Z,Delhi,Bike,Full-time,4.1,Y
DP09668,1/12/2025,Nikhil I,Kolkata,Bike,Part-time,4.8,Y
DP10654,1/9/2025,Sneha K,Delhi,Bike,Full-time,4.09,Y
DP03712,1/16/2025,Nikhil E,Mumbai,Scooter,Part-time,4.08,Y
DP03912,1/6/2025,Divya K,Chennai,Cycle,Full-time,4.47,Y
DP06768,1/12/2025,Priya M,Pune,Bike,Part-time,4.46,N
DP00422,12/27/2024,Ravi W,Mumbai,Scooter,Full-time,4.71,Y
DP08628,1/4/2025,Nikhil G,Chennai,Cycle,Full-time,4.18,Y
DP14291,1/6/2025,Priya L,Bengaluru,Bike,Part-time,4.28,Y
DP01043,1/4/2025,Shreya D,Mumbai,Bike,Contract,4.51,N
DP14318,1/8/2025,Deepak E,Pune,Bike,Contract,4.12,Y
DP01331,1/6/2025,Santosh Z,Ahmedabad,Scooter,Contract,4.24,Y
DP14616,12/28/2024,Ananya A,Bengaluru,Scooter,Contract,4.15,Y
DP00130,1/6/2025,Rakesh R,Mumbai,Scooter,Full-time,4.21,Y
DP13739,1/10/2025,Deepak U,Mumbai,Cycle,Full-time,4.02,Y
DP14671,1/8/2025,Sneha S,Delhi,Cycle,Full-time,4.58,Y
DP06357,1/28/2025,Neha R,Chennai,Scooter,Full-time,3.82,Y
DP03403,12/13/2024,Rahul S,Bengaluru,Cycle,Full-time,3.8,Y
DP12879,12/25/2024,Ananya T,Delhi,Bike,Contract,3.93,Y
DP08584,12/12/2024,Deepak S,Chennai,Scooter,Full-time,4.54,Y
DP14041,12/21/2024,Neha P,Delhi,Cycle,Full-time,3.89,Y
DP11609,1/2/2025,Arjun R,Delhi,Scooter,Part-time,3.95,Y
DP05212,1/9/2025,Nikhil V,Kolkata,Scooter,Part-time,4.32,Y
DP03838,1/9/2025,Amit D,Mumbai,Bike,Full-time,4.44,Y
DP08439,1/6/2025,Priya E,Chennai,Bike,Full-time,3.62,Y
DP01761,12/29/2024,Pooja P,Hyderabad,Cycle,Part-time,3.92,Y
DP01513,12/20/2024,Shreya T,Hyderabad,Scooter,Part-time,4.31,Y
DP12441,1/2/2025,Santosh V,Chennai,Bike,Part-time,4.11,Y
DP14491,1/8/2025,Meena J,Bengaluru,Bike,Part-time,4.7,Y
DP14002,1/2/2025,Ananya A,Mumbai,Bike,Contract,4.06,Y
DP08872,1/5/2025,Sneha M,Hyderabad,Bike,Full-time,3.91,Y
DP07010,12/14/2024,Deepak T,Pune,Cycle,Full-time,4.4,Y
DP02900,12/22/2024,Manoj K,Pune,Bike,Part-time,4.55,Y
DP03697,12/24/2024,Suresh J,Bengaluru,Bike,Part-time,4.05,N
DP10512,12/28/2024,Suresh B,Mumbai,Scooter,Full-time,3.98,Y
DP04362,1/11/2025,Rahul Q,Chennai,Bike,Part-time,4.51,Y
DP13158,12/30/2024,Pooja Q,Ahmedabad,Scooter,Full-time,4.42,Y
DP08348,1/2/2025,Rahul K,Pune,Scooter,Full-time,4.63,Y
DP03938,1/10/2025,Meena B,Chennai,Cycle,Full-time,3.75,Y
DP01738,1/15/2025,Santosh Z,Bengaluru,Scooter,Full-time,4.5,Y
DP01764,1/12/2025,Vikas K,Pune,Car,Part-time,4.16,Y
DP02791,12/10/2024,Kiran I,Chennai,Bike,Full-time,4.37,Y
DP07981,1/3/2025,Kiran E,Ahmedabad,Scooter,Part-time,4.32,Y
DP03237,1/15/2025,Santosh S,Pune,Scooter,Part-time,4.32,Y
DP11580,1/7/2025,Santosh R,Mumbai,Bike,Full-time,4.03,Y
DP11174,12/20/2024,Vikas Z,Delhi,Bike,Part-time,4.83,Y
DP11791,1/12/2025,Pooja O,Bengaluru,Car,Full-time,4.68,Y
DP06952,12/15/2024,Pooja M,Mumbai,Cycle,Full-time,4.35,Y
DP04681,12/31/2024,Rahul N,Delhi,Scooter,Part-time,3.83,Y
DP14622,1/4/2025,Amit F,Bengaluru,Cycle,Contract,4.14,Y
DP07910,1/5/2025,Santosh V,Bengaluru,Cycle,Full-time,4.88,Y
DP06492,12/18/2024,Ananya N,Mumbai,Car,Full-time,3.76,Y
DP02785,1/12/2025,Ravi B,Chennai,Bike,Full-time,3.86,Y
DP01976,1/11/2025,Shreya L,Kolkata,Bike,Part-time,4.41,Y
DP05675,1/12/2025,Pooja I,Bengaluru,Cycle,Full-time,4.34,Y
DP01085,12/16/2024,Deepak D,Chennai,Car,Full-time,4.12,Y
DP12086,1/8/2025,Vikas X,Chennai,Bike,Full-time,4.24,Y
DP13480,1/3/2025,Priya C,Bengaluru,Scooter,Contract,4.53,Y
DP10974,12/30/2024,Santosh S,Bengaluru,Bike,Full-time,4.56,Y
DP09354,12/25/2024,Suresh W,Delhi,Cycle,Part-time,4.51,N
DP03500,1/3/2025,Pooja S,Chennai,Scooter,Part-time,4.4,Y
DP08861,12/25/2024,Vikas Y,Delhi,Scooter,Contract,3.84,Y
DP11645,1/8/2025,Ananya D,Hyderabad,Bike,Full-time,4.47,Y
DP02561,12/29/2024,Arjun N,Ahmedabad,Scooter,Part-time,4.45,N
DP07604,1/11/2025,Rakesh D,Delhi,Scooter,Full-time,4.36,Y
DP14727,12/27/2024,Vikas F,Bengaluru,Cycle,Full-time,4.46,Y
DP06663,1/16/2025,Rahul C,Kolkata,Bike,Contract,4.63,Y
DP14514,12/22/2024,Priya N,Delhi,Scooter,Part-time,4.59,Y
DP06820,1/12/2025,Ananya Q,Chennai,Bike,Part-time,4.09,Y
DP05756,1/6/2025,Arjun V,Pune,Scooter,Full-time,3.64,Y
DP05596,1/11/2025,Nikhil Q,Mumbai,Scooter,Full-time,4.25,Y
DP01262,12/11/2024,Kiran Q,Bengaluru,Car,Full-time,4.63,Y
DP01447,1/11/2025,Sneha V,Bengaluru,Car,Part-time,4.16,Y
DP08793,1/9/2025,Ananya K,Delhi,Bike,Part-time,4.23,Y
DP07699,12/22/2024,Pooja P,Mumbai,Car,Contract,4.11,Y
DP12053,1/5/2025,Rahul C,Delhi,Scooter,Full-time,3.83,Y
DP02477,12/31/2024,Suresh P,Pune,Bike,Part-time,3.72,N
DP09497,12/22/2024,Rahul A,Mumbai,Car,Contract,3.98,Y
DP01885,1/5/2025,Suresh N,Chennai,Scooter,Contract,4.28,N
DP10215,12/24/2024,Amit J,Delhi,Bike,Contract,4.4,Y
DP01563,1/1/2025,Vikas R,Ahmedabad,Cycle,Part-time,3.81,N
DP07893,12/31/2024,Vikas S,Bengaluru,Bike,Part-time,3.92,Y
DP14009,12/1/2024,Priya U,Pune,Scooter,Contract,4.07,Y
DP04026,1/13/2025,Priya K,Hyderabad,Bike,Contract,4.31,Y
DP13922,12/31/2024,Vikas R,Chennai,Bike,Contract,4.31,Y
DP11249,1/4/2025,Santosh X,Delhi,Scooter,Full-time,3.97,Y
DP08691,1/3/2025,Rahul I,Mumbai,Bike,Full-time,4.73,N
DP10798,12/23/2024,Deepak M,Mumbai,Bike,Contract,4.3,Y
DP01897,12/14/2024,Divya J,Pune,Bike,Contract,3.47,Y
DP07951,12/26/2024,Shreya Z,Delhi,Cycle,Contract,3.91,Y
DP05599,1/5/2025,Meena B,Bengaluru,Bike,Full-time,4.15,Y
DP08738,1/5/2025,Ravi O,Chennai,Bike,Contract,4.33,N
DP10382,1/11/2025,Rahul U,Bengaluru,Scooter,Full-time,4.53,Y
DP05133,1/11/2025,Kiran M,Hyderabad,Bike,Part-time,4.21,N
DP08196,1/2/2025,Meena D,Bengaluru,Scooter,Full-time,4.47,Y
DP03944,1/5/2025,Priya Y,Bengaluru,Scooter,Full-time,4.4,Y
DP02772,12/18/2024,Sneha S,Kolkata,Scooter,Full-time,4.34,Y
DP13367,1/5/2025,Santosh C,Delhi,Bike,Contract,4.3,Y
DP08103,1/11/2025,Divya I,Pune,Bike,Full-time,4.33,Y
DP13011,12/23/2024,Deepak R,Delhi,Bike,Full-time,3.71,Y
DP05989,1/11/2025,Kiran U,Hyderabad,Cycle,Full-time,4.52,Y
DP08664,12/30/2024,Kiran S,Bengaluru,Bike,Part-time,4.19,Y
DP05733,12/19/2024,Divya B,Bengaluru,Bike,Full-time,3.9,Y
DP02696,12/27/2024,Meena W,Bengaluru,Cycle,Contract,4.42,Y
DP12470,1/21/2025,Vikas H,Delhi,Bike,Full-time,4.03,Y
DP00919,1/11/2025,Suresh I,Bengaluru,Cycle,Full-time,3.64,Y
DP12576,1/3/2025,Kiran P,Chennai,Car,Part-time,4.25,Y
DP06890,12/15/2024,Divya W,Pune,Bike,Full-time,4.35,Y
DP03084,12/16/2024,Amit D,Hyderabad,Bike,Part-time,4.09,Y
DP14466,12/26/2024,Vikas C,Kolkata,Bike,Full-time,4.15,Y
DP08874,12/23/2024,Priya M,Hyderabad,Scooter,Part-time,4.5,Y
DP13588,12/21/2024,Deepak P,Ahmedabad,Bike,Full-time,4.86,N
DP11130,12/25/2024,Vikas A,Delhi,Scooter,Part-time,4.23,Y
DP02387,1/5/2025,Pooja L,Bengaluru,Cycle,Part-time,4.38,Y
DP10571,1/7/2025,Kiran D,Chennai,Bike,Full-time,3.85,Y
DP13365,1/8/2025,Kiran I,Bengaluru,Car,Contract,3.83,Y
DP05327,1/12/2025,Sneha P,Pune,Scooter,Part-time,4.76,Y
DP12301,1/4/2025,Meena A,Bengaluru,Car,Part-time,4.24,Y
DP09788,1/10/2025,Priya A,Chennai,Scooter,Full-time,4.2,Y
DP07960,12/29/2024,Priya X,Mumbai,Bike,Full-time,4.72,Y
DP14375,1/4/2025,Vikas W,Bengaluru,Bike,Contract,4.06,Y
DP13174,1/2/2025,Divya F,Hyderabad,Bike,Part-time,3.95,Y
DP12849,1/8/2025,Deepak U,Pune,Car,Full-time,3.82,Y
DP03140,1/9/2025,Santosh Q,Hyderabad,Car,Part-time,4.37,Y
DP05016,1/11/2025,Shreya M,Bengaluru,Cycle,Full-time,3.79,Y
DP12183,1/9/2025,Pooja R,Bengaluru,Bike,Part-time,4.17,Y
DP04060,12/14/2024,Pooja X,Mumbai,Bike,Part-time,4.19,Y
DP03053,12/19/2024,Suresh R,Kolkata,Scooter,Part-time,3.77,Y
DP01311,1/6/2025,Kiran C,Mumbai,Cycle,Part-time,4.42,Y
DP05867,1/13/2025,Rahul L,Chennai,Cycle,Full-time,4,Y
DP14795,1/6/2025,Pooja M,Bengaluru,Bike,Part-time,4.56,Y
DP06276,1/7/2025,Ravi O,Bengaluru,Bike,Full-time,4.44,Y
DP09157,1/4/2025,Meena L,Ahmedabad,Scooter,Full-time,4.95,Y
DP08614,12/29/2024,Rahul M,Chennai,Cycle,Full-time,3.66,Y
DP07325,12/26/2024,Nikhil G,Bengaluru,Cycle,Full-time,4.02,Y
DP07311,1/13/2025,Sneha Z,Ahmedabad,Bike,Part-time,4.95,Y
DP09856,1/9/2025,Suresh A,Kolkata,Bike,Contract,4.05,Y
DP14941,12/30/2024,Santosh G,Delhi,Scooter,Full-time,3.97,Y
DP07654,1/9/2025,Nikhil I,Mumbai,Scooter,Full-time,4.61,Y
DP04958,1/12/2025,Santosh N,Pune,Bike,Full-time,4.38,Y
DP00844,1/5/2025,Sneha M,Bengaluru,Scooter,Full-time,4.3,Y
DP08686,12/30/2024,Shreya Q,Chennai,Cycle,Full-time,4.51,Y
DP01848,1/6/2025,Neha C,Kolkata,Scooter,Part-time,4.45,Y
DP04054,1/7/2025,Rakesh Z,Ahmedabad,Car,Contract,4.21,Y
DP00279,12/22/2024,Priya M,Bengaluru,Scooter,Part-time,3.92,Y
DP04754,1/3/2025,Divya Q,Bengaluru,Car,Full-time,4.74,Y
DP03176,1/10/2025,Rakesh F,Bengaluru,Scooter,Part-time,4.75,Y
DP07110,12/26/2024,Ravi H,Delhi,Bike,Contract,4.5,N
DP11569,1/11/2025,Divya E,Mumbai,Scooter,Part-time,4.03,Y
DP03484,1/13/2025,Divya S,Delhi,Scooter,Contract,4.05,Y
DP10447,12/24/2024,Priya C,Hyderabad,Cycle,Full-time,4.02,Y
DP04665,1/12/2025,Rakesh C,Chennai,Bike,Full-time,4.11,Y
DP05433,12/25/2024,Vikas U,Hyderabad,Bike,Contract,3.89,Y
DP02733,12/26/2024,Divya F,Bengaluru,Scooter,Contract,3.84,Y
DP14151,12/14/2024,Rakesh F,Pune,Bike,Part-time,3.94,Y
DP01777,1/5/2025,Suresh Q,Ahmedabad,Cycle,Part-time,3.69,Y
DP04794,1/10/2025,Vikas H,Bengaluru,Bike,Contract,3.96,Y
DP00680,1/10/2025,Vikas K,Hyderabad,Scooter,Contract,4.65,Y
DP12279,12/30/2024,Arjun O,Bengaluru,Cycle,Full-time,4.25,Y
DP07643,1/10/2025,Kiran K,Ahmedabad,Scooter,Contract,4.22,Y
DP03542,1/5/2025,Kiran X,Bengaluru,Cycle,Part-time,4.86,Y
DP07755,1/11/2025,Amit W,Bengaluru,Scooter,Full-time,3.73,Y
DP12946,1/10/2025,Meena P,Hyderabad,Scooter,Full-time,4.44,N
DP10208,12/29/2024,Sneha M,Bengaluru,Scooter,Part-time,3.91,N
DP09664,1/5/2025,Manoj E,Ahmedabad,Cycle,Full-time,4.07,Y
DP12368,1/5/2025,Nikhil Z,Hyderabad,Scooter,Part-time,4.51,Y
DP08147,1/6/2025,Ravi X,Mumbai,Bike,Contract,3.9,N
DP12606,1/7/2025,Arjun U,Ahmedabad,Bike,Full-time,3.77,Y
DP13041,1/8/2025,Manoj H,Chennai,Bike,Full-time,4.36,Y
DP11317,1/4/2025,Shreya R,Bengaluru,Scooter,Part-time,4.14,Y
DP02723,1/9/2025,Vikas T,Hyderabad,Scooter,Full-time,4.43,Y
DP06342,12/20/2024,Manoj P,Ahmedabad,Cycle,Full-time,4.19,Y
DP00751,1/4/2025,Manoj H,Delhi,Scooter,Full-time,3.82,Y
DP06984,1/8/2025,Santosh I,Delhi,Bike,Full-time,4.05,Y
DP09164,2/13/2025,Arjun Z,Bengaluru,Cycle,Full-time,3.9,Y
DP01416,1/5/2025,Suresh P,Chennai,Scooter,Full-time,3.57,Y
DP14343,1/6/2025,Vikas M,Chennai,Cycle,Full-time,3.7,N
DP09983,1/7/2025,Divya J,Pune,Cycle,Part-time,4.74,Y
DP13615,12/31/2024,Shreya I,Hyderabad,Bike,Part-time,4.1,Y
DP03543,12/5/2024,Rakesh H,Pune,Scooter,Full-time,3.89,Y
DP14827,1/16/2025,Suresh L,Mumbai,Bike,Contract,4.41,N
DP14693,1/4/2025,Priya J,Mumbai,Scooter,Part-time,4.15,Y
DP07132,1/5/2025,Arjun D,Delhi,Bike,Full-time,4.55,Y
DP05451,1/28/2025,Deepak V,Delhi,Cycle,Part-time,4.37,Y
DP09776,12/23/2024,Santosh D,Kolkata,Bike,Full-time,3.9,Y
DP03009,12/27/2024,Amit M,Chennai,Bike,Contract,4.05,Y
DP14259,12/26/2024,Meena L,Hyderabad,Car,Full-time,3.64,Y
DP04288,1/16/2025,Arjun K,Pune,Bike,Part-time,4.06,Y
DP02407,1/5/2025,Rahul E,Pune,Bike,Part-time,4.12,Y
DP04527,1/5/2025,Rakesh P,Kolkata,Bike,Full-time,4.67,Y
DP00353,1/7/2025,Shreya A,Ahmedabad,Bike,Full-time,4.53,Y
DP04887,12/30/2024,Ravi H,Delhi,Bike,Full-time,3.94,Y
DP08175,1/12/2025,Vikas A,Bengaluru,Cycle,Full-time,4.33,Y
DP03287,12/24/2024,Meena W,Hyderabad,Cycle,Full-time,4.44,Y
DP05865,12/31/2024,Meena N,Bengaluru,Car,Contract,3.68,Y
DP13139,1/30/2025,Arjun H,Ahmedabad,Bike,Contract,4.57,Y
DP04897,1/7/2025,Deepak S,Chennai,Bike,Full-time,4.43,Y
DP08921,12/31/2024,Manoj W,Kolkata,Cycle,Part-time,3.83,Y
DP08928,1/7/2025,Vikas A,Hyderabad,Scooter,Full-time,4.12,Y
DP00113,1/6/2025,Suresh N,Delhi,Cycle,Part-time,3.89,Y
DP06564,1/7/2025,Manoj S,Hyderabad,Scooter,Full-time,4.2,Y
DP05691,1/7/2025,Santosh T,Mumbai,Scooter,Full-time,4.28,Y
DP00306,12/18/2024,Meena V,Mumbai,Bike,Full-time,4.14,Y
DP14662,12/24/2024,Arjun R,Ahmedabad,Scooter,Full-time,4.07,Y
DP14637,1/4/2025,Pooja S,Chennai,Cycle,Full-time,3.8,Y
DP09022,12/31/2024,Manoj D,Ahmedabad,Cycle,Full-time,4.49,N
DP00784,1/9/2025,Priya C,Bengaluru,Bike,Contract,3.67,Y
DP08434,1/6/2025,Sneha F,Chennai,Cycle,Full-time,3.9,N
DP10334,1/5/2025,Meena J,Hyderabad,Scooter,Part-time,4.21,Y
DP07650,1/12/2025,Ravi V,Kolkata,Bike,Full-time,3.42,Y
DP08016,1/1/2025,Santosh X,Mumbai,Scooter,Full-time,4.38,Y
DP13631,12/14/2024,Priya L,Hyderabad,Cycle,Full-time,4.16,Y
DP11824,12/20/2024,Manoj R,Mumbai,Scooter,Contract,4.26,Y
DP01040,12/18/2024,Sneha S,Ahmedabad,Scooter,Part-time,4.26,N
DP01452,1/7/2025,Rakesh Y,Delhi,Bike,Part-time,4.16,Y
DP00441,1/5/2025,Ananya W,Delhi,Scooter,Part-time,4.31,Y
DP10746,1/2/2025,Rakesh P,Hyderabad,Scooter,Full-time,3.99,Y
DP08966,1/20/2025,Kiran D,Hyderabad,Bike,Contract,3.86,Y
DP03034,1/9/2025,Meena K,Chennai,Bike,Contract,4.52,Y
DP01988,12/20/2024,Amit L,Delhi,Bike,Contract,4.02,Y
DP11658,2/6/2025,Manoj A,Bengaluru,Bike,Full-time,4.1,Y
DP04953,1/10/2025,Sneha Q,Hyderabad,Scooter,Full-time,3.91,Y
DP03562,1/6/2025,Rakesh I,Chennai,Scooter,Full-time,4.42,Y
DP01524,1/11/2025,Pooja K,Bengaluru,Bike,Full-time,3.83,Y
DP04878,1/13/2025,Priya F,Ahmedabad,Scooter,Full-time,4.37,Y
DP08675,1/12/2025,Santosh C,Pune,Cycle,Full-time,4.03,N
DP08621,1/6/2025,Divya X,Hyderabad,Scooter,Contract,4.38,Y
DP01720,12/29/2024,Priya H,Pune,Bike,Full-time,4.03,Y
DP02344,1/5/2025,Vikas Y,Chennai,Bike,Full-time,3.7,Y
DP14975,12/13/2024,Shreya T,Ahmedabad,Bike,Full-time,4.89,Y
DP07557,1/1/2025,Vikas R,Delhi,Cycle,Part-time,4.35,Y
DP09189,1/9/2025,Nikhil Y,Hyderabad,Bike,Full-time,4.49,Y
DP05919,1/8/2025,Neha B,Bengaluru,Bike,Part-time,4.02,Y
DP03426,12/7/2024,Sneha C,Bengaluru,Car,Full-time,4.32,Y
DP02402,1/3/2025,Arjun F,Pune,Bike,Full-time,4.12,N
DP06799,1/11/2025,Meena X,Pune,Bike,Full-time,4.2,Y
DP04303,1/10/2025,Priya K,Bengaluru,Bike,Full-time,4.12,Y
DP13055,1/3/2025,Deepak N,Chennai,Scooter,Full-time,4.13,Y
DP11076,1/12/2025,Nikhil X,Delhi,Cycle,Contract,4.07,N
DP03135,1/9/2025,Sneha Z,Pune,Cycle,Full-time,4.74,Y
DP10835,12/13/2024,Deepak I,Bengaluru,Bike,Contract,3.88,Y
DP05683,1/1/2025,Deepak Z,Kolkata,Scooter,Part-time,4.3,Y
DP02209,12/28/2024,Divya P,Bengaluru,Scooter,Contract,4.15,Y
DP01830,12/29/2024,Vikas L,Bengaluru,Bike,Full-time,4.09,Y
DP05174,12/28/2024,Vikas A,Mumbai,Scooter,Full-time,3.4,Y
DP05581,1/6/2025,Manoj F,Bengaluru,Bike,Part-time,3.8,Y
DP11680,12/23/2024,Nikhil P,Bengaluru,Bike,Full-time,4.59,Y
DP06974,1/10/2025,Amit V,Pune,Scooter,Full-time,4.2,Y
DP13521,1/8/2025,Neha C,Delhi,Bike,Full-time,3.93,Y
DP02383,12/26/2024,Kiran O,Mumbai,Scooter,Full-time,4.4,Y
DP14638,12/17/2024,Suresh U,Pune,Scooter,Full-time,4.5,Y
DP06016,12/23/2024,Neha N,Mumbai,Cycle,Full-time,3.91,Y
DP13014,1/8/2025,Arjun O,Ahmedabad,Bike,Full-time,4.63,Y
DP06226,1/7/2025,Amit X,Bengaluru,Bike,Contract,4.04,Y
DP07628,12/29/2024,Rahul L,Bengaluru,Scooter,Part-time,4.03,Y
DP10133,12/24/2024,Ananya K,Kolkata,Bike,Part-time,4.04,N
DP14347,1/6/2025,Nikhil U,Kolkata,Cycle,Part-time,3.69,Y
DP02258,12/27/2024,Priya O,Ahmedabad,Scooter,Part-time,4.71,Y
DP03244,12/24/2024,Ravi C,Bengaluru,Scooter,Full-time,3.91,Y
DP10122,12/26/2024,Ravi M,Delhi,Scooter,Full-time,3.97,Y
DP06660,1/24/2025,Divya G,Ahmedabad,Bike,Full-time,4.02,Y
DP02105,12/23/2024,Kiran Z,Mumbai,Cycle,Part-time,3.94,Y
DP06731,12/24/2024,Nikhil B,Bengaluru,Bike,Full-time,4.4,Y
DP01568,1/10/2025,Rahul C,Bengaluru,Cycle,Part-time,4.33,Y
DP01061,1/13/2025,Manoj B,Delhi,Scooter,Contract,4.02,N
DP03598,1/5/2025,Sneha O,Pune,Bike,Full-time,3.65,Y
DP10319,1/12/2025,Kiran O,Kolkata,Scooter,Contract,4.45,Y
DP08887,1/6/2025,Ananya X,Chennai,Scooter,Full-time,4.31,N
DP09893,12/28/2024,Ravi D,Chennai,Bike,Part-time,4.02,Y
DP02456,1/10/2025,Suresh Z,Bengaluru,Car,Part-time,3.7,Y
DP04703,1/7/2025,Kiran V,Kolkata,Scooter,Full-time,3.97,Y
DP04791,12/19/2024,Ravi J,Bengaluru,Scooter,Full-time,3.97,Y
DP07690,1/13/2025,Kiran Q,Delhi,Bike,Full-time,3.6,Y
DP07298,1/12/2025,Ravi X,Hyderabad,Bike,Full-time,4.26,Y
DP06651,12/30/2024,Arjun F,Bengaluru,Cycle,Full-time,3.68,Y
DP05046,1/12/2025,Rahul W,Bengaluru,Scooter,Contract,4.61,N
DP07547,1/10/2025,Kiran D,Mumbai,Scooter,Full-time,4.09,N
DP07514,2/4/2025,Ravi J,Bengaluru,Scooter,Full-time,4.43,Y
DP08104,12/17/2024,Meena X,Delhi,Bike,Full-time,4.14,N
DP05040,12/30/2024,Rahul H,Bengaluru,Car,Full-time,4.03,Y
DP04518,12/26/2024,Arjun O,Delhi,Bike,Full-time,4.12,Y
DP02869,1/7/2025,Santosh F,Pune,Scooter,Contract,4.52,Y
DP14147,1/13/2025,Shreya U,Pune,Cycle,Contract,4.9,Y
DP12090,12/14/2024,Priya R,Delhi,Scooter,Contract,3.95,Y
DP10448,1/1/2025,Divya R,Hyderabad,Scooter,Part-time,4.02,Y
DP01213,1/7/2025,Shreya P,Mumbai,Scooter,Full-time,4.35,Y
DP01627,1/10/2025,Kiran O,Delhi,Scooter,Part-time,4.24,Y
DP11129,12/30/2024,Sneha Z,Bengaluru,Bike,Full-time,4.35,Y
DP12899,1/4/2025,Vikas G,Bengaluru,Bike,Contract,4.63,Y
DP11170,1/5/2025,Arjun Q,Pune,Bike,Part-time,4.23,Y
DP04036,1/5/2025,Divya R,Bengaluru,Scooter,Contract,3.53,Y
DP05063,1/6/2025,Suresh U,Mumbai,Bike,Full-time,4.25,Y
DP14221,1/10/2025,Ananya G,Mumbai,Bike,Full-time,3.73,Y
DP06503,12/26/2024,Vikas H,Bengaluru,Scooter,Full-time,4.22,Y
DP02039,1/7/2025,Arjun P,Hyderabad,Scooter,Contract,4,Y
DP08815,1/10/2025,Manoj J,Chennai,Bike,Full-time,4.7,Y
DP03718,1/11/2025,Suresh F,Hyderabad,Scooter,Full-time,4.27,Y
DP04331,12/28/2024,Rahul Z,Bengaluru,Scooter,Part-time,4.68,Y
DP11686,12/31/2024,Amit K,Bengaluru,Car,Part-time,4.82,Y
DP14435,1/12/2025,Deepak R,Delhi,Bike,Contract,3.95,Y
DP06083,1/12/2025,Amit Q,Kolkata,Bike,Contract,4.01,Y
DP13820,12/19/2024,Santosh Y,Pune,Cycle,Part-time,4.23,Y
DP11251,1/8/2025,Suresh M,Bengaluru,Bike,Full-time,4.02,Y
DP02857,1/6/2025,Vikas Y,Mumbai,Car,Full-time,4.08,Y
DP02638,1/6/2025,Kiran K,Mumbai,Scooter,Part-time,3.74,Y
DP10996,1/1/2025,Ananya I,Mumbai,Bike,Full-time,4.85,Y
DP06451,12/24/2024,Suresh Y,Ahmedabad,Bike,Part-time,4.89,Y
DP02934,1/3/2025,Amit R,Bengaluru,Scooter,Full-time,4.36,Y
DP01241,1/7/2025,Priya S,Hyderabad,Bike,Full-time,3.51,Y
DP01718,1/6/2025,Manoj X,Delhi,Bike,Full-time,4.25,Y
DP01536,1/11/2025,Amit G,Delhi,Cycle,Contract,4.4,Y
DP04872,1/7/2025,Neha A,Delhi,Cycle,Part-time,3.82,N
DP14114,12/28/2024,Arjun P,Pune,Bike,Full-time,4.01,Y
DP05886,12/29/2024,Vikas I,Mumbai,Bike,Full-time,4.49,Y
DP02787,12/31/2024,Santosh R,Bengaluru,Scooter,Contract,3.72,Y
DP14955,12/28/2024,Manoj L,Chennai,Scooter,Part-time,4.48,Y
DP09826,1/7/2025,Shreya S,Ahmedabad,Scooter,Part-time,4.25,Y
DP08287,1/10/2025,Manoj U,Mumbai,Bike,Contract,4.17,Y
DP12666,1/9/2025,Vikas H,Ahmedabad,Scooter,Full-time,3.91,Y
DP02249,12/24/2024,Amit H,Hyderabad,Bike,Part-time,4.15,Y
DP08762,1/12/2025,Suresh A,Mumbai,Cycle,Contract,4.22,N
DP14047,1/7/2025,Meena T,Bengaluru,Cycle,Full-time,4.67,Y
DP13778,1/5/2025,Nikhil J,Pune,Scooter,Full-time,4.3,Y
DP06163,1/5/2025,Nikhil C,Bengaluru,Scooter,Full-time,3.86,Y
DP13224,1/3/2025,Meena B,Pune,Scooter,Contract,4.21,Y
DP13788,1/1/2025,Vikas X,Mumbai,Scooter,Part-time,4.02,Y
DP02252,1/12/2025,Santosh F,Bengaluru,Cycle,Full-time,4.65,Y
DP03877,1/7/2025,Amit Q,Ahmedabad,Bike,Full-time,4.3,Y
DP02605,1/12/2025,Sneha V,Delhi,Bike,Full-time,4.36,Y
DP07347,1/7/2025,Shreya X,Kolkata,Scooter,Full-time,4.12,Y
DP08804,12/9/2024,Vikas H,Bengaluru,Cycle,Part-time,3.92,N
DP06272,1/2/2025,Suresh P,Delhi,Scooter,Full-time,4.16,N
DP01013,1/3/2025,Deepak U,Chennai,Bike,Contract,3.64,Y
DP05508,12/7/2024,Meena I,Bengaluru,Cycle,Contract,4.2,Y
DP14038,12/13/2024,Arjun O,Delhi,Bike,Contract,4.29,Y
DP13146,1/4/2025,Rakesh C,Hyderabad,Bike,Full-time,4.69,Y
DP10037,1/4/2025,Arjun I,Delhi,Scooter,Contract,4.08,Y
DP10267,12/27/2024,Rahul K,Delhi,Bike,Full-time,3.98,Y
DP12350,12/14/2024,Sneha Y,Bengaluru,Scooter,Full-time,4.22,Y
DP00884,1/7/2025,Divya K,Bengaluru,Bike,Part-time,4.31,Y
DP08764,1/6/2025,Rakesh M,Chennai,Scooter,Part-time,4.42,N
DP12607,1/10/2025,Deepak I,Kolkata,Cycle,Full-time,4.41,Y
DP14716,1/1/2025,Ananya X,Hyderabad,Cycle,Full-time,3.84,Y
DP14489,12/22/2024,Nikhil F,Bengaluru,Scooter,Contract,4.15,Y
DP10053,1/6/2025,Nikhil M,Hyderabad,Bike,Contract,4.09,Y
DP13881,1/9/2025,Kiran Z,Kolkata,Scooter,Part-time,4.67,N
DP04966,12/15/2024,Shreya G,Kolkata,Bike,Contract,3.83,Y
DP14771,1/8/2025,Meena X,Bengaluru,Bike,Full-time,3.92,Y
DP06569,1/3/2025,Vikas F,Delhi,Bike,Part-time,3.97,Y
DP02685,1/6/2025,Santosh T,Delhi,Bike,Part-time,4.59,Y
DP08771,1/5/2025,Rahul W,Kolkata,Scooter,Part-time,4.24,Y
DP00800,1/9/2025,Priya C,Chennai,Scooter,Contract,3.88,Y
DP13589,1/2/2025,Neha G,Bengaluru,Cycle,Full-time,3.9,Y
DP11596,1/4/2025,Suresh C,Pune,Scooter,Part-time,4.24,Y
DP09175,1/12/2025,Vikas E,Mumbai,Scooter,Contract,4.29,Y
DP10601,1/8/2025,Priya D,Pune,Scooter,Part-time,4.27,Y
DP04459,1/8/2025,Arjun X,Mumbai,Scooter,Full-time,3.91,Y
DP04499,1/9/2025,Kiran D,Delhi,Bike,Contract,4.48,Y
DP08913,1/3/2025,Deepak X,Bengaluru,Cycle,Full-time,4.54,Y
DP00186,1/9/2025,Ananya B,Delhi,Cycle,Full-time,4.24,Y
DP13750,1/10/2025,Deepak E,Hyderabad,Car,Part-time,3.84,Y
DP00122,1/11/2025,Neha C,Chennai,Bike,Full-time,4.35,N
DP11595,1/19/2025,Santosh Q,Bengaluru,Bike,Full-time,4.16,Y
DP03518,12/27/2024,Priya G,Mumbai,Scooter,Contract,4.11,N
DP06130,1/20/2025,Santosh F,Ahmedabad,Cycle,Part-time,4.25,Y
DP00470,1/8/2025,Kiran H,Bengaluru,Bike,Full-time,3.88,Y
DP07697,1/9/2025,Kiran C,Mumbai,Scooter,Full-time,4.19,Y
DP06396,1/8/2025,Neha P,Mumbai,Cycle,Full-time,4.29,Y
DP08756,12/21/2024,Meena J,Bengaluru,Cycle,Part-time,3.83,Y
DP02211,1/7/2025,Kiran B,Ahmedabad,Cycle,Part-time,3.85,Y
DP02830,1/8/2025,Pooja E,Kolkata,Scooter,Contract,3.98,Y
DP11973,1/3/2025,Rakesh V,Chennai,Scooter,Full-time,4.03,Y
DP01439,1/9/2025,Manoj U,Ahmedabad,Bike,Full-time,3.69,Y
DP13943,1/3/2025,Pooja O,Mumbai,Car,Full-time,4.13,N
DP00827,3/12/2025,Rahul Q,Bengaluru,Bike,Full-time,3.94,Y
DP04834,1/3/2025,Suresh W,Mumbai,Scooter,Contract,4.02,N
DP06783,12/8/2024,Divya T,Hyderabad,Scooter,Full-time,4.55,N
DP08443,1/10/2025,Ananya K,Bengaluru,Bike,Contract,4.25,Y
DP11190,1/15/2025,Nikhil G,Hyderabad,Cycle,Contract,4.05,Y
DP11591,12/31/2024,Rakesh H,Hyderabad,Scooter,Full-time,4.19,Y
DP02624,12/23/2024,Amit O,Bengaluru,Scooter,Part-time,4.27,Y
DP04275,1/4/2025,Rahul J,Hyderabad,Bike,Full-time,4.29,Y
DP01632,1/5/2025,Amit J,Delhi,Bike,Full-time,3.95,Y
DP09084,12/30/2024,Santosh S,Ahmedabad,Bike,Full-time,3.96,Y
DP11699,1/1/2025,Manoj C,Pune,Bike,Contract,4.01,Y
DP01265,1/12/2025,Shreya H,Chennai,Scooter,Full-time,3.84,Y
DP06386,1/7/2025,Priya R,Hyderabad,Scooter,Full-time,4.46,Y
DP13399,1/8/2025,Vikas M,Hyderabad,Bike,Part-time,4.7,N
DP03884,1/17/2025,Ananya U,Bengaluru,Scooter,Contract,4.05,Y
DP00905,1/1/2025,Priya B,Kolkata,Scooter,Full-time,4.44,Y
DP03105,12/17/2024,Divya W,Chennai,Bike,Full-time,4.14,Y
DP02131,12/27/2024,Shreya O,Hyderabad,Scooter,Full-time,4.47,Y
DP00785,1/11/2025,Rahul B,Kolkata,Scooter,Contract,4.15,Y
DP00614,1/24/2025,Manoj T,Delhi,Scooter,Part-time,4.42,Y
DP11894,1/10/2025,Meena A,Delhi,Scooter,Full-time,4.64,Y
DP06114,1/8/2025,Rakesh A,Pune,Cycle,Full-time,4.02,Y
DP01734,12/26/2024,Deepak B,Delhi,Bike,Contract,3.93,Y
DP12027,1/12/2025,Priya Z,Bengaluru,Bike,Full-time,3.83,Y
DP11268,1/14/2025,Vikas H,Delhi,Car,Part-time,4.42,Y
DP02761,1/3/2025,Nikhil T,Bengaluru,Cycle,Full-time,4.53,Y
DP12429,1/13/2025,Deepak R,Bengaluru,Bike,Full-time,4.56,Y
DP10478,12/13/2024,Meena I,Bengaluru,Scooter,Full-time,4.24,Y
DP06318,1/14/2025,Sneha Q,Chennai,Scooter,Part-time,3.92,Y
DP05507,1/11/2025,Suresh T,Chennai,Bike,Full-time,4.24,Y
DP12275,1/10/2025,Rahul X,Kolkata,Scooter,Full-time,4.39,Y
DP05860,1/12/2025,Suresh Z,Hyderabad,Car,Part-time,4.42,Y
DP14863,1/9/2025,Rahul D,Bengaluru,Bike,Contract,4.33,N
DP11052,1/7/2025,Priya E,Bengaluru,Bike,Part-time,4.47,Y
DP14135,1/5/2025,Arjun D,Ahmedabad,Bike,Contract,4.64,N
DP04793,1/9/2025,Kiran R,Mumbai,Bike,Full-time,4.45,Y
DP11962,1/2/2025,Meena V,Bengaluru,Bike,Part-time,4.42,Y
DP10134,12/26/2024,Santosh Q,Bengaluru,Scooter,Part-time,4.56,N
DP02764,1/3/2025,Arjun C,Kolkata,Scooter,Part-time,3.76,N
DP00014,1/13/2025,Rahul O,Mumbai,Scooter,Contract,3.8,Y
DP14510,1/8/2025,Ravi W,Kolkata,Bike,Full-time,4.18,Y
DP14916,1/13/2025,Amit X,Bengaluru,Scooter,Full-time,4.26,Y
DP05230,1/13/2025,Ravi M,Ahmedabad,Scooter,Contract,4.13,Y
DP01841,1/1/2025,Nikhil P,Delhi,Scooter,Full-time,4.4,Y
DP07400,12/28/2024,Manoj N,Chennai,Bike,Part-time,4.05,Y
DP00222,1/8/2025,Meena T,Bengaluru,Car,Part-time,4.53,Y
DP03772,1/3/2025,Amit Y,Kolkata,Bike,Part-time,4.28,Y
DP00820,1/11/2025,Sneha E,Delhi,Scooter,Part-time,4.11,Y
DP14719,1/6/2025,Ananya O,Delhi,Scooter,Contract,4.31,N
DP05159,1/12/2025,Meena F,Hyderabad,Scooter,Full-time,4.19,Y
DP05704,12/25/2024,Rahul F,Chennai,Scooter,Full-time,4.39,Y
DP14202,1/8/2025,Priya K,Bengaluru,Scooter,Part-time,4.15,Y
DP07013,1/5/2025,Ravi D,Bengaluru,Cycle,Part-time,3.46,Y
DP12861,12/22/2024,Deepak J,Mumbai,Cycle,Full-time,3.88,Y
DP04652,1/10/2025,Vikas Y,Chennai,Bike,Part-time,3.97,Y
DP08683,12/31/2024,Rahul V,Delhi,Scooter,Full-time,4.28,Y
DP05871,1/13/2025,Arjun D,Bengaluru,Bike,Part-time,4.17,N
DP01483,12/27/2024,Ravi S,Bengaluru,Bike,Full-time,4.06,Y
DP09621,12/17/2024,Kiran D,Bengaluru,Scooter,Full-time,3.48,Y
DP02763,1/4/2025,Manoj N,Delhi,Car,Full-time,4.46,Y
DP02193,2/23/2025,Divya X,Bengaluru,Cycle,Full-time,4.02,Y
DP00485,1/13/2025,Rakesh T,Hyderabad,Scooter,Contract,4.33,Y
DP07205,1/3/2025,Rahul H,Delhi,Scooter,Full-time,4.09,Y
DP00276,1/6/2025,Shreya B,Mumbai,Bike,Full-time,4.34,N
DP05788,1/3/2025,Arjun M,Chennai,Bike,Full-time,3.98,Y
DP12028,12/18/2024,Nikhil J,Pune,Scooter,Part-time,4.78,Y
DP07036,1/13/2025,Arjun G,Bengaluru,Cycle,Part-time,4.57,Y
DP11956,12/22/2024,Rahul I,Bengaluru,Bike,Full-time,3.71,N
DP06225,1/13/2025,Priya T,Ahmedabad,Bike,Part-time,4.4,Y
DP01522,12/16/2024,Santosh U,Bengaluru,Cycle,Part-time,4.44,N
DP02565,1/2/2025,Santosh L,Ahmedabad,Bike,Part-time,3.74,Y
DP13123,1/1/2025,Meena T,Bengaluru,Cycle,Part-time,4.17,Y
DP14319,1/8/2025,Vikas K,Hyderabad,Scooter,Full-time,4.5,Y
DP12585,1/6/2025,Pooja S,Chennai,Scooter,Contract,4.5,Y
DP06464,1/24/2025,Nikhil D,Kolkata,Car,Part-time,4.16,Y
DP07328,1/3/2025,Rahul I,Delhi,Scooter,Part-time,4.45,Y
DP01158,1/12/2025,Vikas C,Chennai,Bike,Contract,3.98,Y
DP00782,1/4/2025,Deepak I,Kolkata,Bike,Full-time,4.77,Y
DP00174,1/14/2025,Priya H,Pune,Cycle,Full-time,3.95,Y
DP11015,12/30/2024,Suresh E,Kolkata,Bike,Contract,4.69,Y
DP00572,1/7/2025,Rakesh T,Pune,Bike,Part-time,3.91,Y
DP01054,12/26/2024,Shreya J,Mumbai,Bike,Full-time,4.14,Y
DP08446,12/29/2024,Kiran S,Pune,Cycle,Part-time,4.03,Y
DP05844,12/12/2024,Rahul P,Delhi,Bike,Full-time,4.6,Y
DP06361,1/1/2025,Ananya X,Chennai,Cycle,Contract,4.49,Y
DP03659,12/14/2024,Nikhil U,Mumbai,Bike,Full-time,4.16,Y
DP12094,1/7/2025,Ravi M,Bengaluru,Cycle,Part-time,3.96,Y
DP14216,1/3/2025,Ananya Y,Ahmedabad,Scooter,Part-time,3.62,Y
DP03124,1/8/2025,Vikas T,Delhi,Bike,Full-time,3.94,Y
DP10534,11/27/2024,Pooja K,Delhi,Bike,Contract,4.43,Y
DP00706,1/12/2025,Shreya A,Chennai,Scooter,Contract,4.45,Y
DP14926,1/11/2025,Suresh J,Bengaluru,Scooter,Contract,4.51,Y
DP03148,12/19/2024,Amit C,Kolkata,Bike,Contract,4.56,Y
DP00290,1/8/2025,Kiran K,Mumbai,Cycle,Contract,3.59,Y
DP00951,12/13/2024,Sneha J,Bengaluru,Cycle,Part-time,4.55,Y
DP01124,1/10/2025,Divya G,Delhi,Bike,Part-time,3.87,Y
DP14161,12/25/2024,Deepak N,Ahmedabad,Bike,Part-time,4.19,Y
DP02569,1/12/2025,Ravi R,Delhi,Scooter,Full-time,4.03,Y
DP06402,1/12/2025,Manoj W,Delhi,Scooter,Contract,4.57,Y
DP11698,1/18/2025,Santosh R,Hyderabad,Bike,Part-time,4.61,Y
DP05470,12/23/2024,Shreya B,Ahmedabad,Bike,Contract,3.9,Y
DP11254,1/2/2025,Kiran B,Mumbai,Scooter,Full-time,4.05,Y
DP02781,12/7/2024,Sneha L,Chennai,Bike,Part-time,3.89,Y
DP04876,12/30/2024,Amit W,Pune,Scooter,Full-time,4.3,Y
DP06959,1/25/2025,Manoj P,Chennai,Scooter,Part-time,4.6,N
DP06769,1/11/2025,Manoj D,Kolkata,Cycle,Full-time,4.13,Y
DP04157,1/1/2025,Shreya N,Bengaluru,Scooter,Part-time,4.02,Y
DP00817,12/16/2024,Kiran N,Ahmedabad,Scooter,Part-time,4.22,Y
DP10200,12/8/2024,Shreya G,Pune,Bike,Full-time,4.13,Y
DP10822,12/29/2024,Santosh I,Bengaluru,Cycle,Part-time,4.84,Y
DP14187,1/5/2025,Manoj J,Bengaluru,Scooter,Full-time,4.61,Y
DP03661,1/6/2025,Nikhil E,Chennai,Scooter,Contract,4.09,N
DP14942,12/19/2024,Kiran O,Mumbai,Scooter,Full-time,4.22,Y
DP12519,1/5/2025,Ravi B,Bengaluru,Bike,Contract,4.1,Y
DP14006,1/11/2025,Suresh F,Hyderabad,Bike,Part-time,4.15,Y
DP05047,1/7/2025,Arjun Z,Bengaluru,Cycle,Full-time,4.06,Y
DP12949,12/25/2024,Divya X,Delhi,Scooter,Full-time,4.05,Y
DP04042,12/26/2024,Meena P,Pune,Cycle,Part-time,4.17,Y
DP08848,1/6/2025,Divya T,Hyderabad,Scooter,Full-time,3.86,Y
DP01840,12/26/2024,Deepak A,Mumbai,Car,Full-time,4.35,Y
DP14122,1/13/2025,Nikhil G,Hyderabad,Scooter,Full-time,3.95,Y
DP00289,1/12/2025,Rahul O,Bengaluru,Bike,Full-time,4.04,Y
DP04181,1/13/2025,Santosh R,Mumbai,Cycle,Full-time,4.25,Y
DP11255,1/13/2025,Ravi N,Chennai,Scooter,Part-time,4.58,Y
DP14660,1/6/2025,Ravi C,Bengaluru,Bike,Full-time,3.65,Y
DP14841,12/29/2024,Rahul A,Chennai,Bike,Part-time,3.96,Y
DP10584,12/29/2024,Amit V,Bengaluru,Bike,Full-time,4.03,Y
DP11244,1/7/2025,Divya Z,Delhi,Cycle,Full-time,4.15,Y
DP09919,1/11/2025,Pooja A,Pune,Bike,Contract,4.16,Y
DP02586,1/13/2025,Santosh W,Mumbai,Bike,Full-time,4.29,Y
DP11621,12/7/2024,Arjun Q,Mumbai,Bike,Full-time,4.22,Y
DP04890,12/25/2024,Arjun F,Delhi,Bike,Full-time,4.08,N
DP01100,1/9/2025,Divya V,Kolkata,Bike,Full-time,4.61,Y
DP05061,1/11/2025,Pooja G,Pune,Car,Part-time,4.25,Y
DP01487,1/6/2025,Pooja M,Hyderabad,Scooter,Part-time,4.41,Y
DP12698,12/31/2024,Kiran L,Ahmedabad,Scooter,Part-time,4.35,Y
DP04554,1/24/2025,Nikhil J,Delhi,Cycle,Full-time,4,Y
DP10929,1/7/2025,Manoj T,Delhi,Bike,Full-time,4.3,Y
DP11989,1/7/2025,Manoj C,Pune,Scooter,Full-time,4.98,Y
DP12584,12/21/2024,Amit F,Ahmedabad,Scooter,Part-time,4.51,Y
DP14824,1/3/2025,Pooja C,Mumbai,Cycle,Full-time,4.05,Y
DP00906,1/13/2025,Shreya V,Kolkata,Car,Contract,4.41,Y
DP08961,12/27/2024,Ravi O,Bengaluru,Cycle,Full-time,3.87,Y
DP04236,12/27/2024,Sneha F,Bengaluru,Scooter,Contract,4.28,Y
DP07103,12/21/2024,Amit U,Bengaluru,Scooter,Part-time,4.03,Y
DP06413,1/5/2025,Manoj O,Mumbai,Scooter,Part-time,4.65,Y
DP05296,12/14/2024,Neha B,Bengaluru,Scooter,Full-time,4.69,Y
DP03076,1/3/2025,Neha Z,Delhi,Cycle,Part-time,4.16,Y
DP08593,12/24/2024,Santosh D,Hyderabad,Bike,Full-time,3.83,Y
DP08270,1/9/2025,Rakesh L,Bengaluru,Bike,Contract,3.8,Y
DP05663,1/5/2025,Priya W,Mumbai,Scooter,Contract,4.12,Y
DP13491,1/4/2025,Santosh F,Pune,Scooter,Contract,4.2,Y
DP02140,1/11/2025,Vikas J,Pune,Bike,Contract,5,Y
DP10100,1/9/2025,Rakesh S,Bengaluru,Scooter,Part-time,4.3,Y
DP07171,1/10/2025,Neha J,Kolkata,Scooter,Full-time,4.21,Y
DP07219,1/4/2025,Ananya V,Bengaluru,Bike,Full-time,4.21,Y
DP13612,12/28/2024,Kiran G,Hyderabad,Bike,Contract,3.75,Y
DP08839,1/13/2025,Rahul Z,Chennai,Bike,Full-time,4.66,Y
DP04697,1/9/2025,Vikas W,Kolkata,Car,Full-time,4.2,N
DP03418,1/3/2025,Suresh T,Mumbai,Scooter,Part-time,3.9,Y
DP11131,1/5/2025,Amit L,Bengaluru,Scooter,Part-time,4.36,Y
DP01982,1/11/2025,Divya A,Bengaluru,Bike,Full-time,4.43,Y
DP06382,1/2/2025,Amit R,Kolkata,Scooter,Part-time,4.98,Y
DP14966,1/13/2025,Shreya S,Chennai,Scooter,Full-time,4.51,Y
DP11126,12/23/2024,Manoj D,Kolkata,Bike,Full-time,4.4,Y
DP04402,1/12/2025,Suresh P,Delhi,Scooter,Full-time,3.86,Y
DP14743,1/7/2025,Priya Z,Ahmedabad,Cycle,Contract,3.76,Y
DP13738,1/13/2025,Pooja B,Mumbai,Scooter,Full-time,4.56,Y
DP04456,1/8/2025,Pooja G,Bengaluru,Scooter,Part-time,4.05,Y
DP12737,12/18/2024,Santosh F,Chennai,Scooter,Part-time,4.43,Y
DP01508,12/10/2024,Pooja D,Chennai,Bike,Part-time,3.87,Y
DP05014,12/30/2024,Shreya M,Hyderabad,Scooter,Part-time,3.89,Y
DP03819,12/31/2024,Arjun M,Bengaluru,Scooter,Part-time,4.15,Y
DP10010,12/29/2024,Suresh C,Delhi,Scooter,Full-time,4.2,Y
DP01489,12/30/2024,Kiran H,Bengaluru,Car,Full-time,4.1,Y
DP08845,12/18/2024,Ravi L,Kolkata,Cycle,Full-time,4.49,Y
DP13623,12/18/2024,Divya K,Delhi,Bike,Full-time,4.61,Y
DP00954,1/12/2025,Ananya U,Delhi,Bike,Part-time,3.75,Y
DP03793,12/25/2024,Nikhil B,Chennai,Bike,Contract,4.59,Y
DP07438,12/29/2024,Rahul F,Ahmedabad,Bike,Part-time,4.29,Y
DP07427,12/25/2024,Amit X,Delhi,Bike,Full-time,3.86,Y
DP07590,1/21/2025,Divya G,Delhi,Cycle,Contract,4.29,Y
DP12953,12/30/2024,Deepak V,Mumbai,Scooter,Part-time,3.9,Y
DP14380,1/6/2025,Shreya N,Bengaluru,Scooter,Part-time,3.84,Y
DP13640,1/6/2025,Sneha C,Ahmedabad,Scooter,Full-time,4.42,Y
DP07967,1/11/2025,Ananya B,Bengaluru,Bike,Part-time,4.38,Y
DP12636,1/10/2025,Priya U,Hyderabad,Car,Contract,4.38,N
DP07753,1/3/2025,Pooja A,Pune,Bike,Full-time,3.46,N
DP12052,1/13/2025,Manoj T,Chennai,Car,Full-time,4.65,Y
DP05707,1/6/2025,Divya I,Kolkata,Scooter,Part-time,4.58,Y
DP14750,12/30/2024,Ananya M,Chennai,Bike,Full-time,4.16,Y
DP05225,1/5/2025,Manoj G,Bengaluru,Cycle,Full-time,4.19,Y
DP03821,1/13/2025,Nikhil Y,Bengaluru,Bike,Contract,4.48,Y
DP09425,1/12/2025,Kiran C,Delhi,Cycle,Contract,3.92,Y
DP06732,12/29/2024,Kiran H,Hyderabad,Scooter,Full-time,4.29,Y
DP06491,12/23/2024,Ananya Q,Pune,Bike,Full-time,3.89,N
DP12940,1/2/2025,Meena I,Mumbai,Cycle,Full-time,3.65,Y
DP07516,1/4/2025,Kiran L,Chennai,Scooter,Full-time,4.49,Y
DP11979,1/6/2025,Divya X,Hyderabad,Scooter,Contract,3.86,Y
DP08729,1/8/2025,Pooja Z,Bengaluru,Car,Contract,3.72,Y
DP13689,1/12/2025,Santosh N,Bengaluru,Car,Part-time,4.17,Y
DP03924,1/12/2025,Arjun J,Mumbai,Bike,Full-time,4.59,Y
DP04081,1/9/2025,Suresh A,Mumbai,Bike,Contract,4.06,Y
DP09220,12/29/2024,Kiran O,Ahmedabad,Bike,Full-time,4.48,N
DP02148,1/7/2025,Manoj F,Delhi,Bike,Part-time,4.16,Y
DP07694,1/6/2025,Shreya F,Delhi,Bike,Part-time,3.6,Y
DP06296,12/27/2024,Vikas Q,Delhi,Bike,Part-time,3.67,Y
DP01092,1/8/2025,Arjun O,Bengaluru,Bike,Part-time,3.8,Y
DP02351,1/9/2025,Deepak B,Bengaluru,Car,Full-time,4.19,Y
DP00750,12/28/2024,Rahul A,Chennai,Bike,Full-time,4.45,N
DP03315,12/18/2024,Deepak A,Delhi,Bike,Contract,3.62,Y
DP05505,1/6/2025,Ravi F,Hyderabad,Scooter,Part-time,3.93,Y
DP08740,1/13/2025,Rahul B,Hyderabad,Cycle,Part-time,4.63,Y
DP07309,1/13/2025,Deepak M,Bengaluru,Scooter,Full-time,5,Y
DP14374,1/10/2025,Rahul D,Mumbai,Scooter,Full-time,4.15,Y
DP02223,3/11/2025,Pooja G,Kolkata,Scooter,Full-time,4.11,Y
DP10572,12/28/2024,Ananya T,Ahmedabad,Scooter,Full-time,4.04,Y
DP03748,2/25/2025,Sneha L,Mumbai,Bike,Part-time,4.53,Y
DP14205,1/13/2025,Meena P,Bengaluru,Bike,Part-time,4.51,Y
DP09480,1/14/2025,Shreya O,Bengaluru,Bike,Contract,4.51,Y
DP05880,2/21/2025,Vikas C,Mumbai,Scooter,Full-time,3.88,Y
DP05313,1/12/2025,Rakesh Q,Hyderabad,Scooter,Full-time,4.42,Y
DP14415,12/26/2024,Ravi U,Bengaluru,Scooter,Part-time,4.28,Y
DP01529,1/5/2025,Nikhil Q,Bengaluru,Car,Full-time,3.94,N
DP05516,12/28/2024,Shreya Z,Mumbai,Bike,Contract,4.21,Y
DP10370,12/27/2024,Arjun G,Bengaluru,Scooter,Part-time,4.36,Y
DP10764,1/9/2025,Manoj G,Bengaluru,Bike,Contract,4.37,Y
DP04037,1/6/2025,Pooja M,Ahmedabad,Cycle,Full-time,4.02,Y
DP03937,1/10/2025,Suresh B,Hyderabad,Cycle,Part-time,4.62,Y
DP10569,12/30/2024,Divya Y,Delhi,Bike,Part-time,4.79,Y
DP08159,12/12/2024,Priya F,Delhi,Bike,Part-time,4.19,Y
DP07061,1/8/2025,Nikhil S,Delhi,Cycle,Contract,4.43,Y
DP00464,1/5/2025,Shreya Y,Mumbai,Bike,Part-time,3.96,N
DP01909,1/6/2025,Santosh B,Chennai,Bike,Part-time,4.47,Y
DP14453,12/27/2024,Meena T,Bengaluru,Scooter,Part-time,3.98,Y
DP00708,1/8/2025,Vikas B,Bengaluru,Scooter,Contract,3.45,N
DP11205,12/17/2024,Manoj W,Pune,Scooter,Part-time,3.94,Y
DP09954,1/21/2025,Amit T,Mumbai,Bike,Contract,3.86,Y
DP00608,1/10/2025,Shreya E,Bengaluru,Bike,Part-time,3.98,Y
DP08051,1/5/2025,Arjun B,Delhi,Car,Full-time,4.13,Y
DP09753,1/13/2025,Ananya W,Chennai,Scooter,Full-time,4.03,Y
DP05236,12/27/2024,Neha U,Ahmedabad,Bike,Part-time,4.18,Y
DP02581,1/1/2025,Vikas K,Bengaluru,Cycle,Contract,4.05,N
DP06065,1/1/2025,Nikhil Q,Ahmedabad,Bike,Full-time,4.48,Y
DP01681,12/16/2024,Santosh O,Bengaluru,Scooter,Part-time,4.69,Y
DP01093,1/8/2025,Divya S,Mumbai,Scooter,Full-time,3.6,Y
DP02643,1/3/2025,Ananya N,Hyderabad,Bike,Full-time,4.35,Y
DP11873,12/29/2024,Deepak G,Bengaluru,Scooter,Contract,4.19,Y
DP07310,12/26/2024,Ananya D,Chennai,Cycle,Contract,3.91,N
DP02911,12/18/2024,Ananya D,Pune,Cycle,Part-time,3.83,Y
DP08505,1/3/2025,Rakesh R,Ahmedabad,Car,Contract,4.06,Y
DP08809,1/9/2025,Priya V,Delhi,Cycle,Contract,3.87,N
DP03452,1/13/2025,Shreya K,Pune,Scooter,Full-time,4.04,Y
DP12001,12/30/2024,Divya N,Pune,Bike,Contract,3.84,Y
DP05297,1/14/2025,Neha C,Chennai,Cycle,Full-time,4.29,Y
DP03476,12/14/2024,Deepak H,Kolkata,Bike,Full-time,4.42,Y
DP00709,1/8/2025,Neha J,Delhi,Scooter,Part-time,4.68,Y
DP09101,12/2/2024,Priya C,Delhi,Bike,Part-time,4,Y
DP04946,1/8/2025,Divya G,Pune,Scooter,Full-time,4.57,Y
DP11529,1/2/2025,Kiran H,Ahmedabad,Cycle,Part-time,3.8,Y
DP14360,1/14/2025,Vikas C,Mumbai,Cycle,Part-time,4.44,N
DP05814,1/10/2025,Manoj U,Pune,Scooter,Part-time,3.81,N
DP00457,12/22/2024,Amit T,Delhi,Scooter,Full-time,4.42,Y
DP09865,1/10/2025,Sneha Z,Pune,Scooter,Full-time,4.46,Y
DP14710,12/20/2024,Priya N,Hyderabad,Bike,Part-time,3.92,Y
DP13748,12/18/2024,Pooja D,Mumbai,Bike,Part-time,4.48,Y
DP06981,1/27/2025,Meena A,Hyderabad,Bike,Full-time,3.51,Y
DP03499,12/5/2024,Kiran F,Mumbai,Car,Full-time,4.16,Y
DP08554,1/11/2025,Meena T,Chennai,Scooter,Part-time,3.77,N
DP14134,1/8/2025,Shreya P,Mumbai,Bike,Contract,4.76,Y
DP00379,12/25/2024,Rakesh Z,Chennai,Bike,Full-time,4.25,N
DP02379,12/30/2024,Arjun D,Hyderabad,Scooter,Full-time,4.13,Y
DP14624,2/24/2025,Arjun R,Hyderabad,Scooter,Full-time,4.29,Y
DP12103,12/22/2024,Priya L,Mumbai,Cycle,Contract,4.53,Y
DP05966,1/14/2025,Vikas Q,Mumbai,Scooter,Full-time,4.31,N
DP01846,1/13/2025,Santosh U,Bengaluru,Car,Contract,3.76,Y
DP02782,1/9/2025,Pooja W,Delhi,Scooter,Full-time,4,Y
DP13765,1/2/2025,Priya B,Ahmedabad,Bike,Full-time,4.28,Y
DP03375,1/7/2025,Arjun W,Hyderabad,Scooter,Contract,4.43,Y
DP09743,1/3/2025,Divya K,Pune,Scooter,Part-time,3.93,Y
DP05547,2/23/2025,Priya T,Delhi,Bike,Full-time,4.36,Y
DP03782,1/4/2025,Ravi Q,Hyderabad,Cycle,Full-time,4.23,Y
DP00720,12/20/2024,Rahul C,Ahmedabad,Bike,Part-time,4.7,Y
DP14033,12/25/2024,Divya H,Mumbai,Cycle,Full-time,3.91,Y
DP13332,1/8/2025,Arjun I,Bengaluru,Scooter,Part-time,3.67,Y
DP10381,1/11/2025,Nikhil D,Chennai,Scooter,Full-time,3.93,Y
DP03604,1/4/2025,Amit L,Pune,Scooter,Full-time,4.38,Y
DP08639,1/13/2025,Meena O,Pune,Car,Full-time,3.79,Y
DP02702,1/10/2025,Nikhil D,Bengaluru,Cycle,Part-time,4.26,Y
DP05932,1/2/2025,Meena S,Mumbai,Bike,Full-time,3.63,Y
DP12032,1/9/2025,Pooja I,Mumbai,Scooter,Full-time,4.23,Y
DP03359,12/29/2024,Pooja J,Ahmedabad,Bike,Part-time,4.21,N
DP05988,1/2/2025,Shreya M,Chennai,Bike,Full-time,4.3,Y
DP13902,12/15/2024,Divya D,Kolkata,Car,Full-time,3.63,Y
DP02871,1/12/2025,Manoj K,Ahmedabad,Scooter,Part-time,4.66,N
DP00493,1/9/2025,Amit O,Hyderabad,Scooter,Contract,4.42,N
DP08117,1/13/2025,Divya R,Mumbai,Bike,Full-time,4.11,Y
DP04318,1/12/2025,Nikhil A,Ahmedabad,Scooter,Full-time,4.19,Y
DP14798,1/3/2025,Shreya B,Mumbai,Scooter,Contract,3.42,N
DP00326,2/14/2025,Rakesh J,Bengaluru,Bike,Part-time,4.27,Y
DP03678,1/4/2025,Priya J,Bengaluru,Scooter,Full-time,4,Y
DP14936,12/25/2024,Pooja Q,Bengaluru,Cycle,Part-time,4.38,Y
DP12848,1/2/2025,Arjun M,Bengaluru,Bike,Part-time,4.19,Y
DP03568,1/7/2025,Nikhil Z,Mumbai,Cycle,Part-time,4.24,Y
DP02497,12/8/2024,Rakesh Y,Kolkata,Bike,Full-time,3.7,Y
DP10056,1/3/2025,Santosh L,Bengaluru,Scooter,Full-time,4.4,Y
DP06713,12/28/2024,Rahul N,Bengaluru,Bike,Part-time,3.87,Y
DP14860,1/4/2025,Neha D,Bengaluru,Scooter,Contract,4.14,Y
DP08181,1/11/2025,Deepak F,Hyderabad,Bike,Full-time,3.95,Y
DP06733,12/21/2024,Kiran G,Ahmedabad,Bike,Full-time,4.16,N
DP07858,12/31/2024,Vikas Y,Hyderabad,Bike,Contract,4.2,Y
DP14496,1/12/2025,Deepak D,Chennai,Scooter,Full-time,4.39,Y
DP11282,1/6/2025,Deepak F,Bengaluru,Bike,Full-time,4.46,Y
DP13965,1/1/2025,Ananya D,Chennai,Scooter,Full-time,3.73,Y
DP06351,1/1/2025,Nikhil K,Hyderabad,Scooter,Full-time,3.7,Y
DP12486,1/11/2025,Suresh T,Bengaluru,Bike,Part-time,3.67,Y
DP01060,1/9/2025,Vikas Q,Mumbai,Bike,Full-time,4.34,Y
DP10194,1/3/2025,Vikas T,Bengaluru,Bike,Part-time,3.7,Y
DP11533,1/7/2025,Nikhil Y,Kolkata,Cycle,Full-time,4.41,Y
DP12681,12/22/2024,Santosh F,Pune,Cycle,Full-time,4.63,Y
DP11290,1/4/2025,Divya A,Pune,Cycle,Part-time,4.46,Y
DP02342,12/30/2024,Priya J,Chennai,Bike,Full-time,3.64,Y
DP13646,1/8/2025,Suresh H,Bengaluru,Bike,Part-time,4.09,Y
DP12530,1/6/2025,Vikas M,Bengaluru,Scooter,Part-time,4.53,Y
DP01997,12/6/2024,Shreya V,Delhi,Bike,Part-time,4.43,Y
DP06308,1/10/2025,Deepak N,Bengaluru,Scooter,Full-time,4.32,Y
DP07655,1/2/2025,Pooja O,Bengaluru,Cycle,Full-time,4.17,Y
DP05755,1/4/2025,Neha X,Mumbai,Bike,Part-time,4.4,Y
DP08939,12/26/2024,Divya S,Hyderabad,Scooter,Contract,4.27,Y
DP07304,1/6/2025,Deepak H,Mumbai,Scooter,Full-time,4.53,Y
DP02189,12/11/2024,Ravi W,Chennai,Scooter,Contract,4.17,N
DP07158,1/12/2025,Rahul A,Bengaluru,Bike,Full-time,4.11,Y
DP14643,1/1/2025,Arjun N,Delhi,Bike,Part-time,4.02,Y
DP08408,1/15/2025,Meena A,Delhi,Scooter,Part-time,3.78,Y
DP05776,12/27/2024,Manoj L,Ahmedabad,Bike,Part-time,3.64,Y
DP12562,1/10/2025,Divya S,Delhi,Cycle,Full-time,3.98,Y
DP05234,1/13/2025,Santosh B,Ahmedabad,Scooter,Part-time,4.52,Y
DP03026,12/29/2024,Manoj Y,Chennai,Cycle,Part-time,4.09,Y
DP09990,12/27/2024,Sneha N,Kolkata,Scooter,Full-time,3.75,Y
DP04900,1/10/2025,Pooja I,Bengaluru,Bike,Contract,3.46,Y
DP04575,1/8/2025,Divya H,Bengaluru,Bike,Part-time,4.07,Y
DP08212,3/3/2025,Ravi P,Bengaluru,Cycle,Contract,4.15,Y
DP12133,12/7/2024,Divya M,Kolkata,Scooter,Contract,3.87,Y
DP08396,1/11/2025,Priya R,Bengaluru,Bike,Part-time,3.25,Y
DP00273,1/13/2025,Priya V,Mumbai,Scooter,Full-time,4.13,Y
DP01481,1/8/2025,Suresh P,Delhi,Bike,Full-time,3.72,Y
DP05338,1/2/2025,Sneha M,Bengaluru,Scooter,Contract,4.52,Y
DP05802,1/1/2025,Arjun D,Hyderabad,Cycle,Full-time,4.26,Y
DP07437,1/10/2025,Amit Z,Bengaluru,Bike,Part-time,3.83,Y
DP06292,1/10/2025,Neha Y,Mumbai,Bike,Full-time,4.17,Y
DP02331,1/10/2025,Vikas U,Delhi,Scooter,Full-time,4.2,Y
DP14418,12/24/2024,Priya W,Mumbai,Scooter,Part-time,4.43,Y
DP01597,12/31/2024,Priya R,Pune,Bike,Full-time,4.46,Y
DP11344,1/7/2025,Divya D,Chennai,Scooter,Full-time,4.17,Y
DP02592,1/15/2025,Manoj E,Hyderabad,Scooter,Contract,4.31,Y
DP04861,1/10/2025,Suresh I,Bengaluru,Cycle,Full-time,4.01,Y
DP12476,1/8/2025,Nikhil Z,Ahmedabad,Scooter,Part-time,4.42,Y
DP12188,12/29/2024,Priya D,Delhi,Bike,Full-time,4.01,Y
DP09035,12/31/2024,Shreya E,Delhi,Scooter,Full-time,4.84,Y
DP09839,1/5/2025,Kiran T,Hyderabad,Cycle,Part-time,4.13,Y
DP08229,12/27/2024,Shreya Z,Bengaluru,Bike,Part-time,4.2,Y
DP05672,1/2/2025,Neha N,Mumbai,Cycle,Contract,4.13,Y
DP07355,12/31/2024,Divya R,Delhi,Scooter,Full-time,4.09,Y
DP04355,12/27/2024,Shreya O,Pune,Scooter,Full-time,4.33,Y
DP04692,12/16/2024,Meena P,Delhi,Cycle,Full-time,4.09,Y
DP02411,12/28/2024,Meena U,Hyderabad,Bike,Part-time,4.2,Y
DP10231,12/31/2024,Amit A,Pune,Scooter,Full-time,4.41,Y
DP13642,12/16/2024,Suresh U,Kolkata,Cycle,Full-time,3.8,Y
DP02769,1/14/2025,Vikas Y,Delhi,Bike,Part-time,4.05,Y
DP12888,1/11/2025,Santosh P,Mumbai,Cycle,Full-time,4.98,Y
DP06007,1/1/2025,Kiran M,Bengaluru,Scooter,Full-time,4.15,N
DP01115,1/11/2025,Suresh K,Mumbai,Scooter,Full-time,3.95,Y
DP13733,1/9/2025,Manoj C,Pune,Scooter,Part-time,4.16,Y
DP05199,12/7/2024,Amit D,Bengaluru,Bike,Full-time,4.24,Y
DP07886,1/3/2025,Shreya K,Bengaluru,Car,Full-time,4.03,Y
DP02149,12/15/2024,Shreya E,Bengaluru,Cycle,Part-time,4.27,Y
DP13864,1/7/2025,Rakesh S,Ahmedabad,Scooter,Full-time,4.39,N
DP10135,12/5/2024,Arjun W,Kolkata,Bike,Part-time,4.38,Y
DP01344,1/7/2025,Ravi O,Kolkata,Bike,Contract,4.02,Y
DP10681,1/4/2025,Rakesh S,Chennai,Bike,Part-time,3.99,Y
DP07337,12/26/2024,Nikhil D,Delhi,Car,Full-time,4.51,Y
DP02225,1/1/2025,Ananya Y,Chennai,Cycle,Part-time,4.33,Y
DP09590,1/2/2025,Sneha O,Delhi,Bike,Full-time,4.49,N
DP05349,1/1/2025,Kiran S,Bengaluru,Bike,Full-time,4.07,Y
DP07512,1/11/2025,Santosh F,Pune,Scooter,Part-time,4.2,Y
DP03703,1/3/2025,Suresh E,Bengaluru,Bike,Part-time,3.48,Y
DP08523,1/8/2025,Arjun P,Delhi,Bike,Contract,4.08,Y
DP12599,1/9/2025,Santosh A,Ahmedabad,Cycle,Part-time,4.51,N
DP06628,1/5/2025,Vikas E,Kolkata,Cycle,Part-time,4.21,Y
DP12571,1/12/2025,Ravi J,Delhi,Scooter,Part-time,4.66,Y
DP02701,12/31/2024,Sneha I,Hyderabad,Scooter,Part-time,4.11,Y
DP12496,1/24/2025,Santosh N,Ahmedabad,Bike,Part-time,4.29,Y
DP14629,1/14/2025,Divya E,Ahmedabad,Bike,Full-time,4.4,N
DP03483,12/22/2024,Rakesh L,Chennai,Car,Full-time,4.09,Y
DP06291,12/31/2024,Deepak T,Chennai,Car,Part-time,3.72,Y
DP05705,12/20/2024,Shreya P,Delhi,Scooter,Part-time,4.58,Y
DP11578,12/12/2024,Neha G,Kolkata,Cycle,Full-time,4.41,Y
DP02834,12/23/2024,Divya U,Mumbai,Cycle,Full-time,4.24,Y
DP12330,1/25/2025,Suresh Z,Mumbai,Scooter,Full-time,4.03,Y
DP06189,1/3/2025,Santosh S,Mumbai,Bike,Full-time,4.29,Y
DP10457,1/8/2025,Suresh U,Bengaluru,Bike,Contract,4.61,Y
DP10040,1/3/2025,Rakesh X,Bengaluru,Scooter,Full-time,4.58,N
DP02596,12/11/2024,Arjun V,Delhi,Scooter,Contract,4.46,Y
DP07740,12/4/2024,Nikhil K,Delhi,Cycle,Contract,3.82,Y
DP12654,1/8/2025,Divya B,Delhi,Scooter,Full-time,4.13,Y
DP13869,2/13/2025,Nikhil W,Bengaluru,Cycle,Part-time,4.11,Y
DP12991,1/11/2025,Priya U,Ahmedabad,Cycle,Full-time,4.29,Y
DP07663,12/10/2024,Divya F,Chennai,Scooter,Part-time,4.47,N
DP01424,12/17/2024,Meena Y,Delhi,Cycle,Contract,4.78,Y
DP14889,1/8/2025,Deepak Z,Ahmedabad,Bike,Part-time,4.46,Y
DP07986,1/15/2025,Kiran L,Mumbai,Bike,Part-time,4.22,Y
DP04096,1/4/2025,Meena K,Chennai,Scooter,Contract,4.83,Y
DP12725,1/14/2025,Amit Z,Kolkata,Scooter,Part-time,3.96,N
DP14472,1/3/2025,Shreya Q,Bengaluru,Scooter,Full-time,4.31,Y
DP10192,1/7/2025,Manoj Z,Delhi,Bike,Full-time,3.97,Y
DP05160,12/26/2024,Deepak U,Pune,Scooter,Full-time,4.34,Y
DP04302,1/7/2025,Arjun O,Mumbai,Car,Full-time,4.39,Y
DP12063,12/20/2024,Vikas O,Delhi,Scooter,Full-time,4.04,N
DP02012,1/12/2025,Manoj X,Pune,Scooter,Part-time,4.53,Y
DP07275,1/12/2025,Rahul G,Mumbai,Cycle,Part-time,4.14,Y
DP02779,12/12/2024,Nikhil D,Bengaluru,Scooter,Contract,4.61,Y
DP02611,1/13/2025,Ravi X,Bengaluru,Scooter,Contract,3.62,N
DP12603,1/11/2025,Amit J,Hyderabad,Car,Contract,4.05,Y
DP08361,1/5/2025,Divya Y,Mumbai,Scooter,Full-time,4.76,Y
DP10860,1/1/2025,Arjun Y,Bengaluru,Bike,Full-time,3.51,Y
DP02564,12/17/2024,Ananya X,Chennai,Bike,Full-time,4.63,Y
DP06327,1/13/2025,Deepak E,Mumbai,Cycle,Full-time,3.99,Y
DP08384,1/11/2025,Rahul W,Bengaluru,Scooter,Contract,4.6,Y
DP05102,12/7/2024,Vikas V,Kolkata,Bike,Full-time,4.04,Y
DP00212,12/27/2024,Kiran E,Hyderabad,Bike,Full-time,3.74,Y
DP09290,1/4/2025,Nikhil Z,Delhi,Cycle,Full-time,4.01,Y
DP05791,1/6/2025,Kiran Q,Chennai,Scooter,Full-time,4.41,Y
DP00725,1/13/2025,Amit V,Mumbai,Bike,Full-time,4.14,Y
DP05071,12/23/2024,Meena H,Pune,Cycle,Contract,3.58,N
DP01409,12/27/2024,Divya Z,Mumbai,Scooter,Full-time,4.52,Y
DP03182,1/3/2025,Santosh S,Bengaluru,Scooter,Full-time,4.36,N
DP11030,1/14/2025,Suresh I,Bengaluru,Bike,Full-time,4.02,Y
DP08226,1/1/2025,Suresh J,Chennai,Scooter,Full-time,4.5,Y
DP11838,1/6/2025,Arjun D,Kolkata,Cycle,Part-time,4.2,Y
DP00832,1/1/2025,Sneha F,Hyderabad,Bike,Full-time,4.82,Y
DP07069,1/11/2025,Nikhil M,Bengaluru,Car,Contract,4.17,Y
DP13019,1/14/2025,Neha R,Bengaluru,Cycle,Full-time,4.91,Y
DP14268,1/3/2025,Rahul Z,Kolkata,Scooter,Part-time,4.24,Y
DP14382,12/25/2024,Suresh R,Bengaluru,Scooter,Part-time,3.97,Y
DP05274,1/27/2025,Ravi L,Pune,Bike,Full-time,4.46,Y
DP06681,12/30/2024,Divya V,Mumbai,Cycle,Full-time,3.94,Y
DP05363,1/24/2025,Rakesh Y,Bengaluru,Scooter,Contract,4.01,N
DP11013,1/11/2025,Priya E,Delhi,Car,Part-time,4.37,Y
DP00771,1/5/2025,Sneha A,Pune,Scooter,Full-time,3.95,Y
DP10628,12/31/2024,Neha A,Bengaluru,Scooter,Full-time,4.43,Y
DP12230,1/10/2025,Rahul F,Chennai,Cycle,Full-time,4.56,Y
DP01448,1/5/2025,Shreya K,Pune,Bike,Contract,3.96,Y
DP07797,12/28/2024,Rakesh F,Chennai,Scooter,Contract,4.24,N
DP09853,12/31/2024,Santosh H,Chennai,Bike,Part-time,4.62,Y
DP00814,1/15/2025,Deepak G,Bengaluru,Bike,Full-time,4.42,Y
DP08991,1/18/2025,Sneha H,Delhi,Scooter,Full-time,4.11,Y
DP03263,1/15/2025,Suresh W,Chennai,Bike,Contract,4.12,Y
DP12292,1/15/2025,Vikas W,Chennai,Scooter,Part-time,4.59,Y
DP09963,1/6/2025,Ravi O,Delhi,Car,Full-time,4.56,Y
DP07606,2/12/2025,Nikhil S,Ahmedabad,Car,Full-time,4.27,Y
DP02478,1/7/2025,Kiran C,Delhi,Bike,Full-time,3.96,Y
DP04868,1/5/2025,Nikhil O,Mumbai,Scooter,Part-time,4.22,N
DP10305,1/6/2025,Suresh V,Delhi,Cycle,Full-time,4.35,Y
DP09142,12/21/2024,Divya A,Pune,Scooter,Full-time,4.81,Y
DP10742,2/25/2025,Vikas J,Kolkata,Bike,Part-time,4.4,Y
DP01572,12/8/2024,Arjun W,Chennai,Scooter,Full-time,3.55,Y
DP05116,1/2/2025,Arjun O,Chennai,Bike,Contract,3.99,Y
DP02845,1/11/2025,Ananya C,Ahmedabad,Bike,Full-time,4.41,Y
DP13989,1/4/2025,Priya U,Chennai,Scooter,Full-time,4.14,N
DP12708,1/14/2025,Sneha W,Bengaluru,Scooter,Part-time,4.13,N
DP05552,1/9/2025,Rakesh H,Mumbai,Bike,Part-time,4.17,Y
DP05700,1/13/2025,Amit N,Delhi,Scooter,Part-time,4.09,Y
DP14635,1/12/2025,Suresh W,Bengaluru,Bike,Part-time,3.53,Y
DP07160,12/16/2024,Arjun Q,Mumbai,Cycle,Part-time,4.07,Y
DP04867,1/4/2025,Neha J,Mumbai,Bike,Full-time,4.05,Y
DP06091,1/13/2025,Pooja W,Hyderabad,Scooter,Part-time,3.78,N
DP12258,1/15/2025,Shreya E,Bengaluru,Bike,Part-time,4.44,Y
DP06297,12/27/2024,Santosh I,Chennai,Bike,Full-time,3.72,Y
DP08228,1/12/2025,Divya S,Ahmedabad,Bike,Contract,4.02,Y
DP08419,1/15/2025,Nikhil H,Mumbai,Car,Contract,3.44,Y
DP10315,1/11/2025,Amit B,Ahmedabad,Scooter,Part-time,4.17,Y
DP04572,12/29/2024,Rahul K,Hyderabad,Bike,Full-time,4.6,N
DP06162,12/29/2024,Vikas S,Delhi,Bike,Full-time,4.24,Y
DP14833,1/7/2025,Neha I,Delhi,Bike,Part-time,4.56,Y
DP03437,1/12/2025,Santosh U,Bengaluru,Scooter,Full-time,4.64,Y
DP07689,1/7/2025,Nikhil A,Bengaluru,Scooter,Contract,4.09,Y
DP05475,1/6/2025,Rakesh C,Bengaluru,Bike,Contract,4.09,Y
DP00716,1/13/2025,Suresh S,Mumbai,Bike,Part-time,4.1,N
DP00088,1/9/2025,Manoj L,Hyderabad,Scooter,Contract,3.84,Y
DP06476,1/8/2025,Pooja B,Hyderabad,Scooter,Part-time,4.18,Y
DP13824,1/4/2025,Ravi H,Bengaluru,Car,Contract,4.24,Y
DP11905,1/12/2025,Nikhil X,Hyderabad,Scooter,Full-time,3.91,N
DP10896,1/10/2025,Kiran I,Delhi,Cycle,Part-time,4.33,Y
DP06030,1/14/2025,Rahul F,Delhi,Scooter,Full-time,3.97,N
DP10357,12/26/2024,Neha O,Chennai,Bike,Full-time,4.29,Y
DP00027,1/14/2025,Divya G,Mumbai,Car,Full-time,3.84,N
DP06214,1/6/2025,Ravi A,Bengaluru,Scooter,Part-time,4.12,Y
DP06422,1/12/2025,Priya F,Chennai,Cycle,Full-time,3.62,Y
DP04408,12/31/2024,Deepak D,Ahmedabad,Scooter,Part-time,4.13,Y
DP14018,12/21/2024,Manoj K,Bengaluru,Bike,Full-time,4.57,Y
DP09430,1/8/2025,Ravi C,Mumbai,Scooter,Part-time,4.4,N
DP14581,12/10/2024,Rakesh I,Hyderabad,Bike,Full-time,4.04,Y
DP08853,12/30/2024,Meena O,Bengaluru,Scooter,Contract,4.05,Y
DP03104,1/8/2025,Amit W,Ahmedabad,Bike,Full-time,4.54,Y
DP04069,12/30/2024,Rakesh H,Mumbai,Car,Contract,4.01,Y
DP00135,12/22/2024,Manoj Q,Mumbai,Scooter,Full-time,4.16,Y
DP12319,12/8/2024,Suresh K,Bengaluru,Scooter,Full-time,4.82,Y
DP09291,1/6/2025,Nikhil C,Mumbai,Scooter,Full-time,4.21,Y
DP03646,12/27/2024,Suresh H,Ahmedabad,Scooter,Full-time,4.45,Y
DP10418,1/22/2025,Vikas L,Chennai,Bike,Full-time,4.58,Y
DP07768,1/10/2025,Manoj A,Mumbai,Bike,Full-time,4.94,Y
DP10482,1/3/2025,Vikas S,Delhi,Bike,Part-time,3.76,N
DP11518,1/8/2025,Arjun D,Mumbai,Bike,Full-time,4.35,Y
DP09881,1/14/2025,Ravi B,Hyderabad,Scooter,Part-time,4.49,Y
DP14952,1/12/2025,Suresh C,Hyderabad,Scooter,Contract,4.16,Y
DP13867,1/21/2025,Meena F,Chennai,Bike,Contract,4.65,Y
DP11785,1/15/2025,Ananya I,Bengaluru,Bike,Full-time,4.2,Y
DP14963,1/1/2025,Shreya X,Kolkata,Scooter,Full-time,4.33,Y
DP11235,1/3/2025,Nikhil T,Delhi,Bike,Full-time,4.33,Y
DP02527,1/7/2025,Manoj V,Kolkata,Scooter,Full-time,4.38,Y
DP04204,1/4/2025,Amit K,Ahmedabad,Cycle,Full-time,4.49,Y
DP11997,1/2/2025,Divya E,Kolkata,Scooter,Full-time,4.39,Y
DP07537,12/21/2024,Sneha M,Chennai,Bike,Part-time,3.71,N
DP07898,1/5/2025,Kiran X,Kolkata,Bike,Part-time,4.28,Y
DP04574,1/2/2025,Meena Z,Chennai,Bike,Contract,4.64,Y
DP08315,1/3/2025,Santosh C,Kolkata,Cycle,Full-time,3.81,N
DP11278,1/7/2025,Divya E,Delhi,Cycle,Full-time,4.45,Y
DP03459,1/10/2025,Neha Y,Mumbai,Bike,Contract,4.28,N
DP05238,1/12/2025,Vikas M,Bengaluru,Bike,Full-time,4.6,Y
DP01797,12/2/2024,Rakesh W,Chennai,Bike,Full-time,4.74,N
DP06744,12/16/2024,Manoj Y,Hyderabad,Bike,Full-time,4.42,Y
DP04838,1/1/2025,Priya S,Bengaluru,Bike,Contract,5,Y
DP08527,1/11/2025,Priya P,Ahmedabad,Scooter,Contract,4.61,Y
DP05048,1/8/2025,Meena M,Hyderabad,Car,Full-time,4.65,Y
DP02797,1/13/2025,Suresh N,Ahmedabad,Bike,Full-time,4.89,Y
DP05798,1/4/2025,Neha X,Delhi,Bike,Full-time,4.39,N
DP12105,12/29/2024,Ananya I,Ahmedabad,Bike,Contract,3.6,N
DP10562,12/30/2024,Neha Q,Pune,Scooter,Part-time,4.71,Y
DP09206,1/14/2025,Deepak I,Mumbai,Bike,Contract,4.21,Y
DP04741,1/6/2025,Vikas K,Bengaluru,Scooter,Part-time,4.28,N
DP00487,1/1/2025,Sneha R,Bengaluru,Scooter,Contract,4.41,Y
DP09489,1/8/2025,Ravi T,Bengaluru,Scooter,Full-time,3.87,Y
DP11243,1/14/2025,Rakesh I,Delhi,Bike,Full-time,4.86,Y
DP13085,1/12/2025,Rakesh G,Bengaluru,Scooter,Part-time,3.81,Y
DP13198,1/13/2025,Sneha L,Bengaluru,Bike,Full-time,4.52,Y
DP10605,1/13/2025,Sneha U,Kolkata,Bike,Full-time,3.9,Y
DP00364,1/10/2025,Priya C,Ahmedabad,Bike,Full-time,3.88,Y
DP04694,1/13/2025,Meena F,Mumbai,Bike,Contract,3.6,Y
DP10323,12/26/2024,Priya L,Mumbai,Cycle,Contract,4.23,Y
DP01567,1/9/2025,Arjun C,Delhi,Cycle,Contract,4.03,Y
DP14753,1/11/2025,Santosh M,Delhi,Bike,Full-time,4.49,Y
DP09307,1/8/2025,Kiran M,Bengaluru,Bike,Contract,4.73,Y
DP13880,1/7/2025,Divya Z,Kolkata,Bike,Full-time,4.29,Y
DP04562,1/13/2025,Shreya C,Mumbai,Bike,Full-time,4.34,Y
DP00908,1/6/2025,Ravi U,Hyderabad,Car,Full-time,4.5,Y
DP07021,1/13/2025,Ravi P,Bengaluru,Bike,Contract,4.14,Y
DP01198,12/24/2024,Rahul V,Delhi,Scooter,Full-time,4.46,Y
DP00161,1/5/2025,Manoj D,Pune,Scooter,Full-time,4.5,Y
DP11859,1/8/2025,Neha R,Pune,Cycle,Full-time,4.34,Y
DP09653,12/29/2024,Ananya D,Kolkata,Bike,Part-time,4.17,Y
DP05674,1/2/2025,Vikas W,Kolkata,Scooter,Part-time,4.38,Y
DP01471,1/6/2025,Suresh N,Pune,Car,Full-time,4.68,Y
DP13683,1/10/2025,Vikas P,Chennai,Scooter,Full-time,4.03,Y
DP04918,1/12/2025,Rahul R,Kolkata,Cycle,Full-time,4.61,Y
DP08798,1/22/2025,Pooja Z,Chennai,Scooter,Full-time,4.5,Y
DP14348,12/21/2024,Amit X,Mumbai,Scooter,Part-time,3.97,Y
DP00688,1/12/2025,Deepak J,Bengaluru,Cycle,Part-time,4.07,Y
DP01490,12/31/2024,Neha E,Mumbai,Bike,Part-time,4.41,Y
DP11954,12/29/2024,Meena M,Ahmedabad,Bike,Part-time,4.22,Y
DP06716,12/14/2024,Santosh Y,Mumbai,Bike,Part-time,4.17,N
DP08890,1/4/2025,Sneha Z,Bengaluru,Scooter,Full-time,3.97,Y
DP03384,1/14/2025,Rahul C,Pune,Cycle,Part-time,4.52,Y
DP02762,12/10/2024,Meena U,Pune,Bike,Part-time,4.62,Y
DP09490,12/25/2024,Arjun E,Kolkata,Cycle,Full-time,4.86,Y
DP07719,1/13/2025,Suresh U,Mumbai,Scooter,Part-time,3.93,N
DP10205,1/2/2025,Divya S,Mumbai,Scooter,Full-time,4.36,N
DP09711,11/22/2024,Neha W,Mumbai,Scooter,Part-time,4.63,Y
DP04426,12/24/2024,Rahul M,Bengaluru,Scooter,Contract,4.04,N
DP03048,1/7/2025,Arjun A,Mumbai,Scooter,Full-time,4,Y
DP01654,1/14/2025,Meena L,Hyderabad,Bike,Part-time,4.2,Y
DP05434,1/7/2025,Santosh G,Mumbai,Bike,Full-time,3.72,N
DP13453,1/8/2025,Priya I,Kolkata,Bike,Part-time,3.75,Y
DP06543,1/4/2025,Vikas C,Delhi,Cycle,Full-time,3.54,N
DP12864,12/24/2024,Divya U,Chennai,Bike,Part-time,4.41,Y
DP00726,12/6/2024,Kiran H,Bengaluru,Bike,Full-time,4.1,Y
DP07568,12/30/2024,Neha Y,Hyderabad,Car,Contract,3.92,Y
DP12201,1/4/2025,Shreya U,Chennai,Bike,Full-time,4.2,Y
DP11001,1/3/2025,Shreya J,Mumbai,Scooter,Full-time,3.89,Y
DP09939,1/3/2025,Vikas Z,Bengaluru,Bike,Full-time,4.59,Y
DP03355,1/10/2025,Rahul W,Mumbai,Bike,Part-time,4.7,Y
DP07246,12/29/2024,Kiran H,Mumbai,Scooter,Full-time,4.48,Y
DP09304,1/6/2025,Ravi L,Ahmedabad,Scooter,Full-time,4.13,Y
DP14676,1/11/2025,Divya A,Chennai,Scooter,Part-time,4.55,Y
DP10449,1/14/2025,Divya A,Mumbai,Scooter,Full-time,4.03,N
DP08722,1/7/2025,Ravi L,Mumbai,Scooter,Full-time,4.22,Y
DP11019,12/11/2024,Priya Q,Hyderabad,Bike,Full-time,4.09,Y
DP00094,1/13/2025,Rakesh B,Mumbai,Scooter,Part-time,4.06,Y
DP14810,1/15/2025,Meena L,Delhi,Scooter,Part-time,4.65,Y
DP05910,2/11/2025,Nikhil Q,Hyderabad,Bike,Full-time,4.39,Y
DP07258,12/27/2024,Neha Y,Hyderabad,Cycle,Contract,3.86,Y
DP07787,1/11/2025,Sneha Q,Chennai,Cycle,Full-time,3.61,Y
DP10768,1/7/2025,Amit B,Delhi,Bike,Full-time,3.95,Y
DP00655,1/3/2025,Ananya Z,Mumbai,Scooter,Full-time,4.16,Y
DP01063,12/13/2024,Ananya P,Ahmedabad,Scooter,Part-time,4.17,Y
DP00414,1/1/2025,Amit R,Bengaluru,Bike,Part-time,4.32,Y
DP04978,1/5/2025,Rakesh N,Mumbai,Scooter,Full-time,4.57,Y
DP13493,1/11/2025,Suresh Q,Hyderabad,Scooter,Full-time,4.5,Y
DP03365,12/28/2024,Ananya P,Hyderabad,Scooter,Contract,3.66,Y
DP03212,12/31/2024,Santosh I,Mumbai,Scooter,Contract,4.02,Y
DP01094,1/13/2025,Suresh R,Bengaluru,Scooter,Part-time,3.63,Y
DP11983,1/7/2025,Santosh I,Ahmedabad,Scooter,Contract,4.48,Y
DP05422,12/13/2024,Divya P,Hyderabad,Bike,Full-time,4.07,Y
DP05743,1/1/2025,Manoj R,Bengaluru,Bike,Contract,4.41,Y
DP12268,1/2/2025,Santosh R,Pune,Bike,Contract,4.28,N
DP11637,5/10/2025,Arjun V,Kolkata,Bike,Full-time,4.62,Y
DP06863,1/2/2025,Rahul D,Bengaluru,Scooter,Full-time,4.27,Y
DP04248,1/11/2025,Rahul X,Delhi,Bike,Part-time,4.37,Y
DP09000,1/3/2025,Meena I,Bengaluru,Scooter,Part-time,4.05,Y
DP01542,1/7/2025,Shreya F,Bengaluru,Scooter,Part-time,3.9,Y
DP08469,1/13/2025,Ananya T,Chennai,Scooter,Part-time,4.31,Y
DP05509,12/31/2024,Suresh X,Ahmedabad,Bike,Contract,3.84,Y
DP05668,12/22/2024,Rakesh Z,Bengaluru,Bike,Contract,3.57,Y
DP02628,12/28/2024,Ravi D,Bengaluru,Bike,Part-time,3.95,N
DP12089,12/26/2024,Kiran P,Delhi,Scooter,Part-time,4.3,Y
DP07662,1/14/2025,Ananya N,Mumbai,Bike,Part-time,4.06,Y
DP05506,12/30/2024,Rakesh G,Kolkata,Cycle,Full-time,4.31,N
DP08596,1/12/2025,Neha B,Pune,Scooter,Part-time,4.23,Y
DP06594,2/25/2025,Priya O,Bengaluru,Scooter,Full-time,4.15,Y
DP03454,1/4/2025,Amit H,Hyderabad,Bike,Full-time,3.91,N
DP14950,1/8/2025,Pooja U,Mumbai,Bike,Full-time,4,Y
DP04268,1/7/2025,Manoj B,Kolkata,Bike,Full-time,3.99,Y
DP12565,12/23/2024,Ananya Y,Ahmedabad,Scooter,Part-time,4.39,Y
DP08719,1/12/2025,Suresh P,Mumbai,Bike,Part-time,3.88,N
DP00804,12/28/2024,Ravi I,Pune,Cycle,Contract,4.15,Y
DP14834,1/3/2025,Kiran P,Bengaluru,Bike,Contract,4.04,Y
DP00903,12/7/2024,Priya Q,Mumbai,Scooter,Full-time,3.99,Y
DP03448,1/5/2025,Deepak U,Bengaluru,Scooter,Full-time,4.34,Y
DP03969,1/13/2025,Suresh Y,Delhi,Bike,Full-time,4.29,Y
DP09472,1/13/2025,Rahul R,Delhi,Bike,Part-time,4.23,Y
DP11370,12/17/2024,Rakesh O,Delhi,Scooter,Full-time,3.74,Y
DP01989,1/8/2025,Vikas W,Kolkata,Scooter,Contract,4.05,Y
DP08803,1/11/2025,Arjun T,Pune,Car,Part-time,4.43,N
DP01046,1/13/2025,Rakesh L,Chennai,Scooter,Full-time,4.03,Y
DP14569,1/14/2025,Nikhil J,Delhi,Bike,Full-time,4.33,N
DP13390,12/12/2024,Vikas T,Bengaluru,Car,Part-time,4.99,Y
DP11940,1/15/2025,Kiran Q,Kolkata,Scooter,Full-time,3.96,Y
DP03946,1/11/2025,Manoj Q,Kolkata,Scooter,Full-time,4.2,Y
DP08860,1/9/2025,Neha Y,Pune,Scooter,Full-time,4.33,Y
DP09492,1/25/2025,Arjun H,Kolkata,Bike,Full-time,3.85,Y
DP07950,1/13/2025,Arjun L,Bengaluru,Scooter,Full-time,4.5,Y
DP02790,1/3/2025,Priya P,Bengaluru,Cycle,Part-time,4.68,Y
DP14181,1/3/2025,Ananya X,Mumbai,Scooter,Full-time,3.68,Y
DP08036,1/1/2025,Vikas B,Chennai,Scooter,Part-time,4.25,Y
DP09726,12/17/2024,Pooja H,Bengaluru,Scooter,Part-time,3.53,Y
DP04995,1/2/2025,Suresh O,Chennai,Bike,Full-time,4.31,Y
DP08074,1/3/2025,Arjun H,Bengaluru,Cycle,Part-time,4.47,Y
DP11504,1/8/2025,Rahul D,Bengaluru,Cycle,Part-time,4.19,Y
DP08080,12/23/2024,Arjun Y,Ahmedabad,Scooter,Full-time,3.88,Y
DP03862,12/19/2024,Arjun D,Bengaluru,Cycle,Full-time,4.31,Y
DP10154,1/13/2025,Meena J,Delhi,Scooter,Part-time,4.11,N
DP07091,1/5/2025,Manoj A,Bengaluru,Scooter,Contract,3.87,N
DP13094,1/15/2025,Priya M,Bengaluru,Scooter,Full-time,4.15,Y
DP13672,1/7/2025,Shreya D,Mumbai,Scooter,Full-time,4.75,Y
DP01507,12/22/2024,Ravi H,Mumbai,Bike,Contract,4.4,Y
DP09312,12/28/2024,Suresh S,Hyderabad,Scooter,Contract,4.62,Y
DP05479,1/1/2025,Neha M,Chennai,Scooter,Part-time,4.1,Y
DP13108,12/26/2024,Shreya C,Mumbai,Scooter,Part-time,4.06,Y
DP05329,12/27/2024,Ananya W,Bengaluru,Scooter,Part-time,4.22,Y
DP14867,1/3/2025,Rahul R,Chennai,Scooter,Full-time,3.76,Y
DP08844,1/8/2025,Meena L,Bengaluru,Bike,Part-time,4.66,Y
DP08125,12/27/2024,Arjun T,Bengaluru,Scooter,Part-time,4.64,Y
DP14627,12/30/2024,Arjun X,Kolkata,Bike,Full-time,3.76,Y
DP02521,1/13/2025,Kiran P,Pune,Bike,Full-time,4.27,Y
DP11947,1/14/2025,Suresh H,Bengaluru,Bike,Contract,4.29,Y
DP08345,1/4/2025,Vikas G,Delhi,Bike,Full-time,4.19,Y
DP04922,1/8/2025,Kiran T,Bengaluru,Scooter,Full-time,4.27,N
DP05076,1/12/2025,Rakesh K,Hyderabad,Scooter,Contract,4.23,Y
DP07911,1/3/2025,Ravi F,Bengaluru,Bike,Full-time,4.21,N
DP07214,1/13/2025,Shreya T,Hyderabad,Bike,Part-time,4.83,Y
DP02311,1/14/2025,Ananya C,Kolkata,Bike,Full-time,4.26,Y
DP13554,1/16/2025,Amit Q,Ahmedabad,Cycle,Contract,3.85,Y
DP03569,12/22/2024,Ravi W,Ahmedabad,Scooter,Full-time,3.94,Y
DP10456,1/11/2025,Manoj L,Mumbai,Bike,Full-time,4.06,Y
DP01699,12/29/2024,Priya Y,Chennai,Car,Part-time,4.12,Y
DP11415,1/9/2025,Manoj T,Hyderabad,Scooter,Part-time,3.95,Y
DP09323,1/11/2025,Shreya D,Mumbai,Cycle,Full-time,3.71,Y
DP14568,1/4/2025,Divya V,Bengaluru,Scooter,Contract,3.71,N
DP10634,12/28/2024,Ananya M,Bengaluru,Bike,Part-time,4.6,Y
DP10620,1/6/2025,Santosh A,Hyderabad,Bike,Part-time,4.41,Y
DP02150,1/13/2025,Rakesh U,Hyderabad,Scooter,Part-time,4.14,Y
DP11768,1/27/2025,Pooja R,Mumbai,Car,Part-time,4.08,N
DP08637,1/12/2025,Shreya K,Chennai,Scooter,Part-time,4.59,Y
DP07154,1/8/2025,Vikas W,Mumbai,Scooter,Full-time,4.49,Y
DP03456,1/10/2025,Rakesh S,Chennai,Scooter,Part-time,4.24,Y
DP14914,1/4/2025,Nikhil X,Hyderabad,Car,Full-time,3.56,Y
DP12635,1/4/2025,Suresh D,Ahmedabad,Bike,Full-time,4.38,Y
DP05971,1/9/2025,Sneha F,Pune,Scooter,Full-time,3.88,Y
DP12810,1/3/2025,Nikhil O,Bengaluru,Scooter,Part-time,4.33,Y
DP06497,1/15/2025,Shreya F,Mumbai,Scooter,Full-time,3.51,Y
DP14149,1/4/2025,Suresh Q,Kolkata,Car,Full-time,4.52,Y
DP12166,1/12/2025,Sneha T,Delhi,Scooter,Full-time,4.51,Y
DP02827,1/15/2025,Sneha T,Bengaluru,Scooter,Full-time,3.78,Y
DP01142,1/8/2025,Shreya U,Ahmedabad,Bike,Full-time,4.05,Y
DP04352,1/15/2025,Manoj N,Kolkata,Car,Contract,4.02,Y
DP13898,1/15/2025,Vikas W,Mumbai,Scooter,Full-time,4.17,Y
DP03587,1/7/2025,Vikas Y,Delhi,Scooter,Contract,3.83,Y
DP12821,1/13/2025,Pooja E,Bengaluru,Cycle,Full-time,4.68,Y
DP03532,12/31/2024,Neha I,Kolkata,Bike,Part-time,4.43,Y
DP12378,1/1/2025,Manoj H,Bengaluru,Bike,Part-time,4.45,Y
DP14250,1/9/2025,Santosh Q,Kolkata,Car,Part-time,4.16,Y
DP05876,1/1/2025,Rakesh Q,Pune,Scooter,Full-time,4.63,Y
DP03137,12/14/2024,Arjun O,Pune,Bike,Part-time,3.9,Y
DP13808,1/15/2025,Amit K,Delhi,Scooter,Contract,3.6,Y
DP05780,1/16/2025,Nikhil O,Delhi,Cycle,Part-time,3.87,Y
DP09956,12/26/2024,Shreya K,Pune,Cycle,Part-time,4.23,Y
DP05911,1/4/2025,Santosh D,Bengaluru,Bike,Full-time,4.01,Y
DP05188,1/5/2025,Priya U,Bengaluru,Scooter,Part-time,4.06,Y
DP14770,1/13/2025,Neha I,Bengaluru,Scooter,Full-time,3.97,Y
DP11682,1/3/2025,Vikas F,Delhi,Cycle,Full-time,4.38,Y
DP02317,12/30/2024,Nikhil C,Hyderabad,Bike,Full-time,3.56,Y
DP02885,1/14/2025,Shreya C,Bengaluru,Cycle,Full-time,3.83,Y
DP02280,12/29/2024,Nikhil I,Bengaluru,Bike,Part-time,4.06,Y
DP09072,1/13/2025,Meena C,Kolkata,Car,Part-time,3.57,Y
DP03129,1/14/2025,Amit N,Bengaluru,Cycle,Part-time,4.51,N
DP01637,1/13/2025,Arjun I,Chennai,Cycle,Full-time,4.55,Y
DP00347,1/5/2025,Ananya E,Bengaluru,Bike,Full-time,4.48,Y
DP08457,1/7/2025,Vikas G,Bengaluru,Bike,Full-time,4.23,N
DP07233,12/30/2024,Rahul I,Bengaluru,Scooter,Full-time,4.45,N
DP09388,1/9/2025,Pooja W,Kolkata,Scooter,Part-time,3.59,Y
DP12604,1/11/2025,Vikas H,Delhi,Bike,Part-time,4.29,Y
DP07199,1/13/2025,Divya H,Hyderabad,Bike,Part-time,4.15,Y
DP11514,1/11/2025,Rahul I,Hyderabad,Bike,Contract,4.21,Y
DP02654,1/14/2025,Meena E,Bengaluru,Car,Full-time,4.24,Y
DP02006,12/14/2024,Santosh Y,Pune,Bike,Full-time,4.25,Y
DP00852,1/8/2025,Divya P,Delhi,Bike,Contract,4.26,Y
DP02299,12/18/2024,Ananya U,Mumbai,Bike,Full-time,4.15,Y
DP06131,1/10/2025,Shreya E,Bengaluru,Bike,Full-time,4.16,N
DP11505,1/3/2025,Sneha T,Mumbai,Bike,Full-time,4.53,Y
DP11912,1/3/2025,Deepak Q,Hyderabad,Cycle,Full-time,4.28,Y
DP06697,1/12/2025,Ravi V,Ahmedabad,Bike,Part-time,4.16,Y
DP01002,1/14/2025,Priya L,Bengaluru,Scooter,Full-time,4.42,Y
DP07995,1/9/2025,Pooja Y,Delhi,Scooter,Contract,4.53,Y
DP12891,1/8/2025,Deepak E,Kolkata,Scooter,Contract,4.38,Y
DP14797,1/15/2025,Rahul E,Mumbai,Scooter,Part-time,3.72,Y
DP09353,1/7/2025,Manoj G,Bengaluru,Bike,Full-time,4.23,Y
DP00631,12/27/2024,Shreya L,Hyderabad,Scooter,Contract,3.58,Y
DP04455,1/10/2025,Rakesh L,Chennai,Bike,Part-time,3.99,Y
DP02799,3/8/2025,Suresh Z,Bengaluru,Cycle,Contract,4.57,Y
DP03815,1/29/2025,Deepak W,Delhi,Scooter,Full-time,3.53,Y
DP08947,12/24/2024,Divya S,Ahmedabad,Bike,Part-time,4.19,Y
DP06860,12/28/2024,Shreya X,Hyderabad,Scooter,Full-time,4.38,N
DP00335,1/6/2025,Pooja F,Hyderabad,Scooter,Full-time,4.6,Y
DP06538,1/5/2025,Nikhil F,Pune,Scooter,Part-time,4.09,Y
DP14813,1/11/2025,Amit I,Bengaluru,Scooter,Full-time,4,Y
DP09071,1/7/2025,Priya B,Chennai,Scooter,Full-time,4.36,Y
DP10007,1/12/2025,Rahul S,Bengaluru,Bike,Full-time,4.06,Y
DP08244,12/18/2024,Neha Q,Chennai,Bike,Contract,4.66,Y
DP13495,1/14/2025,Divya W,Hyderabad,Cycle,Full-time,4.31,Y
DP13481,12/19/2024,Manoj D,Mumbai,Cycle,Part-time,4.48,N
DP02082,12/24/2024,Deepak M,Kolkata,Bike,Full-time,4.68,Y
DP04462,12/29/2024,Nikhil O,Ahmedabad,Scooter,Part-time,4.59,N
DP07487,12/22/2024,Manoj G,Mumbai,Scooter,Part-time,4.01,Y
DP01434,1/13/2025,Kiran E,Mumbai,Scooter,Contract,4.12,Y
DP11184,1/7/2025,Divya W,Hyderabad,Cycle,Full-time,4.42,Y
DP05114,12/30/2024,Rakesh J,Chennai,Cycle,Part-time,4.38,Y
DP03404,1/10/2025,Kiran W,Ahmedabad,Car,Contract,4.32,Y
DP10489,1/7/2025,Vikas H,Bengaluru,Scooter,Full-time,4.77,Y
DP08498,1/12/2025,Rahul I,Chennai,Scooter,Full-time,4.03,Y
DP14599,1/1/2025,Priya N,Bengaluru,Scooter,Contract,4.16,N
DP07092,12/17/2024,Rakesh T,Mumbai,Scooter,Part-time,4.02,N
DP07843,1/15/2025,Manoj P,Pune,Scooter,Full-time,4.2,N
DP02126,1/2/2025,Ananya J,Bengaluru,Cycle,Contract,4.36,Y
DP02413,12/28/2024,Nikhil F,Kolkata,Bike,Part-time,3.79,Y
DP14109,12/29/2024,Arjun D,Mumbai,Bike,Part-time,4.18,N
DP01112,11/28/2024,Arjun X,Mumbai,Scooter,Full-time,3.81,Y
DP14143,12/28/2024,Suresh L,Mumbai,Bike,Full-time,4.72,Y
DP12384,1/11/2025,Rahul T,Mumbai,Cycle,Full-time,4.1,Y
DP03713,1/16/2025,Suresh D,Mumbai,Bike,Part-time,4.19,Y
DP08282,1/6/2025,Shreya O,Chennai,Scooter,Full-time,4.3,N
DP10639,1/13/2025,Santosh J,Ahmedabad,Scooter,Contract,3.82,Y
DP05005,1/12/2025,Shreya H,Delhi,Bike,Full-time,3.99,Y
DP10739,1/8/2025,Deepak N,Hyderabad,Bike,Full-time,4.03,Y
DP06344,1/11/2025,Nikhil S,Chennai,Scooter,Part-time,3.74,Y
DP11955,1/7/2025,Rahul A,Mumbai,Scooter,Part-time,4.19,Y
DP07223,1/13/2025,Vikas Y,Hyderabad,Scooter,Full-time,4.06,Y
DP11367,1/15/2025,Shreya V,Bengaluru,Scooter,Full-time,4.25,Y
DP09831,1/8/2025,Deepak Q,Bengaluru,Scooter,Full-time,4.98,Y
DP08662,12/23/2024,Amit P,Mumbai,Bike,Part-time,4.18,Y
DP03675,12/28/2024,Kiran S,Delhi,Car,Part-time,4.48,N
DP10038,1/2/2025,Rakesh R,Mumbai,Bike,Full-time,4.42,Y
DP13441,1/5/2025,Neha V,Bengaluru,Cycle,Part-time,3.8,Y
DP12941,1/7/2025,Manoj E,Bengaluru,Bike,Full-time,4.09,Y
DP12789,12/31/2024,Pooja S,Delhi,Bike,Part-time,3.75,Y
DP05883,12/23/2024,Nikhil W,Bengaluru,Car,Full-time,4.08,Y
DP06417,12/17/2024,Rakesh K,Delhi,Scooter,Part-time,4.52,Y
DP06667,12/31/2024,Rakesh T,Hyderabad,Scooter,Full-time,4.48,Y
DP08805,12/29/2024,Ravi H,Chennai,Car,Contract,4.58,Y
DP12783,12/19/2024,Pooja B,Pune,Bike,Part-time,4.42,Y
DP09997,12/21/2024,Manoj O,Ahmedabad,Bike,Part-time,4.32,Y
DP14782,1/9/2025,Pooja Z,Mumbai,Cycle,Full-time,4.13,Y
DP11664,1/6/2025,Ravi F,Chennai,Bike,Full-time,3.97,Y
DP14917,1/16/2025,Ananya A,Chennai,Bike,Part-time,4.07,Y
DP11957,1/11/2025,Pooja J,Bengaluru,Scooter,Full-time,3.84,Y
DP03704,1/3/2025,Deepak K,Mumbai,Scooter,Contract,4.64,Y
DP00288,1/8/2025,Suresh X,Bengaluru,Scooter,Full-time,4.03,Y
DP02906,1/8/2025,Ananya Y,Chennai,Scooter,Contract,4.42,Y
DP05642,1/29/2025,Vikas K,Bengaluru,Scooter,Contract,4.3,Y
DP11087,1/7/2025,Sneha N,Pune,Bike,Full-time,3.95,Y
DP11376,1/10/2025,Deepak U,Mumbai,Bike,Full-time,3.62,Y
DP06180,1/4/2025,Priya A,Pune,Scooter,Full-time,3.66,Y
DP02374,1/6/2025,Amit E,Bengaluru,Bike,Full-time,4.34,Y
DP06392,12/18/2024,Neha H,Kolkata,Scooter,Full-time,3.67,Y
DP14395,1/3/2025,Vikas A,Kolkata,Bike,Contract,4.26,Y
DP11752,12/25/2024,Vikas F,Hyderabad,Bike,Part-time,4.15,Y
DP03113,1/1/2025,Ananya R,Pune,Cycle,Full-time,4.12,Y
DP05982,12/27/2024,Kiran Q,Hyderabad,Scooter,Full-time,4.39,Y
DP14650,1/4/2025,Neha D,Bengaluru,Bike,Contract,4.36,Y
DP09060,12/30/2024,Sneha P,Ahmedabad,Scooter,Contract,4.01,Y
DP09331,1/7/2025,Nikhil R,Delhi,Scooter,Part-time,4.24,Y
DP05635,1/9/2025,Rahul M,Mumbai,Scooter,Full-time,4.26,Y
DP06409,1/22/2025,Deepak B,Chennai,Bike,Full-time,4.16,Y
DP12522,1/11/2025,Rakesh S,Bengaluru,Cycle,Part-time,5,Y
DP10570,1/9/2025,Neha K,Ahmedabad,Cycle,Part-time,4.22,Y
DP08855,12/23/2024,Arjun E,Ahmedabad,Scooter,Contract,3.95,Y
DP12361,12/20/2024,Nikhil F,Bengaluru,Scooter,Contract,4.02,N
DP13283,12/25/2024,Divya H,Bengaluru,Bike,Part-time,3.88,Y
DP01873,1/12/2025,Ravi O,Ahmedabad,Bike,Full-time,4.37,Y
DP00491,1/13/2025,Ravi H,Mumbai,Scooter,Full-time,4.59,Y
DP04087,12/17/2024,Suresh L,Bengaluru,Scooter,Full-time,3.77,Y
DP00078,1/1/2025,Arjun F,Hyderabad,Scooter,Part-time,4.39,Y
DP05708,1/3/2025,Shreya Z,Bengaluru,Bike,Full-time,3.94,Y
DP03722,12/13/2024,Ravi D,Kolkata,Car,Full-time,3.97,Y
DP01493,12/29/2024,Ananya R,Kolkata,Bike,Full-time,4.15,Y
DP14252,1/6/2025,Suresh T,Bengaluru,Bike,Full-time,4.3,Y
DP08063,1/15/2025,Meena O,Hyderabad,Scooter,Part-time,4.37,Y
DP08786,12/31/2024,Ravi O,Hyderabad,Scooter,Contract,4.53,Y
DP05784,1/5/2025,Divya Z,Delhi,Scooter,Part-time,3.81,Y
DP03818,1/5/2025,Arjun Y,Bengaluru,Bike,Full-time,4.83,Y
DP14285,1/13/2025,Kiran K,Bengaluru,Bike,Full-time,4.39,N
DP05665,1/7/2025,Rakesh Z,Bengaluru,Bike,Full-time,4.07,Y
DP01942,1/12/2025,Neha V,Chennai,Cycle,Part-time,4.4,Y
DP04829,1/14/2025,Suresh Y,Hyderabad,Scooter,Part-time,4.45,Y
DP00270,1/12/2025,Deepak F,Delhi,Bike,Contract,4.4,Y
DP07014,1/13/2025,Arjun V,Bengaluru,Car,Full-time,4.11,Y
DP11315,1/11/2025,Deepak N,Mumbai,Bike,Full-time,3.87,Y
DP04361,1/11/2025,Neha V,Bengaluru,Bike,Part-time,4.68,Y
DP06939,1/10/2025,Sneha A,Hyderabad,Scooter,Full-time,4.49,Y
DP02020,1/26/2025,Pooja B,Bengaluru,Cycle,Full-time,4.11,Y
DP05315,1/2/2025,Manoj Y,Mumbai,Bike,Part-time,3.46,Y
DP12895,12/21/2024,Suresh B,Chennai,Car,Full-time,3.57,Y
DP02414,1/6/2025,Vikas Y,Bengaluru,Cycle,Full-time,4.49,Y
DP08748,12/30/2024,Kiran Y,Bengaluru,Cycle,Part-time,4.46,Y
DP01010,1/14/2025,Amit A,Kolkata,Bike,Contract,4.21,Y
DP06325,1/10/2025,Arjun M,Bengaluru,Scooter,Contract,3.98,Y
DP05829,1/10/2025,Priya K,Bengaluru,Scooter,Full-time,4.57,Y
DP05343,1/11/2025,Neha A,Chennai,Car,Part-time,4.11,Y
DP12084,1/11/2025,Divya L,Bengaluru,Cycle,Full-time,3.93,Y
DP01985,1/5/2025,Sneha U,Mumbai,Scooter,Full-time,4.47,Y
DP07167,1/4/2025,Divya N,Kolkata,Bike,Full-time,4.11,Y
DP05134,12/25/2024,Divya U,Mumbai,Cycle,Part-time,4.04,Y
DP13226,1/7/2025,Meena W,Bengaluru,Bike,Full-time,4.29,Y
DP07856,1/13/2025,Manoj W,Kolkata,Scooter,Full-time,4.29,Y
DP09838,1/11/2025,Neha R,Chennai,Bike,Full-time,3.96,Y
DP03754,1/4/2025,Ananya F,Bengaluru,Cycle,Full-time,4.13,Y
DP03313,12/22/2024,Shreya O,Bengaluru,Bike,Full-time,3.67,Y
DP07166,1/5/2025,Amit J,Mumbai,Cycle,Full-time,4.43,Y
DP06073,1/16/2025,Vikas J,Mumbai,Cycle,Contract,4.25,Y
DP05064,12/30/2024,Divya F,Delhi,Cycle,Part-time,4.13,Y
DP04189,1/6/2025,Ananya T,Hyderabad,Bike,Full-time,3.77,Y
DP11758,12/30/2024,Ravi O,Chennai,Bike,Full-time,4.65,Y
DP11037,12/27/2024,Rakesh Q,Pune,Bike,Full-time,4.41,N
DP08549,1/7/2025,Priya S,Hyderabad,Bike,Part-time,4.4,Y
DP11715,1/13/2025,Rakesh P,Mumbai,Scooter,Full-time,4.25,Y
DP09738,12/25/2024,Meena R,Bengaluru,Bike,Part-time,4.16,Y
DP05783,1/12/2025,Pooja L,Bengaluru,Bike,Contract,4.41,Y
DP08481,1/15/2025,Ananya A,Hyderabad,Scooter,Full-time,4.41,Y
DP14517,1/13/2025,Shreya T,Chennai,Cycle,Full-time,4.02,Y
DP02803,1/10/2025,Rahul H,Mumbai,Cycle,Full-time,3.62,Y
DP00105,1/11/2025,Kiran E,Mumbai,Bike,Part-time,4.14,Y
DP03103,1/3/2025,Vikas J,Pune,Scooter,Contract,4.1,Y
DP08236,1/5/2025,Shreya A,Chennai,Cycle,Full-time,4.61,Y
DP02818,1/14/2025,Rahul N,Mumbai,Cycle,Part-time,3.73,Y
DP09659,12/22/2024,Manoj U,Pune,Cycle,Full-time,4.46,Y
DP04194,12/31/2024,Meena L,Ahmedabad,Bike,Part-time,3.6,Y
DP10420,12/20/2024,Deepak M,Bengaluru,Scooter,Contract,3.96,Y
DP05811,1/12/2025,Santosh B,Bengaluru,Scooter,Contract,4.67,Y
DP10980,12/31/2024,Vikas K,Bengaluru,Cycle,Full-time,4.13,Y
DP05578,1/5/2025,Shreya A,Delhi,Scooter,Full-time,4.02,Y
DP14034,1/7/2025,Meena D,Kolkata,Bike,Full-time,4.27,Y
DP03344,1/9/2025,Arjun V,Mumbai,Scooter,Full-time,4.22,Y
DP13292,1/7/2025,Divya A,Ahmedabad,Scooter,Part-time,4.26,Y
DP07150,1/12/2025,Sneha G,Delhi,Scooter,Contract,4.81,Y
DP04317,1/2/2025,Divya G,Bengaluru,Scooter,Full-time,3.99,Y
DP11714,1/11/2025,Divya Y,Bengaluru,Scooter,Part-time,4.21,Y
DP14606,1/3/2025,Amit V,Bengaluru,Scooter,Part-time,4,Y
DP00503,1/11/2025,Pooja C,Bengaluru,Bike,Full-time,4.01,Y
DP10278,1/3/2025,Ananya K,Mumbai,Scooter,Part-time,4.35,N
DP12976,12/29/2024,Deepak F,Mumbai,Car,Part-time,4.8,Y
DP11121,1/13/2025,Divya O,Bengaluru,Scooter,Full-time,4.19,Y
DP04959,2/9/2025,Kiran P,Kolkata,Bike,Part-time,4.14,Y
DP03202,1/4/2025,Suresh J,Delhi,Scooter,Full-time,4.5,Y
DP09978,1/5/2025,Sneha I,Hyderabad,Bike,Contract,3.82,N
DP12724,12/25/2024,Divya L,Bengaluru,Cycle,Contract,4.14,Y
DP02645,1/12/2025,Meena P,Pune,Scooter,Contract,4.28,Y
DP10142,1/15/2025,Deepak X,Kolkata,Scooter,Part-time,4.57,Y
DP08731,1/14/2025,Rahul B,Hyderabad,Scooter,Full-time,4.3,Y
DP06730,12/19/2024,Shreya O,Bengaluru,Scooter,Full-time,4.17,Y
DP11480,12/16/2024,Kiran E,Delhi,Scooter,Full-time,4.17,Y
DP08288,1/14/2025,Ananya V,Bengaluru,Scooter,Contract,4.16,Y
DP02594,12/28/2024,Meena T,Delhi,Cycle,Part-time,4.3,Y
DP05056,1/5/2025,Pooja C,Mumbai,Cycle,Full-time,4.45,Y
DP04279,12/11/2024,Nikhil N,Kolkata,Scooter,Full-time,4.31,Y
DP14908,1/10/2025,Pooja T,Chennai,Bike,Contract,4.25,Y
DP04551,1/4/2025,Nikhil L,Mumbai,Scooter,Full-time,3.77,N
DP07403,1/11/2025,Sneha R,Mumbai,Cycle,Part-time,4.39,Y
DP06977,12/23/2024,Priya N,Mumbai,Scooter,Full-time,3.81,Y
DP00886,12/22/2024,Arjun Y,Bengaluru,Scooter,Full-time,4.42,Y
DP11149,1/3/2025,Nikhil P,Mumbai,Cycle,Part-time,4.27,Y
DP10085,12/29/2024,Neha U,Bengaluru,Scooter,Part-time,4.33,Y
DP01334,1/15/2025,Priya E,Ahmedabad,Bike,Contract,4.2,N
DP11094,1/8/2025,Ravi I,Bengaluru,Bike,Contract,4.29,Y
DP08560,1/13/2025,Rahul C,Mumbai,Scooter,Full-time,4.17,Y
DP08589,1/12/2025,Arjun O,Pune,Scooter,Contract,4.42,Y
DP10659,1/10/2025,Kiran M,Delhi,Bike,Part-time,3.94,Y
DP10533,1/1/2025,Vikas X,Delhi,Bike,Full-time,4.34,Y
DP02106,12/14/2024,Meena E,Mumbai,Scooter,Full-time,4.32,Y
DP06483,1/7/2025,Suresh Y,Chennai,Scooter,Full-time,4.14,Y
DP11088,12/25/2024,Deepak A,Hyderabad,Bike,Contract,3.81,Y
DP01287,1/3/2025,Kiran S,Delhi,Scooter,Full-time,4.54,N
DP01562,12/29/2024,Sneha J,Delhi,Scooter,Full-time,4.18,Y
DP11548,1/10/2025,Santosh J,Pune,Scooter,Part-time,4.64,Y
DP11238,12/27/2024,Sneha K,Delhi,Scooter,Part-time,3.82,Y
DP10692,1/16/2025,Meena W,Delhi,Scooter,Part-time,4.06,N
DP08962,1/9/2025,Suresh A,Bengaluru,Bike,Full-time,4.26,Y
DP06176,1/7/2025,Manoj Q,Mumbai,Bike,Part-time,4.48,Y
DP06211,1/13/2025,Pooja S,Bengaluru,Bike,Full-time,4.08,Y
DP10593,1/9/2025,Kiran W,Bengaluru,Bike,Full-time,4.44,Y
DP12102,1/12/2025,Pooja O,Hyderabad,Scooter,Contract,4.16,Y
DP08134,1/4/2025,Sneha G,Mumbai,Bike,Part-time,4.66,Y
DP12157,1/15/2025,Divya B,Chennai,Scooter,Full-time,3.99,Y
DP03109,1/5/2025,Suresh S,Pune,Scooter,Part-time,4.53,Y
DP09356,1/11/2025,Santosh W,Mumbai,Scooter,Full-time,4.15,Y
DP12863,1/8/2025,Suresh S,Chennai,Bike,Full-time,4.5,Y
DP04483,1/12/2025,Shreya D,Delhi,Scooter,Full-time,4.48,Y
DP02923,1/11/2025,Meena C,Hyderabad,Scooter,Full-time,4.32,Y
DP08323,1/7/2025,Ananya K,Chennai,Bike,Contract,4.37,Y
DP14872,12/30/2024,Vikas H,Kolkata,Scooter,Full-time,3.68,Y
DP05815,1/12/2025,Rahul F,Chennai,Scooter,Full-time,4.5,Y
DP07413,12/16/2024,Kiran B,Chennai,Scooter,Full-time,4.57,Y
DP05207,1/7/2025,Vikas W,Bengaluru,Cycle,Full-time,4.08,Y
DP04415,1/8/2025,Deepak E,Mumbai,Bike,Full-time,4.4,Y
DP08900,1/5/2025,Ravi U,Bengaluru,Cycle,Part-time,3.88,Y
DP04956,1/5/2025,Manoj Y,Bengaluru,Scooter,Full-time,4.13,Y
DP08421,1/17/2025,Manoj K,Bengaluru,Scooter,Contract,4.53,Y
DP02156,12/19/2024,Priya J,Bengaluru,Bike,Part-time,4.12,Y
DP14725,1/11/2025,Priya K,Chennai,Bike,Contract,3.83,Y
DP09377,1/7/2025,Kiran T,Bengaluru,Scooter,Full-time,3.78,Y
DP08673,12/31/2024,Amit A,Pune,Bike,Full-time,4.11,Y
DP07063,12/27/2024,Neha R,Hyderabad,Scooter,Full-time,4.32,N
DP11132,1/8/2025,Neha U,Mumbai,Bike,Part-time,3.78,Y
DP09846,1/8/2025,Pooja Y,Pune,Cycle,Full-time,4.28,Y
DP06449,12/16/2024,Priya I,Delhi,Bike,Full-time,4.66,Y
DP02141,1/9/2025,Divya M,Bengaluru,Scooter,Part-time,4.31,Y
DP04494,12/29/2024,Rahul O,Delhi,Bike,Full-time,4.48,Y
DP02394,1/14/2025,Nikhil F,Pune,Scooter,Full-time,3.75,Y
DP12934,12/12/2024,Amit C,Bengaluru,Bike,Full-time,4.19,N
DP01625,1/15/2025,Santosh P,Mumbai,Scooter,Contract,4.63,Y
DP14552,1/14/2025,Nikhil G,Bengaluru,Bike,Full-time,4.62,Y
DP04553,12/24/2024,Kiran O,Delhi,Cycle,Part-time,4.45,Y
DP10789,1/10/2025,Rakesh A,Chennai,Car,Part-time,4.45,Y
DP03945,1/14/2025,Vikas L,Hyderabad,Bike,Full-time,3.95,Y
DP08813,1/3/2025,Deepak C,Delhi,Bike,Full-time,4.14,N
DP13371,1/13/2025,Sneha A,Bengaluru,Cycle,Full-time,3.93,Y
DP14485,1/16/2025,Priya J,Bengaluru,Bike,Contract,4.41,Y
DP14413,12/26/2024,Santosh D,Ahmedabad,Scooter,Contract,4.07,Y
DP12142,12/14/2024,Vikas D,Bengaluru,Scooter,Part-time,3.81,Y
DP04092,12/26/2024,Divya D,Ahmedabad,Scooter,Part-time,4.79,N
DP02245,1/15/2025,Pooja W,Bengaluru,Scooter,Full-time,4.09,N
DP13547,12/25/2024,Ravi Z,Hyderabad,Bike,Part-time,4.33,Y
DP14515,12/9/2024,Rakesh R,Delhi,Scooter,Full-time,4.24,Y
DP00386,1/11/2025,Rakesh E,Mumbai,Bike,Part-time,4.57,Y
DP07380,1/14/2025,Suresh M,Ahmedabad,Bike,Full-time,4.06,Y
DP11908,1/6/2025,Rahul P,Kolkata,Cycle,Full-time,4.48,Y
DP01776,1/2/2025,Rahul K,Chennai,Scooter,Full-time,4.15,Y
DP13665,1/9/2025,Amit M,Kolkata,Scooter,Full-time,4.15,Y
DP13326,1/1/2025,Rakesh U,Bengaluru,Scooter,Part-time,3.93,Y
DP04227,1/21/2025,Rakesh J,Mumbai,Scooter,Full-time,4.56,Y
DP00247,1/30/2025,Santosh P,Bengaluru,Bike,Full-time,4.02,N
DP02899,12/26/2024,Ananya A,Hyderabad,Scooter,Full-time,4.07,N
DP01719,12/20/2024,Suresh A,Bengaluru,Scooter,Full-time,4.06,Y
DP14124,1/15/2025,Shreya R,Chennai,Scooter,Contract,4.42,Y
DP07054,4/13/2025,Kiran R,Ahmedabad,Bike,Contract,3.92,Y
DP13409,12/23/2024,Suresh U,Ahmedabad,Cycle,Full-time,4.19,Y
DP14761,12/29/2024,Shreya P,Delhi,Bike,Contract,4.28,Y
DP10924,1/11/2025,Meena K,Mumbai,Scooter,Full-time,4.09,Y
DP11597,1/12/2025,Sneha M,Bengaluru,Scooter,Part-time,4.49,Y
DP13236,1/15/2025,Sneha F,Chennai,Bike,Full-time,4.05,Y
DP08553,1/11/2025,Arjun N,Delhi,Cycle,Full-time,3.93,N
DP06597,1/7/2025,Neha I,Chennai,Scooter,Contract,3.98,Y
DP11139,12/31/2024,Arjun I,Mumbai,Bike,Contract,4.33,Y
DP10695,1/16/2025,Pooja K,Mumbai,Scooter,Full-time,4.07,Y
DP00754,1/11/2025,Meena Y,Ahmedabad,Scooter,Full-time,4.21,Y
DP02015,1/10/2025,Deepak S,Chennai,Bike,Full-time,4.37,Y
DP08341,1/8/2025,Ananya P,Delhi,Scooter,Contract,4.17,Y
DP06499,1/8/2025,Priya T,Delhi,Bike,Part-time,4,Y
DP11467,1/14/2025,Divya V,Bengaluru,Bike,Full-time,4.31,Y
DP07026,1/2/2025,Amit I,Bengaluru,Scooter,Contract,4.34,Y
DP14367,1/10/2025,Deepak R,Delhi,Cycle,Full-time,4.4,N
DP09912,1/4/2025,Vikas I,Pune,Bike,Full-time,3.59,Y
DP07383,1/9/2025,Neha J,Ahmedabad,Scooter,Full-time,3.78,Y
DP09266,12/30/2024,Pooja S,Hyderabad,Scooter,Part-time,4.32,Y
DP08810,1/10/2025,Sneha F,Chennai,Bike,Full-time,4.07,Y
DP08494,1/11/2025,Arjun Y,Ahmedabad,Bike,Full-time,4.64,Y
DP08752,12/29/2024,Deepak O,Kolkata,Cycle,Contract,3.94,Y
DP08246,12/20/2024,Ravi A,Bengaluru,Scooter,Full-time,4.04,Y
DP09936,1/10/2025,Nikhil L,Kolkata,Scooter,Full-time,4.23,Y
DP12881,1/7/2025,Ravi O,Hyderabad,Scooter,Full-time,4.48,Y
DP08473,12/29/2024,Rakesh S,Delhi,Bike,Full-time,4.05,Y
DP01920,1/11/2025,Pooja S,Delhi,Scooter,Full-time,4.12,Y
DP01566,12/30/2024,Manoj M,Kolkata,Bike,Contract,4.05,Y
DP07379,12/25/2024,Rakesh V,Ahmedabad,Scooter,Full-time,3.92,Y
DP05244,1/3/2025,Nikhil X,Chennai,Scooter,Full-time,4.67,Y
DP01836,1/14/2025,Neha G,Bengaluru,Bike,Contract,4.09,Y
DP06027,1/12/2025,Priya J,Bengaluru,Scooter,Full-time,3.66,Y
DP07109,12/31/2024,Suresh A,Chennai,Scooter,Contract,3.89,Y
DP08871,12/21/2024,Ravi M,Delhi,Bike,Full-time,4.05,Y
DP14049,1/7/2025,Santosh V,Mumbai,Scooter,Part-time,3.97,Y
DP13624,1/13/2025,Rakesh F,Pune,Scooter,Part-time,4.08,Y
DP13270,1/7/2025,Nikhil G,Bengaluru,Bike,Full-time,4.02,N
DP00700,1/13/2025,Nikhil Z,Delhi,Scooter,Part-time,4.24,Y
DP06017,12/30/2024,Rakesh W,Mumbai,Scooter,Part-time,4.25,Y
DP04593,1/13/2025,Kiran Z,Bengaluru,Scooter,Contract,4.22,Y
DP10853,1/16/2025,Shreya N,Delhi,Scooter,Full-time,4.46,Y
DP10421,1/15/2025,Sneha I,Pune,Scooter,Full-time,4.02,Y
DP07823,1/5/2025,Ravi E,Chennai,Scooter,Full-time,3.93,Y
DP06707,2/6/2025,Kiran F,Bengaluru,Scooter,Part-time,4.18,Y
DP09459,1/6/2025,Rahul R,Bengaluru,Cycle,Full-time,3.92,Y
DP09009,1/13/2025,Arjun U,Ahmedabad,Scooter,Part-time,4.15,Y
DP03196,1/5/2025,Rakesh O,Chennai,Scooter,Contract,4.48,Y
DP08160,1/16/2025,Manoj G,Chennai,Bike,Part-time,4.2,Y
DP11848,1/7/2025,Suresh T,Bengaluru,Scooter,Part-time,4.27,Y
DP13802,1/12/2025,Suresh W,Kolkata,Bike,Part-time,4.19,Y
DP04910,12/16/2024,Priya B,Ahmedabad,Scooter,Full-time,3.99,N
DP04406,1/13/2025,Meena R,Mumbai,Scooter,Full-time,4.11,Y
DP12823,12/31/2024,Vikas J,Hyderabad,Scooter,Full-time,3.64,Y
DP06367,1/5/2025,Sneha R,Bengaluru,Bike,Part-time,4.41,Y
DP10775,1/26/2025,Vikas D,Mumbai,Scooter,Full-time,4.48,Y
DP04647,1/13/2025,Manoj V,Ahmedabad,Bike,Part-time,3.96,Y
DP12485,1/15/2025,Sneha C,Bengaluru,Bike,Full-time,4.15,Y
DP06898,1/11/2025,Santosh L,Hyderabad,Bike,Part-time,4.28,Y
DP06144,1/12/2025,Pooja K,Pune,Bike,Part-time,4.34,Y
DP08177,1/12/2025,Kiran L,Delhi,Scooter,Part-time,4.4,Y
DP13282,1/7/2025,Sneha X,Hyderabad,Cycle,Part-time,3.93,Y
DP05748,1/5/2025,Ravi T,Mumbai,Scooter,Part-time,4.42,Y
DP07700,1/10/2025,Ananya X,Bengaluru,Cycle,Full-time,4.56,Y
DP13796,1/14/2025,Neha I,Chennai,Bike,Contract,4,Y
DP12436,1/11/2025,Manoj F,Bengaluru,Scooter,Part-time,4.49,Y
DP06037,1/6/2025,Nikhil O,Delhi,Bike,Part-time,3.86,Y
DP06689,1/1/2025,Suresh W,Chennai,Scooter,Full-time,3.99,Y
DP01641,12/27/2024,Pooja B,Delhi,Bike,Full-time,4.37,Y
DP11631,1/15/2025,Shreya E,Bengaluru,Cycle,Contract,4.32,Y
DP06346,1/16/2025,Arjun T,Bengaluru,Scooter,Part-time,4.6,Y
DP10821,1/11/2025,Sneha W,Pune,Scooter,Full-time,3.79,Y
DP01031,3/3/2025,Kiran S,Bengaluru,Bike,Full-time,4.03,Y
DP05786,1/9/2025,Sneha Y,Hyderabad,Cycle,Full-time,3.85,Y
DP04528,12/31/2024,Ravi X,Delhi,Scooter,Part-time,4.03,Y
DP11324,1/10/2025,Neha L,Chennai,Bike,Full-time,4.32,Y
DP03274,1/9/2025,Arjun T,Delhi,Bike,Full-time,4.37,Y
DP01089,1/14/2025,Manoj A,Bengaluru,Bike,Full-time,4.41,Y
DP13120,1/17/2025,Meena N,Mumbai,Scooter,Contract,4.15,Y
DP04334,1/10/2025,Priya M,Mumbai,Car,Full-time,4.48,Y
DP01870,1/15/2025,Shreya P,Hyderabad,Scooter,Full-time,4.28,Y
DP14729,1/14/2025,Rakesh P,Mumbai,Scooter,Full-time,3.72,Y
DP08971,12/18/2024,Neha A,Bengaluru,Cycle,Contract,4.18,Y
DP14700,1/10/2025,Rahul H,Mumbai,Scooter,Full-time,4.99,Y
DP09555,1/10/2025,Deepak I,Delhi,Scooter,Part-time,4.26,Y
DP12455,12/31/2024,Sneha R,Delhi,Scooter,Part-time,3.8,Y
DP00175,1/11/2025,Meena N,Mumbai,Bike,Part-time,4.3,Y
DP00871,1/10/2025,Pooja T,Delhi,Bike,Full-time,4.17,Y
DP12844,12/31/2024,Vikas V,Bengaluru,Scooter,Part-time,4.03,Y
DP01706,12/24/2024,Vikas R,Chennai,Scooter,Part-time,4.11,Y
DP12447,1/6/2025,Suresh Y,Bengaluru,Cycle,Contract,4.39,Y
DP07798,1/13/2025,Kiran H,Mumbai,Bike,Contract,4.28,N
DP04715,1/7/2025,Vikas S,Kolkata,Car,Part-time,4.65,Y
DP00713,1/11/2025,Vikas R,Bengaluru,Bike,Full-time,4.73,Y
DP00494,1/5/2025,Kiran V,Kolkata,Bike,Full-time,4.45,Y
DP14830,12/6/2024,Rakesh A,Kolkata,Bike,Part-time,3.8,Y
DP10632,1/17/2025,Divya J,Bengaluru,Bike,Full-time,4.33,Y
DP13131,1/2/2025,Santosh T,Delhi,Bike,Part-time,4.72,Y
DP00547,12/27/2024,Manoj U,Delhi,Scooter,Full-time,3.74,Y
DP13584,1/17/2025,Santosh Q,Bengaluru,Scooter,Part-time,4.28,Y
DP12769,1/4/2025,Amit G,Pune,Scooter,Full-time,4.79,Y
DP06108,1/8/2025,Rakesh W,Ahmedabad,Bike,Contract,4.42,Y
DP09465,12/18/2024,Manoj P,Mumbai,Scooter,Full-time,4.2,Y
DP01036,12/17/2024,Meena U,Bengaluru,Scooter,Full-time,4.11,Y
DP02736,12/27/2024,Nikhil P,Mumbai,Bike,Contract,4.07,Y
DP09446,12/15/2024,Arjun M,Delhi,Scooter,Full-time,4.09,Y
DP01267,1/11/2025,Deepak V,Bengaluru,Bike,Part-time,4.41,Y
DP04389,1/10/2025,Ananya I,Mumbai,Cycle,Full-time,3.77,N
DP01861,1/16/2025,Ravi N,Kolkata,Cycle,Full-time,4.14,Y
DP07287,1/10/2025,Suresh P,Bengaluru,Car,Part-time,3.81,Y
DP12643,5/9/2025,Rahul V,Chennai,Bike,Part-time,4.17,Y
DP02982,1/11/2025,Rakesh I,Mumbai,Scooter,Part-time,4.11,Y
DP06218,1/11/2025,Neha S,Delhi,Bike,Full-time,4.51,Y
DP00732,1/13/2025,Arjun U,Mumbai,Cycle,Contract,4.24,Y
DP09672,1/5/2025,Divya G,Delhi,Bike,Part-time,4.23,Y
DP02448,1/15/2025,Priya C,Delhi,Cycle,Full-time,3.94,Y
DP03265,1/25/2025,Santosh I,Ahmedabad,Scooter,Full-time,4.56,Y
DP00550,12/29/2024,Priya N,Mumbai,Scooter,Full-time,4.11,Y
DP10169,12/31/2024,Rakesh R,Bengaluru,Scooter,Part-time,4.74,Y
DP07930,12/19/2024,Priya E,Pune,Bike,Full-time,4.27,Y
DP07809,1/12/2025,Rahul U,Mumbai,Scooter,Part-time,4.52,Y
DP11194,1/14/2025,Santosh Q,Bengaluru,Cycle,Full-time,4.71,Y
DP00189,1/17/2025,Nikhil F,Bengaluru,Bike,Part-time,4.19,Y
DP11870,12/31/2024,Suresh E,Bengaluru,Scooter,Full-time,4.41,Y
DP10710,12/23/2024,Rakesh B,Bengaluru,Bike,Full-time,4.62,Y
DP11159,12/20/2024,Shreya G,Mumbai,Bike,Part-time,4.2,Y
DP13580,1/1/2025,Rakesh Z,Hyderabad,Bike,Full-time,4.13,Y
DP04316,1/14/2025,Kiran O,Chennai,Bike,Full-time,4.49,N
DP01927,1/14/2025,Meena Y,Mumbai,Bike,Full-time,4.42,Y
DP05481,1/17/2025,Suresh B,Ahmedabad,Car,Part-time,3.97,Y
DP01328,1/12/2025,Meena S,Bengaluru,Cycle,Contract,4.24,Y
DP12453,1/10/2025,Deepak F,Mumbai,Scooter,Full-time,4.25,Y
DP08207,12/12/2024,Neha J,Mumbai,Scooter,Full-time,4.22,Y
DP10228,1/11/2025,Divya A,Bengaluru,Scooter,Contract,4.2,Y
DP09440,1/1/2025,Meena O,Bengaluru,Bike,Full-time,4.04,Y
DP09631,1/5/2025,Neha W,Bengaluru,Scooter,Full-time,4.71,Y
DP13918,12/20/2024,Manoj D,Hyderabad,Scooter,Part-time,3.85,N
DP06228,12/31/2024,Rahul S,Pune,Cycle,Part-time,3.98,Y
DP04070,1/2/2025,Kiran Y,Mumbai,Bike,Part-time,4.75,Y
DP05354,1/1/2025,Priya T,Bengaluru,Bike,Full-time,4.68,Y
DP09408,1/16/2025,Pooja B,Mumbai,Car,Part-time,4.57,Y
DP01274,1/8/2025,Manoj H,Delhi,Scooter,Part-time,4.17,Y
DP14972,1/2/2025,Sneha G,Bengaluru,Scooter,Part-time,4.17,N
DP02396,12/28/2024,Sneha H,Chennai,Scooter,Full-time,4,Y
DP08289,1/7/2025,Nikhil A,Hyderabad,Car,Full-time,4.36,Y
DP10699,1/14/2025,Shreya N,Bengaluru,Scooter,Full-time,3.56,Y
DP06024,1/13/2025,Priya R,Kolkata,Bike,Full-time,4.22,Y
DP10887,1/2/2025,Deepak O,Hyderabad,Bike,Full-time,3.94,Y
DP04247,1/7/2025,Vikas X,Bengaluru,Bike,Full-time,3.62,Y
DP03222,1/8/2025,Kiran Y,Bengaluru,Scooter,Full-time,4.2,Y
DP06619,12/29/2024,Rakesh G,Hyderabad,Scooter,Full-time,4.08,N
DP02888,1/2/2025,Deepak I,Mumbai,Scooter,Part-time,3.86,Y
DP07941,2/13/2025,Manoj B,Chennai,Bike,Part-time,3.8,N
DP14998,1/16/2025,Suresh K,Hyderabad,Cycle,Contract,4.11,Y
DP11262,1/10/2025,Vikas A,Bengaluru,Bike,Full-time,4.14,N
DP07587,1/10/2025,Deepak U,Mumbai,Cycle,Part-time,4.28,Y
DP14837,1/4/2025,Rahul O,Kolkata,Cycle,Part-time,3.8,Y
DP00345,12/19/2024,Nikhil L,Pune,Cycle,Full-time,4.55,Y
DP07786,1/12/2025,Priya D,Bengaluru,Scooter,Part-time,4.26,Y
DP13597,1/7/2025,Santosh F,Bengaluru,Bike,Part-time,4.33,Y
DP04938,12/23/2024,Divya K,Chennai,Scooter,Full-time,4.2,Y
DP11500,12/25/2024,Sneha J,Delhi,Bike,Full-time,3.91,N
DP03907,12/31/2024,Deepak J,Bengaluru,Cycle,Part-time,4.04,Y
DP01544,1/18/2025,Meena V,Pune,Scooter,Part-time,4.44,Y
DP03619,1/10/2025,Divya C,Mumbai,Scooter,Contract,4.59,Y
DP12856,1/14/2025,Arjun Y,Hyderabad,Bike,Part-time,4.88,Y
DP05875,1/3/2025,Ananya D,Delhi,Bike,Full-time,4.27,N
DP04320,1/15/2025,Suresh N,Mumbai,Bike,Full-time,4.21,Y
DP00052,1/11/2025,Suresh J,Ahmedabad,Cycle,Full-time,4.21,Y
DP08201,1/4/2025,Nikhil W,Chennai,Bike,Full-time,3.98,Y
DP14175,1/10/2025,Sneha G,Delhi,Bike,Part-time,3.97,Y
DP01323,1/15/2025,Rahul E,Delhi,Scooter,Contract,3.89,N
DP01041,1/20/2025,Nikhil A,Kolkata,Bike,Full-time,4.55,Y
DP14321,1/26/2025,Ravi F,Bengaluru,Bike,Full-time,3.84,Y
DP11161,1/4/2025,Divya K,Delhi,Scooter,Full-time,3.39,Y
DP04007,1/9/2025,Arjun I,Chennai,Bike,Full-time,4.52,Y
DP12958,1/23/2025,Amit L,Chennai,Scooter,Full-time,4.27,Y
DP00435,1/9/2025,Ravi O,Hyderabad,Cycle,Part-time,4.41,N
DP02064,12/31/2024,Suresh E,Mumbai,Cycle,Full-time,4.12,Y
DP08699,1/3/2025,Deepak D,Bengaluru,Scooter,Contract,3.56,Y
DP12152,1/15/2025,Manoj K,Mumbai,Scooter,Full-time,4.09,Y
DP06348,1/14/2025,Meena M,Ahmedabad,Bike,Part-time,4.06,Y
DP13527,1/11/2025,Amit P,Kolkata,Scooter,Full-time,4.54,Y
DP11071,12/31/2024,Deepak P,Bengaluru,Car,Full-time,4.27,Y
DP01295,1/8/2025,Pooja I,Mumbai,Car,Part-time,4.58,Y
DP05243,12/26/2024,Ananya K,Delhi,Scooter,Contract,4.28,N
DP00505,1/3/2025,Ananya S,Bengaluru,Scooter,Part-time,3.93,N
DP04944,12/26/2024,Vikas I,Delhi,Scooter,Full-time,3.91,Y
DP05069,12/30/2024,Priya U,Ahmedabad,Scooter,Contract,4.19,Y
DP11624,12/31/2024,Nikhil Y,Delhi,Bike,Full-time,4.25,Y
DP09602,12/20/2024,Santosh E,Hyderabad,Bike,Full-time,4.32,Y
DP09044,12/15/2024,Sneha F,Hyderabad,Bike,Full-time,4.2,Y
DP07257,1/10/2025,Arjun H,Hyderabad,Scooter,Full-time,3.74,Y
DP08843,1/9/2025,Santosh G,Kolkata,Bike,Contract,4.68,Y
DP07949,1/7/2025,Kiran P,Kolkata,Bike,Part-time,4.48,Y
DP01672,12/28/2024,Rakesh E,Pune,Cycle,Full-time,4.38,Y
DP01896,12/23/2024,Neha F,Bengaluru,Bike,Full-time,4.16,Y
DP13070,1/10/2025,Manoj Y,Mumbai,Bike,Part-time,4.92,Y
DP13773,12/27/2024,Manoj J,Delhi,Scooter,Full-time,4.57,Y
DP01329,12/30/2024,Kiran Y,Delhi,Bike,Contract,3.96,Y
DP01891,1/13/2025,Sneha V,Delhi,Scooter,Full-time,4.49,Y
DP07083,1/15/2025,Manoj G,Delhi,Bike,Full-time,4.34,Y
DP14176,1/8/2025,Rahul K,Hyderabad,Scooter,Full-time,3.92,Y
DP08054,12/14/2024,Amit V,Pune,Car,Full-time,4.18,Y
DP05648,12/30/2024,Meena Y,Bengaluru,Cycle,Full-time,4.35,Y
DP10404,1/5/2025,Rahul E,Chennai,Cycle,Full-time,3.74,Y
DP05978,12/30/2024,Suresh P,Chennai,Scooter,Full-time,4.43,Y
DP12753,1/8/2025,Manoj J,Delhi,Scooter,Part-time,4.32,Y
DP06224,12/21/2024,Arjun O,Hyderabad,Scooter,Part-time,3.93,Y
DP03967,12/22/2024,Sneha E,Bengaluru,Bike,Full-time,3.95,Y
DP12099,1/9/2025,Vikas Q,Chennai,Bike,Full-time,4.4,Y
DP09583,1/5/2025,Suresh H,Bengaluru,Scooter,Contract,4.33,Y
DP12385,1/10/2025,Ananya E,Bengaluru,Scooter,Contract,4.04,Y
DP05950,1/15/2025,Amit X,Bengaluru,Cycle,Full-time,4.83,Y
DP01322,1/4/2025,Shreya I,Bengaluru,Scooter,Part-time,4.17,Y
DP01548,1/7/2025,Manoj L,Mumbai,Cycle,Full-time,4.09,Y
DP12228,1/24/2025,Pooja K,Delhi,Scooter,Contract,3.89,Y
DP00132,12/28/2024,Nikhil V,Chennai,Scooter,Part-time,3.89,Y
DP10993,12/28/2024,Ravi D,Ahmedabad,Bike,Contract,4.38,Y
DP08577,12/14/2024,Manoj U,Bengaluru,Scooter,Part-time,4.17,Y
DP02481,12/20/2024,Pooja J,Chennai,Bike,Contract,3.91,Y
DP13506,1/10/2025,Priya F,Delhi,Scooter,Part-time,4.09,Y
DP01925,1/16/2025,Meena W,Bengaluru,Bike,Part-time,4.66,Y
DP07622,1/3/2025,Meena W,Kolkata,Bike,Full-time,4.38,Y
DP11275,1/4/2025,Shreya N,Chennai,Bike,Full-time,4.24,Y
DP00342,1/14/2025,Ananya K,Hyderabad,Scooter,Full-time,4.03,Y
DP08154,1/13/2025,Priya G,Ahmedabad,Scooter,Full-time,3.86,Y
DP12106,12/25/2024,Meena I,Pune,Scooter,Part-time,4.5,Y
DP14425,1/6/2025,Ravi I,Hyderabad,Scooter,Contract,3.98,N
DP10155,1/13/2025,Ananya E,Ahmedabad,Scooter,Part-time,3.76,Y
DP07462,1/17/2025,Manoj F,Hyderabad,Scooter,Part-time,4.39,Y
DP03414,1/7/2025,Santosh T,Mumbai,Cycle,Part-time,4.14,N
DP00772,12/15/2024,Kiran Z,Ahmedabad,Cycle,Part-time,4.13,Y
DP04460,1/9/2025,Rahul P,Pune,Bike,Full-time,4.3,Y
DP01680,1/4/2025,Manoj C,Hyderabad,Scooter,Part-time,3.63,Y
DP03177,1/12/2025,Amit I,Mumbai,Scooter,Contract,4.3,Y
DP09469,1/9/2025,Pooja K,Kolkata,Bike,Full-time,4.09,Y
DP03324,12/30/2024,Ananya W,Kolkata,Bike,Full-time,4.21,Y
DP14245,1/2/2025,Priya L,Hyderabad,Scooter,Full-time,4.29,Y
DP14717,1/14/2025,Pooja I,Ahmedabad,Bike,Part-time,4.3,N
DP00389,12/18/2024,Rakesh I,Delhi,Bike,Full-time,3.68,Y
DP02752,1/12/2025,Ananya M,Mumbai,Scooter,Part-time,3.8,Y
DP11766,1/12/2025,Meena O,Delhi,Cycle,Part-time,4.35,Y
DP09522,12/29/2024,Santosh Q,Bengaluru,Cycle,Full-time,4.44,Y
DP11160,1/21/2025,Santosh Z,Chennai,Scooter,Full-time,4.32,Y
DP02426,12/15/2024,Ananya X,Chennai,Bike,Full-time,3.58,Y
DP11551,1/13/2025,Shreya B,Chennai,Bike,Full-time,4.15,Y
DP06979,12/20/2024,Suresh J,Mumbai,Bike,Full-time,4.36,Y
DP05720,12/25/2024,Deepak B,Kolkata,Cycle,Part-time,4.11,Y
DP00701,1/5/2025,Nikhil Q,Delhi,Scooter,Part-time,3.71,Y
DP11025,1/8/2025,Suresh G,Delhi,Scooter,Full-time,4.28,Y
DP14817,1/18/2025,Meena X,Mumbai,Scooter,Part-time,4.13,Y
DP03125,1/5/2025,Ananya P,Chennai,Scooter,Full-time,4.55,Y
DP04649,2/14/2025,Sneha X,Delhi,Scooter,Part-time,4.69,Y
DP13440,1/7/2025,Arjun J,Mumbai,Bike,Part-time,4.63,Y
DP03451,1/3/2025,Neha W,Chennai,Bike,Full-time,4.29,Y
DP02096,1/12/2025,Rakesh T,Bengaluru,Cycle,Full-time,3.87,N
DP08829,1/12/2025,Sneha B,Pune,Scooter,Full-time,3.82,Y
DP14222,1/7/2025,Santosh M,Chennai,Cycle,Full-time,4.02,Y
DP11861,12/15/2024,Nikhil I,Delhi,Bike,Full-time,4.24,Y
DP12045,2/3/2025,Sneha N,Hyderabad,Cycle,Full-time,4.29,Y
DP06169,1/12/2025,Manoj K,Pune,Bike,Part-time,4.17,N
DP07476,1/16/2025,Ananya D,Hyderabad,Bike,Contract,4.23,Y
DP13775,1/16/2025,Manoj M,Pune,Cycle,Contract,4.07,Y
DP07969,1/16/2025,Amit U,Bengaluru,Cycle,Full-time,3.99,N
DP00036,1/12/2025,Priya F,Ahmedabad,Bike,Part-time,4.13,Y
DP01023,1/12/2025,Neha G,Delhi,Bike,Part-time,4.04,N
DP08606,1/21/2025,Arjun L,Hyderabad,Scooter,Part-time,3.92,Y
DP00255,1/1/2025,Priya X,Ahmedabad,Bike,Contract,4.4,Y
DP02352,1/14/2025,Divya G,Kolkata,Scooter,Full-time,4.03,Y
DP06143,12/19/2024,Kiran C,Ahmedabad,Cycle,Full-time,4.27,Y
DP14667,12/12/2024,Kiran L,Pune,Bike,Contract,4.18,Y
DP10506,1/9/2025,Vikas U,Bengaluru,Scooter,Full-time,3.84,Y
DP07788,2/15/2025,Nikhil K,Pune,Bike,Contract,3.89,Y
DP02385,1/9/2025,Santosh R,Mumbai,Bike,Full-time,4.02,Y
DP05609,1/13/2025,Kiran X,Kolkata,Car,Full-time,4.06,N
DP02695,1/16/2025,Pooja Z,Bengaluru,Scooter,Full-time,3.76,Y
DP03855,1/19/2025,Nikhil S,Hyderabad,Bike,Full-time,4.61,Y
DP00641,1/8/2025,Priya L,Delhi,Bike,Full-time,3.84,Y
DP08309,1/12/2025,Nikhil K,Delhi,Bike,Full-time,4.43,Y
DP01494,1/4/2025,Kiran C,Bengaluru,Scooter,Part-time,4.48,Y
DP07684,1/5/2025,Sneha M,Pune,Bike,Contract,4.01,Y
DP06347,12/12/2024,Divya Q,Delhi,Scooter,Full-time,3.98,N
DP03612,1/13/2025,Meena G,Delhi,Bike,Contract,4.26,Y
DP11241,12/21/2024,Neha W,Hyderabad,Bike,Contract,3.24,Y
DP13445,2/17/2025,Nikhil J,Bengaluru,Scooter,Contract,4.02,Y
DP14647,1/3/2025,Neha Z,Kolkata,Bike,Contract,4.58,Y
DP06378,1/12/2025,Meena S,Kolkata,Car,Part-time,3.68,Y
DP06452,1/16/2025,Arjun B,Chennai,Scooter,Full-time,4.46,Y
DP03322,12/25/2024,Vikas A,Chennai,Scooter,Part-time,3.83,Y
DP01701,1/16/2025,Manoj O,Pune,Scooter,Full-time,5,N
DP12641,1/8/2025,Deepak C,Bengaluru,Scooter,Full-time,4.28,Y
DP07625,1/15/2025,Santosh Z,Mumbai,Scooter,Full-time,4.22,Y
DP02698,1/16/2025,Neha N,Mumbai,Scooter,Part-time,3.99,Y
DP07133,1/9/2025,Pooja E,Delhi,Scooter,Part-time,4.43,Y
DP12915,12/16/2024,Pooja J,Mumbai,Cycle,Full-time,4.33,Y
DP02988,1/16/2025,Pooja U,Delhi,Scooter,Part-time,4.57,Y
DP01528,1/3/2025,Rahul Y,Mumbai,Bike,Part-time,3.78,Y
DP00848,2/6/2025,Deepak K,Ahmedabad,Scooter,Part-time,4.36,Y
DP09901,1/9/2025,Shreya U,Chennai,Scooter,Full-time,3.88,Y
DP12440,1/10/2025,Ananya S,Ahmedabad,Cycle,Part-time,4.44,Y
DP03352,1/11/2025,Arjun O,Bengaluru,Scooter,Part-time,4.61,Y
DP10616,1/16/2025,Pooja U,Bengaluru,Scooter,Full-time,4.16,Y
DP01019,1/13/2025,Rakesh E,Mumbai,Bike,Part-time,4,Y
DP09365,1/2/2025,Divya X,Bengaluru,Scooter,Full-time,4.57,Y
DP13105,12/28/2024,Priya K,Delhi,Bike,Full-time,3.82,Y
DP13673,1/14/2025,Kiran M,Hyderabad,Cycle,Part-time,3.62,Y
DP05762,1/15/2025,Nikhil S,Ahmedabad,Scooter,Contract,4.5,Y
DP06934,1/16/2025,Meena W,Chennai,Car,Full-time,4,Y
DP07117,1/4/2025,Ananya R,Chennai,Cycle,Full-time,4.75,Y
DP07179,12/29/2024,Neha K,Mumbai,Scooter,Part-time,4.59,Y
DP02051,12/13/2024,Priya X,Delhi,Bike,Part-time,4.23,Y
DP11295,1/5/2025,Santosh E,Hyderabad,Bike,Contract,4.42,Y
DP12762,1/15/2025,Shreya A,Bengaluru,Scooter,Part-time,4.26,Y
DP00086,1/11/2025,Divya R,Hyderabad,Bike,Part-time,4.23,Y
DP04988,1/13/2025,Sneha B,Kolkata,Cycle,Full-time,4.26,Y
DP14365,1/14/2025,Shreya S,Bengaluru,Car,Part-time,4.52,Y
DP10271,1/12/2025,Suresh H,Bengaluru,Bike,Full-time,4.35,Y
DP07254,1/14/2025,Divya Z,Bengaluru,Cycle,Full-time,4.07,Y
DP05233,12/18/2024,Arjun T,Mumbai,Scooter,Full-time,3.85,Y
DP00192,1/24/2025,Rahul A,Delhi,Bike,Full-time,4.47,Y
DP02523,1/7/2025,Deepak X,Delhi,Bike,Full-time,4.41,Y
DP00137,1/7/2025,Arjun I,Bengaluru,Scooter,Contract,3.76,N
DP05764,1/6/2025,Rakesh X,Kolkata,Bike,Full-time,4.13,Y
DP03338,12/29/2024,Rakesh T,Delhi,Cycle,Full-time,3.95,Y
DP13335,12/28/2024,Divya G,Pune,Bike,Contract,4.45,Y
DP09810,12/25/2024,Divya C,Hyderabad,Scooter,Full-time,4.22,Y
DP08033,1/10/2025,Priya H,Ahmedabad,Bike,Full-time,4.71,Y
DP12285,1/12/2025,Rahul Y,Bengaluru,Scooter,Full-time,4.56,Y
DP09558,1/13/2025,Sneha X,Mumbai,Scooter,Full-time,4.44,Y
DP01785,12/28/2024,Vikas C,Ahmedabad,Bike,Part-time,4.23,Y
DP08672,1/1/2025,Deepak G,Ahmedabad,Scooter,Full-time,4.81,Y
DP10094,1/8/2025,Nikhil W,Delhi,Bike,Full-time,3.85,Y
DP08301,12/29/2024,Santosh Q,Bengaluru,Car,Contract,3.99,N
DP00058,1/7/2025,Rahul S,Kolkata,Scooter,Full-time,3.98,Y
DP04172,1/11/2025,Nikhil O,Delhi,Bike,Full-time,4.27,N
DP07377,1/7/2025,Ravi T,Ahmedabad,Bike,Full-time,4.25,Y
DP09620,1/16/2025,Ravi G,Bengaluru,Bike,Full-time,4.13,Y
DP07956,12/20/2024,Arjun D,Bengaluru,Scooter,Contract,4.02,Y
DP14987,1/7/2025,Arjun T,Kolkata,Scooter,Contract,4.5,N
DP08000,1/3/2025,Ananya Z,Ahmedabad,Bike,Contract,4.09,Y
DP04019,1/7/2025,Pooja K,Delhi,Bike,Full-time,4.08,Y
DP09203,1/2/2025,Santosh C,Hyderabad,Bike,Part-time,4.31,Y
DP09670,1/9/2025,Suresh R,Delhi,Scooter,Full-time,4.01,Y
DP12391,1/5/2025,Nikhil A,Bengaluru,Scooter,Full-time,4.55,Y
DP00440,1/13/2025,Priya V,Bengaluru,Scooter,Full-time,4.55,Y
DP00636,1/12/2025,Pooja U,Delhi,Cycle,Part-time,4.29,Y
DP06585,1/11/2025,Rahul H,Delhi,Scooter,Full-time,4.29,Y
DP14414,1/14/2025,Ravi S,Pune,Scooter,Part-time,4.89,N
DP04921,1/2/2025,Arjun Z,Delhi,Scooter,Full-time,4.16,Y
DP12412,1/3/2025,Divya Z,Mumbai,Bike,Full-time,3.66,Y
DP14260,1/6/2025,Sneha O,Hyderabad,Bike,Full-time,3.41,Y
DP02276,1/15/2025,Manoj W,Chennai,Scooter,Full-time,3.43,Y
DP03580,1/16/2025,Ananya V,Pune,Scooter,Part-time,4.1,Y
DP05949,1/10/2025,Sneha V,Hyderabad,Scooter,Full-time,4.05,Y
DP08321,1/17/2025,Nikhil Q,Bengaluru,Scooter,Part-time,4.32,Y
DP09962,1/10/2025,Manoj V,Ahmedabad,Bike,Full-time,3.8,Y
DP05618,12/31/2024,Neha I,Chennai,Bike,Full-time,4.54,Y
DP03935,1/16/2025,Rahul D,Hyderabad,Scooter,Full-time,3.95,N
DP06181,12/13/2024,Shreya O,Chennai,Scooter,Part-time,3.81,Y
DP00375,1/15/2025,Neha V,Chennai,Bike,Full-time,4.25,Y
DP03904,12/23/2024,Ravi Z,Pune,Scooter,Contract,4.04,Y
DP09652,1/4/2025,Suresh K,Pune,Bike,Full-time,3.97,Y
DP12353,12/26/2024,Vikas Z,Bengaluru,Car,Part-time,4.18,Y
DP09145,2/7/2025,Ananya Z,Mumbai,Cycle,Part-time,4.05,Y
DP02859,2/8/2025,Meena E,Bengaluru,Scooter,Full-time,3.99,Y
DP14444,1/14/2025,Sneha W,Ahmedabad,Bike,Part-time,4.35,Y
DP04281,1/14/2025,Rakesh X,Delhi,Cycle,Contract,4.31,Y
DP07917,1/16/2025,Ananya K,Hyderabad,Bike,Part-time,4.31,Y
DP13583,1/15/2025,Sneha V,Bengaluru,Bike,Full-time,4.2,Y
DP05655,1/4/2025,Kiran L,Ahmedabad,Bike,Full-time,4.11,Y
DP00097,1/16/2025,Nikhil M,Delhi,Cycle,Contract,4.13,N
DP00989,1/4/2025,Manoj G,Delhi,Scooter,Full-time,4.35,Y
DP09678,1/8/2025,Priya D,Ahmedabad,Scooter,Contract,4.31,Y
DP12425,1/5/2025,Shreya L,Chennai,Cycle,Contract,4.6,Y
DP04091,12/30/2024,Amit A,Kolkata,Bike,Full-time,4.12,Y
DP07744,1/21/2025,Shreya I,Kolkata,Scooter,Full-time,3.99,N
DP00112,1/13/2025,Kiran A,Delhi,Bike,Full-time,4.52,Y
DP03132,12/28/2024,Meena A,Bengaluru,Bike,Contract,3.99,Y
DP08862,1/4/2025,Ananya C,Delhi,Bike,Full-time,3.85,Y
DP05307,1/13/2025,Nikhil W,Delhi,Cycle,Full-time,4.51,Y
DP03744,1/12/2025,Santosh M,Kolkata,Bike,Full-time,3.97,Y
DP03651,1/12/2025,Manoj Q,Hyderabad,Scooter,Contract,4.67,Y
DP12139,12/20/2024,Meena J,Delhi,Scooter,Full-time,4.22,Y
DP03020,1/7/2025,Ravi R,Hyderabad,Cycle,Full-time,4.25,Y
DP07265,1/17/2025,Amit O,Mumbai,Scooter,Full-time,4.54,Y
DP07745,12/31/2024,Neha D,Chennai,Cycle,Contract,3.88,Y
DP07457,12/25/2024,Deepak D,Mumbai,Cycle,Full-time,4.39,Y
DP09212,1/6/2025,Manoj Z,Bengaluru,Scooter,Part-time,4.47,Y
DP03507,1/12/2025,Manoj W,Delhi,Scooter,Part-time,3.93,Y
DP13366,1/15/2025,Manoj T,Kolkata,Scooter,Full-time,3.62,Y
DP12533,1/14/2025,Divya A,Bengaluru,Scooter,Contract,3.76,N
DP00632,1/5/2025,Priya T,Ahmedabad,Bike,Full-time,4.16,Y
DP12898,1/9/2025,Neha U,Ahmedabad,Scooter,Full-time,4.17,Y
DP10939,1/14/2025,Kiran G,Chennai,Bike,Full-time,4.09,Y
DP09715,12/15/2024,Santosh V,Bengaluru,Bike,Contract,4.15,N
DP09089,1/14/2025,Kiran M,Bengaluru,Bike,Part-time,4.01,Y
DP09455,1/10/2025,Meena P,Hyderabad,Bike,Part-time,3.98,Y
DP04134,1/6/2025,Deepak M,Bengaluru,Bike,Full-time,3.81,Y
DP01248,12/27/2024,Divya B,Bengaluru,Scooter,Contract,4.27,N
DP02825,12/29/2024,Sneha G,Chennai,Scooter,Full-time,4.6,Y
DP11547,1/5/2025,Deepak O,Hyderabad,Bike,Contract,3.8,Y
DP05024,1/4/2025,Amit Q,Delhi,Car,Full-time,4.14,Y
DP12932,1/2/2025,Arjun K,Hyderabad,Car,Part-time,4.3,Y
DP07578,1/1/2025,Ravi W,Kolkata,Bike,Full-time,4.46,Y
DP12813,1/7/2025,Priya F,Delhi,Scooter,Full-time,4.52,Y
DP08102,1/7/2025,Priya I,Bengaluru,Scooter,Contract,3.89,Y
DP00843,1/16/2025,Arjun Z,Delhi,Cycle,Part-time,3.82,Y
DP09799,1/12/2025,Rahul S,Delhi,Car,Part-time,3.49,Y
DP00149,1/7/2025,Sneha U,Mumbai,Scooter,Contract,4.21,N
DP03431,1/11/2025,Pooja Z,Mumbai,Scooter,Full-time,4.21,Y
DP01686,1/4/2025,Priya F,Chennai,Cycle,Full-time,4.08,Y
DP14447,12/16/2024,Rahul P,Pune,Scooter,Full-time,4.16,Y
DP00898,1/10/2025,Rahul X,Delhi,Bike,Part-time,4.72,Y
DP10372,1/12/2025,Ravi M,Bengaluru,Cycle,Full-time,4.39,Y
DP06690,12/16/2024,Rakesh N,Mumbai,Bike,Contract,4.27,Y
DP09303,1/12/2025,Kiran P,Bengaluru,Bike,Full-time,4.12,Y
DP09811,1/6/2025,Deepak E,Mumbai,Scooter,Contract,4.52,Y
DP06431,1/14/2025,Nikhil D,Chennai,Bike,Part-time,3.64,Y
DP10287,1/6/2025,Vikas C,Hyderabad,Bike,Part-time,4.25,Y
DP12250,1/1/2025,Deepak P,Ahmedabad,Scooter,Part-time,4.06,N
DP13124,1/11/2025,Santosh Q,Mumbai,Bike,Part-time,4.34,Y
DP12377,1/14/2025,Arjun B,Bengaluru,Bike,Full-time,4.67,N
DP02728,1/17/2025,Sneha N,Mumbai,Bike,Full-time,3.6,N
DP08586,1/2/2025,Divya V,Kolkata,Bike,Full-time,4.48,Y
DP03623,1/8/2025,Neha B,Bengaluru,Bike,Full-time,4.46,Y
DP03316,1/18/2025,Manoj S,Mumbai,Cycle,Contract,3.91,Y
DP10715,1/19/2025,Sneha E,Hyderabad,Scooter,Full-time,3.94,Y
DP08113,1/13/2025,Vikas M,Mumbai,Scooter,Full-time,4.3,Y
DP12656,12/23/2024,Kiran Z,Bengaluru,Bike,Part-time,3.94,Y
DP00438,1/7/2025,Priya R,Delhi,Cycle,Part-time,4.24,Y
DP06978,1/8/2025,Priya R,Hyderabad,Bike,Contract,3.72,N
DP12596,1/12/2025,Santosh O,Chennai,Cycle,Full-time,4,Y
DP05553,12/21/2024,Arjun Y,Chennai,Scooter,Part-time,4.13,Y
DP00896,1/7/2025,Suresh N,Bengaluru,Cycle,Full-time,4.37,Y
DP08376,1/17/2025,Arjun Y,Ahmedabad,Scooter,Part-time,3.92,Y
DP14712,1/13/2025,Ananya K,Pune,Cycle,Full-time,4.46,Y
DP03557,1/15/2025,Santosh F,Kolkata,Cycle,Part-time,4.05,Y
DP11277,1/16/2025,Priya E,Bengaluru,Scooter,Part-time,4.34,Y
DP03934,1/4/2025,Shreya K,Delhi,Bike,Part-time,4.17,Y
DP00213,1/4/2025,Neha F,Hyderabad,Bike,Part-time,4.32,Y
DP01226,1/11/2025,Priya J,Chennai,Scooter,Contract,4.29,Y
DP11208,12/29/2024,Suresh X,Bengaluru,Scooter,Part-time,4.78,Y
DP12192,1/6/2025,Pooja K,Chennai,Bike,Part-time,4.05,N
DP08937,1/11/2025,Amit B,Mumbai,Cycle,Full-time,3.89,N
DP08540,12/17/2024,Suresh Q,Bengaluru,Car,Part-time,4.18,N
DP05621,1/14/2025,Nikhil A,Bengaluru,Scooter,Contract,4.7,Y
DP04258,1/17/2025,Suresh U,Kolkata,Bike,Full-time,4,Y
DP07641,1/5/2025,Suresh D,Bengaluru,Cycle,Part-time,4.24,Y
DP10064,1/12/2025,Deepak A,Hyderabad,Bike,Full-time,3.95,Y
DP08519,12/12/2024,Pooja Q,Ahmedabad,Scooter,Part-time,3.97,Y
DP11851,1/9/2025,Santosh O,Bengaluru,Bike,Part-time,4.55,N
DP06683,1/15/2025,Ravi C,Delhi,Bike,Full-time,4.52,Y
DP01902,1/9/2025,Sneha J,Bengaluru,Scooter,Full-time,4.43,Y
DP00676,1/9/2025,Arjun N,Mumbai,Bike,Part-time,4.73,Y
DP09100,1/16/2025,Rahul H,Pune,Bike,Contract,3.91,Y
DP09587,1/23/2025,Kiran N,Kolkata,Bike,Full-time,4.06,Y
DP14737,12/21/2024,Divya L,Delhi,Scooter,Full-time,4.58,Y
DP09784,1/16/2025,Pooja U,Chennai,Scooter,Part-time,4.43,Y
DP09190,1/3/2025,Nikhil O,Mumbai,Scooter,Full-time,4.21,N
DP03505,12/21/2024,Ananya P,Ahmedabad,Scooter,Full-time,4.43,Y
DP02093,1/14/2025,Santosh R,Ahmedabad,Car,Full-time,4.54,Y
DP09159,1/15/2025,Ananya C,Hyderabad,Bike,Full-time,3.88,Y
DP10250,12/21/2024,Kiran R,Kolkata,Scooter,Full-time,4.39,Y
DP05859,1/8/2025,Shreya Y,Ahmedabad,Bike,Full-time,4.31,Y
DP10188,1/2/2025,Vikas G,Hyderabad,Bike,Part-time,3.8,Y
DP01857,1/16/2025,Arjun N,Delhi,Scooter,Part-time,4.37,N
DP02606,1/12/2025,Priya R,Ahmedabad,Bike,Full-time,4.33,Y
DP02295,1/4/2025,Neha H,Hyderabad,Bike,Part-time,3.68,Y
DP01218,12/26/2024,Rahul E,Bengaluru,Bike,Full-time,4.73,Y
DP08776,1/15/2025,Neha O,Hyderabad,Scooter,Contract,4.28,Y
DP12056,1/12/2025,Pooja A,Ahmedabad,Bike,Contract,3.91,Y
DP02768,1/17/2025,Rahul E,Ahmedabad,Bike,Full-time,4.26,Y
DP12598,2/1/2025,Ananya E,Hyderabad,Bike,Full-time,4.91,Y
DP14273,1/14/2025,Deepak N,Delhi,Cycle,Contract,4.26,Y
DP00733,1/5/2025,Santosh I,Ahmedabad,Bike,Full-time,4.59,Y
DP02178,2/5/2025,Arjun T,Delhi,Scooter,Contract,4.32,Y
DP06089,1/10/2025,Rahul W,Delhi,Bike,Part-time,3.98,Y
DP14938,12/14/2024,Divya U,Delhi,Scooter,Contract,4.23,N
DP00838,1/7/2025,Ravi F,Bengaluru,Car,Part-time,3.97,N
DP10184,1/12/2025,Kiran C,Bengaluru,Bike,Part-time,4.11,Y
DP07332,12/31/2024,Divya J,Bengaluru,Cycle,Contract,4.47,Y
DP03290,1/16/2025,Priya G,Mumbai,Bike,Part-time,4.21,Y
DP10986,1/25/2025,Amit D,Bengaluru,Cycle,Full-time,3.72,Y
DP00581,1/16/2025,Suresh U,Mumbai,Car,Part-time,4.12,Y
DP10969,1/17/2025,Vikas I,Delhi,Bike,Contract,4.19,Y
DP12854,1/13/2025,Arjun R,Chennai,Scooter,Part-time,3.97,Y
DP05976,12/30/2024,Vikas P,Delhi,Scooter,Part-time,4.37,Y
DP08856,12/16/2024,Rahul D,Bengaluru,Scooter,Full-time,4.14,Y
DP09569,12/20/2024,Rakesh D,Kolkata,Bike,Part-time,4.75,Y
DP02045,12/9/2024,Meena X,Hyderabad,Bike,Contract,3.7,Y
DP00584,1/16/2025,Vikas K,Ahmedabad,Bike,Full-time,4.12,Y
DP10732,1/15/2025,Santosh T,Bengaluru,Car,Part-time,4.37,Y
DP08152,12/21/2024,Sneha N,Delhi,Bike,Part-time,4.3,N
DP04221,1/18/2025,Amit D,Mumbai,Bike,Full-time,4.16,Y
DP04627,2/7/2025,Suresh Y,Bengaluru,Scooter,Part-time,4.08,Y
DP09475,1/10/2025,Priya D,Mumbai,Bike,Full-time,4.48,Y
DP06701,1/6/2025,Rakesh L,Bengaluru,Scooter,Full-time,4.13,Y
DP14682,1/15/2025,Rakesh L,Delhi,Scooter,Part-time,4.31,Y
DP09114,1/4/2025,Santosh W,Bengaluru,Bike,Full-time,4.39,Y
DP01913,1/9/2025,Nikhil C,Delhi,Scooter,Contract,4.12,Y
DP13151,1/20/2025,Amit Z,Delhi,Bike,Full-time,4.47,Y
DP13985,12/27/2024,Meena S,Bengaluru,Bike,Full-time,4.28,Y
DP02170,1/15/2025,Amit M,Mumbai,Bike,Full-time,3.95,Y
DP06279,1/3/2025,Kiran O,Mumbai,Bike,Full-time,3.77,Y
DP14971,12/22/2024,Meena X,Hyderabad,Cycle,Part-time,3.9,Y
DP05794,1/14/2025,Manoj N,Delhi,Scooter,Contract,4.8,N
DP04989,1/15/2025,Divya Z,Bengaluru,Cycle,Full-time,4.08,Y
DP02336,1/1/2025,Neha B,Mumbai,Scooter,Full-time,4.05,Y
DP01406,1/1/2025,Manoj U,Pune,Bike,Part-time,4.54,Y
DP03986,12/17/2024,Ananya C,Bengaluru,Car,Part-time,4.54,Y
DP00924,12/20/2024,Pooja O,Chennai,Scooter,Full-time,4.4,Y
DP07862,1/11/2025,Vikas Y,Kolkata,Scooter,Contract,3.56,Y
DP03115,1/4/2025,Neha H,Delhi,Scooter,Contract,4.11,N
DP06220,1/4/2025,Kiran I,Ahmedabad,Cycle,Part-time,3.48,Y
DP06992,1/6/2025,Nikhil A,Bengaluru,Scooter,Contract,4.32,Y
DP11380,12/18/2024,Shreya X,Mumbai,Scooter,Part-time,3.64,N
DP11520,1/7/2025,Rahul Y,Hyderabad,Scooter,Full-time,3.91,Y
DP12452,1/13/2025,Deepak N,Hyderabad,Bike,Full-time,4.01,N
DP07127,1/12/2025,Meena Y,Hyderabad,Bike,Contract,4.53,Y
DP05513,1/14/2025,Kiran N,Mumbai,Bike,Full-time,4.23,N
DP12475,1/15/2025,Arjun L,Bengaluru,Scooter,Full-time,4.03,N
DP06967,1/24/2025,Ravi Z,Bengaluru,Cycle,Full-time,4.11,Y
DP12092,1/11/2025,Deepak V,Bengaluru,Cycle,Part-time,3.84,Y
DP12633,1/17/2025,Sneha F,Delhi,Bike,Full-time,4.55,Y
DP11108,1/17/2025,Priya R,Pune,Scooter,Contract,4.4,Y
DP05903,2/3/2025,Vikas R,Mumbai,Bike,Full-time,4.02,Y
DP10508,1/11/2025,Priya Z,Bengaluru,Bike,Contract,3.94,Y
DP11572,1/9/2025,Arjun I,Bengaluru,Bike,Contract,4.35,Y
DP08468,1/16/2025,Ananya P,Mumbai,Bike,Contract,3.8,Y
DP00652,12/17/2024,Shreya R,Delhi,Scooter,Part-time,4.26,N
DP10166,12/31/2024,Meena I,Bengaluru,Cycle,Full-time,4.1,Y
DP11331,1/10/2025,Santosh W,Hyderabad,Bike,Part-time,4.02,Y
DP01017,1/11/2025,Neha K,Hyderabad,Scooter,Part-time,3.88,Y
DP06574,1/13/2025,Shreya U,Kolkata,Bike,Part-time,4.2,Y
DP12896,1/10/2025,Rakesh Q,Mumbai,Scooter,Full-time,3.76,Y
DP06524,1/9/2025,Rakesh M,Mumbai,Scooter,Contract,4.07,Y
DP07607,1/18/2025,Ravi S,Kolkata,Scooter,Full-time,4.19,N
DP00683,1/14/2025,Shreya I,Bengaluru,Bike,Full-time,3.9,N
DP03577,1/5/2025,Manoj F,Kolkata,Bike,Full-time,4.03,Y
DP04504,12/25/2024,Pooja H,Delhi,Bike,Full-time,4.71,Y
DP12715,12/31/2024,Meena Y,Ahmedabad,Cycle,Full-time,4.6,Y
DP04269,1/23/2025,Kiran O,Kolkata,Scooter,Full-time,4.5,N
DP10071,1/1/2025,Sneha G,Chennai,Scooter,Part-time,4.32,Y
DP07042,12/28/2024,Santosh S,Bengaluru,Scooter,Full-time,3.44,Y
DP08667,1/2/2025,Santosh G,Kolkata,Bike,Full-time,4.29,Y
DP01915,1/10/2025,Priya K,Kolkata,Scooter,Full-time,4.1,Y
DP05206,1/4/2025,Suresh V,Delhi,Bike,Contract,4.12,Y
DP04625,1/1/2025,Santosh W,Ahmedabad,Bike,Full-time,3.65,Y
DP02684,1/8/2025,Sneha C,Delhi,Scooter,Full-time,4.01,Y
DP05835,1/17/2025,Nikhil Y,Bengaluru,Bike,Contract,4.65,N
DP05906,12/12/2024,Amit U,Mumbai,Bike,Full-time,3.43,Y
DP04748,1/7/2025,Sneha L,Mumbai,Bike,Part-time,4.77,Y
DP03122,1/9/2025,Priya U,Bengaluru,Scooter,Contract,4.31,Y
DP06198,1/17/2025,Arjun Y,Kolkata,Scooter,Contract,4.02,Y
DP02626,12/18/2024,Meena R,Kolkata,Scooter,Full-time,4.46,Y
DP01296,1/7/2025,Divya U,Bengaluru,Scooter,Full-time,3.74,Y
DP11931,1/8/2025,Santosh R,Delhi,Bike,Full-time,4.7,Y
DP11794,1/7/2025,Meena D,Chennai,Bike,Full-time,4.9,Y
DP13084,1/16/2025,Suresh X,Ahmedabad,Bike,Part-time,4.3,Y
DP03738,1/10/2025,Suresh G,Mumbai,Scooter,Full-time,4.51,Y
DP07515,1/7/2025,Meena D,Delhi,Scooter,Full-time,4.28,Y
DP01368,1/13/2025,Shreya X,Mumbai,Scooter,Full-time,4.02,Y
DP08725,1/16/2025,Sneha J,Pune,Cycle,Part-time,3.89,Y
DP00281,1/3/2025,Santosh M,Hyderabad,Bike,Full-time,4.12,Y
DP12589,1/15/2025,Santosh O,Hyderabad,Scooter,Contract,3.98,Y
DP08218,1/10/2025,Amit D,Mumbai,Bike,Contract,4.03,Y
DP08367,1/4/2025,Ravi O,Delhi,Scooter,Full-time,3.43,Y
DP09850,1/3/2025,Shreya B,Hyderabad,Cycle,Part-time,4.13,Y
DP02084,1/6/2025,Kiran M,Delhi,Bike,Full-time,4.24,Y
DP14884,1/16/2025,Neha Q,Ahmedabad,Scooter,Part-time,4.68,Y
DP12647,12/26/2024,Manoj A,Hyderabad,Bike,Full-time,5,Y
DP13098,2/9/2025,Rakesh F,Mumbai,Bike,Full-time,3.51,Y
DP08881,1/6/2025,Divya H,Chennai,Bike,Part-time,4.18,Y
DP08850,1/11/2025,Suresh P,Bengaluru,Scooter,Part-time,4.4,Y
DP06856,1/3/2025,Rakesh Y,Mumbai,Bike,Full-time,4.07,Y
DP04001,1/5/2025,Suresh D,Bengaluru,Scooter,Contract,4.53,Y
DP12354,1/5/2025,Neha F,Pune,Bike,Contract,4.07,Y
DP03419,1/12/2025,Amit I,Bengaluru,Scooter,Part-time,4.62,Y
DP13783,12/27/2024,Deepak E,Mumbai,Scooter,Full-time,4,Y
DP13303,12/31/2024,Vikas K,Delhi,Scooter,Contract,3.87,N
DP02162,1/13/2025,Sneha I,Kolkata,Scooter,Part-time,3.8,Y
DP03608,3/2/2025,Rakesh Y,Chennai,Bike,Full-time,5,Y
DP01339,1/12/2025,Meena I,Kolkata,Bike,Full-time,4.33,Y
DP06808,1/1/2025,Deepak H,Delhi,Cycle,Full-time,3.95,Y
DP13057,12/31/2024,Manoj N,Mumbai,Scooter,Full-time,3.5,Y
DP13340,1/14/2025,Rakesh E,Chennai,Bike,Full-time,4.71,Y
DP11998,1/6/2025,Amit E,Bengaluru,Cycle,Full-time,4.45,Y
DP04323,1/11/2025,Manoj H,Delhi,Cycle,Contract,4.09,Y
DP04658,1/6/2025,Ananya V,Bengaluru,Cycle,Part-time,4.46,Y
DP12532,12/20/2024,Deepak N,Kolkata,Scooter,Contract,4.68,Y
DP03779,12/19/2024,Pooja U,Ahmedabad,Scooter,Contract,3.76,Y
DP02980,1/15/2025,Pooja U,Ahmedabad,Bike,Full-time,3.8,Y
DP06736,1/2/2025,Vikas J,Kolkata,Bike,Full-time,4.33,Y
DP11219,1/15/2025,Nikhil E,Mumbai,Car,Full-time,4.37,Y
DP09524,1/15/2025,Suresh V,Delhi,Scooter,Part-time,4.01,Y
DP06745,1/17/2025,Deepak N,Ahmedabad,Scooter,Contract,4.54,Y
DP02030,1/15/2025,Vikas D,Pune,Scooter,Full-time,4.19,Y
DP01606,1/15/2025,Nikhil A,Kolkata,Bike,Full-time,4.4,Y
DP12869,2/13/2025,Pooja E,Ahmedabad,Cycle,Full-time,3.69,Y
DP08482,1/2/2025,Deepak V,Ahmedabad,Bike,Full-time,4.72,Y
DP13630,1/13/2025,Rahul E,Bengaluru,Scooter,Part-time,4.31,Y
DP01702,1/12/2025,Arjun P,Chennai,Cycle,Full-time,4.28,Y
DP10787,1/7/2025,Amit A,Bengaluru,Bike,Full-time,4.03,Y
DP02952,1/10/2025,Pooja K,Pune,Bike,Contract,4.23,Y
DP07657,1/16/2025,Manoj D,Hyderabad,Car,Contract,4.6,Y
DP05431,12/30/2024,Deepak E,Ahmedabad,Scooter,Contract,4.33,Y
DP04671,1/14/2025,Deepak B,Delhi,Bike,Full-time,3.55,N
DP13118,1/16/2025,Meena A,Delhi,Cycle,Contract,4.2,N
DP11479,12/27/2024,Deepak N,Delhi,Bike,Full-time,4.51,N
DP00053,1/13/2025,Sneha I,Hyderabad,Bike,Contract,4.43,Y
DP03433,1/4/2025,Priya R,Mumbai,Bike,Part-time,3.91,Y
DP13611,1/15/2025,Kiran H,Pune,Car,Part-time,3.67,Y
DP08690,1/8/2025,Santosh H,Bengaluru,Bike,Contract,3.74,Y
DP04672,1/13/2025,Manoj U,Hyderabad,Scooter,Contract,4.37,Y
DP14550,1/12/2025,Deepak W,Mumbai,Scooter,Full-time,4.02,Y
DP13126,12/28/2024,Kiran N,Delhi,Scooter,Full-time,4.09,Y
DP10497,1/18/2025,Pooja T,Bengaluru,Scooter,Contract,4.41,Y
DP11871,1/9/2025,Suresh C,Delhi,Car,Full-time,4,Y
DP03814,2/17/2025,Nikhil T,Bengaluru,Scooter,Part-time,4.49,Y
DP12337,1/17/2025,Amit B,Kolkata,Scooter,Full-time,4.17,Y
DP06281,2/7/2025,Rahul J,Hyderabad,Cycle,Contract,4.34,Y
DP14417,1/14/2025,Ravi Z,Bengaluru,Scooter,Part-time,3.92,Y
DP11306,1/7/2025,Deepak O,Mumbai,Bike,Part-time,3.81,Y
DP14133,1/15/2025,Ananya K,Pune,Bike,Contract,4.33,Y
DP08243,1/7/2025,Divya P,Hyderabad,Bike,Part-time,4.26,Y
DP08464,1/7/2025,Nikhil O,Bengaluru,Bike,Full-time,4.38,N
DP08974,1/9/2025,Rahul N,Ahmedabad,Bike,Full-time,4.14,N
DP12234,1/10/2025,Pooja S,Delhi,Bike,Part-time,4.06,Y
DP12787,1/14/2025,Divya N,Ahmedabad,Cycle,Part-time,4.06,Y
DP08963,1/15/2025,Amit F,Bengaluru,Bike,Full-time,4.39,Y
DP08295,1/4/2025,Nikhil E,Mumbai,Bike,Full-time,4.11,Y
DP11459,12/28/2024,Ravi P,Bengaluru,Bike,Part-time,5,Y
DP12131,12/26/2024,Arjun I,Mumbai,Bike,Full-time,4.3,Y
DP00674,1/2/2025,Priya Z,Mumbai,Bike,Contract,4.04,N
DP01970,1/13/2025,Pooja V,Hyderabad,Scooter,Full-time,3.69,Y
DP00531,1/13/2025,Suresh Z,Bengaluru,Scooter,Contract,4.4,Y
DP00510,1/15/2025,Santosh W,Delhi,Bike,Contract,3.93,Y
DP06155,1/15/2025,Deepak K,Bengaluru,Scooter,Full-time,4.33,Y
DP06335,12/19/2024,Rahul G,Ahmedabad,Scooter,Full-time,4.38,Y
DP00530,1/9/2025,Pooja A,Hyderabad,Scooter,Contract,3.51,N
DP02613,12/30/2024,Amit A,Bengaluru,Bike,Contract,4.26,Y
DP13675,1/13/2025,Meena O,Chennai,Cycle,Full-time,4.3,Y
DP04855,1/15/2025,Shreya O,Bengaluru,Cycle,Part-time,4.47,Y
DP09937,1/14/2025,Ravi V,Pune,Scooter,Part-time,4.18,N
DP04680,1/4/2025,Neha G,Mumbai,Bike,Part-time,4.31,Y
DP07428,1/11/2025,Nikhil H,Bengaluru,Scooter,Contract,4.11,Y
DP12696,1/17/2025,Pooja J,Kolkata,Car,Part-time,4.48,Y
DP01519,2/6/2025,Nikhil U,Ahmedabad,Bike,Full-time,3.95,Y
DP11483,1/7/2025,Shreya F,Ahmedabad,Cycle,Full-time,4.6,Y
DP07536,1/3/2025,Sneha I,Delhi,Cycle,Full-time,4.44,Y
DP05608,1/17/2025,Sneha L,Hyderabad,Scooter,Full-time,4.09,Y
DP14888,1/13/2025,Amit B,Mumbai,Scooter,Full-time,3.85,Y
DP00160,12/19/2024,Rakesh C,Pune,Scooter,Part-time,4.37,Y
DP03600,1/12/2025,Deepak E,Kolkata,Scooter,Contract,4.66,Y
DP12766,2/10/2025,Arjun F,Chennai,Bike,Full-time,4.62,Y
DP05774,1/5/2025,Santosh S,Pune,Bike,Full-time,4.78,Y
DP13428,1/12/2025,Meena S,Bengaluru,Cycle,Part-time,3.83,Y
DP07751,1/2/2025,Divya Q,Delhi,Bike,Full-time,3.88,Y
DP02112,1/15/2025,Meena Z,Hyderabad,Scooter,Full-time,3.86,Y
DP10359,4/17/2025,Kiran W,Chennai,Bike,Part-time,4.07,N
DP10235,1/8/2025,Pooja Y,Hyderabad,Cycle,Full-time,4.31,Y
DP01608,1/2/2025,Amit G,Ahmedabad,Bike,Contract,3.88,N
DP03055,3/6/2025,Ananya H,Mumbai,Scooter,Part-time,4.49,Y
DP14411,12/16/2024,Amit F,Mumbai,Scooter,Full-time,3.82,Y
DP14619,1/8/2025,Rakesh Q,Mumbai,Bike,Full-time,4.01,Y
DP13836,1/6/2025,Kiran G,Pune,Scooter,Full-time,4.68,Y
DP07121,1/8/2025,Manoj W,Hyderabad,Scooter,Contract,4.56,Y
DP01395,1/9/2025,Suresh K,Delhi,Bike,Full-time,4.45,Y
DP13912,12/25/2024,Nikhil Q,Bengaluru,Bike,Part-time,4.29,Y
DP05200,12/24/2024,Deepak H,Hyderabad,Scooter,Contract,3.76,Y
DP05500,1/12/2025,Santosh I,Delhi,Car,Part-time,4.21,Y
DP14915,2/13/2025,Manoj Q,Hyderabad,Scooter,Part-time,4.17,Y
DP12971,1/5/2025,Amit P,Chennai,Scooter,Part-time,4.3,Y
DP00777,12/21/2024,Rahul Q,Kolkata,Bike,Part-time,3.94,Y
DP01299,1/14/2025,Sneha H,Mumbai,Bike,Full-time,4.02,Y
DP09808,1/11/2025,Deepak B,Pune,Cycle,Contract,3.87,N
DP11231,2/1/2025,Divya P,Ahmedabad,Bike,Full-time,4.26,Y
DP14663,1/15/2025,Kiran Y,Ahmedabad,Scooter,Contract,4.12,Y
DP03792,1/8/2025,Shreya X,Ahmedabad,Bike,Part-time,4.27,Y
DP07263,12/31/2024,Nikhil K,Pune,Cycle,Full-time,4.27,Y
DP00054,1/7/2025,Priya L,Bengaluru,Bike,Part-time,3.97,Y
DP05623,1/5/2025,Suresh S,Hyderabad,Cycle,Full-time,3.88,Y
DP02134,1/13/2025,Shreya W,Hyderabad,Bike,Contract,4.27,Y
DP04596,1/4/2025,Kiran W,Pune,Scooter,Part-time,4.02,N
DP13791,12/30/2024,Ananya V,Bengaluru,Scooter,Contract,3.79,Y
DP12410,1/10/2025,Ravi U,Hyderabad,Bike,Part-time,4.52,N
DP01225,12/15/2024,Divya I,Bengaluru,Scooter,Full-time,3.85,Y
DP13617,1/13/2025,Ananya V,Chennai,Bike,Part-time,4.57,Y
DP01517,12/26/2024,Vikas B,Hyderabad,Scooter,Full-time,4.29,Y
DP04108,1/17/2025,Vikas S,Bengaluru,Scooter,Full-time,4.17,Y
DP09913,1/8/2025,Pooja L,Delhi,Scooter,Full-time,4.84,Y
DP01609,1/11/2025,Ravi X,Bengaluru,Bike,Part-time,4.63,Y
DP12347,12/7/2024,Pooja O,Pune,Bike,Part-time,4.61,N
DP01618,1/8/2025,Neha J,Delhi,Scooter,Full-time,4.36,Y
DP02532,1/6/2025,Nikhil G,Ahmedabad,Bike,Contract,4.56,Y
DP05590,1/17/2025,Meena D,Mumbai,Cycle,Contract,4.34,N
DP00927,1/12/2025,Arjun V,Chennai,Bike,Full-time,4.34,Y
DP00569,12/18/2024,Pooja J,Bengaluru,Bike,Part-time,4.24,Y
DP09807,1/9/2025,Rahul N,Chennai,Scooter,Full-time,3.91,Y
DP08880,12/20/2024,Meena P,Pune,Bike,Part-time,4.33,Y
DP02138,1/11/2025,Divya X,Bengaluru,Bike,Part-time,4.06,Y
DP00140,1/13/2025,Rakesh N,Mumbai,Bike,Full-time,3.8,Y
DP07449,1/9/2025,Sneha V,Kolkata,Bike,Contract,4.12,Y
DP02074,1/2/2025,Ananya P,Delhi,Bike,Full-time,4.39,Y
DP06581,1/5/2025,Manoj C,Chennai,Bike,Contract,4.21,Y
DP00883,2/8/2025,Kiran B,Kolkata,Scooter,Full-time,3.87,Y
DP08863,1/15/2025,Ananya L,Bengaluru,Bike,Part-time,4.3,Y
DP08340,1/1/2025,Santosh A,Delhi,Bike,Full-time,4.03,Y
DP05521,1/14/2025,Arjun G,Chennai,Scooter,Full-time,4.11,Y
DP09736,12/16/2024,Rakesh R,Chennai,Cycle,Full-time,4.24,Y
DP01157,1/2/2025,Priya Q,Mumbai,Car,Part-time,3.79,Y
DP07538,12/24/2024,Neha Y,Chennai,Cycle,Part-time,4.23,Y
DP09410,1/9/2025,Santosh O,Bengaluru,Scooter,Part-time,3.71,Y
DP07068,12/31/2024,Rahul K,Chennai,Scooter,Full-time,3.99,Y
DP06311,1/8/2025,Kiran I,Pune,Scooter,Full-time,4.15,Y
DP04187,1/14/2025,Arjun Z,Delhi,Scooter,Contract,4.5,Y
DP10863,1/17/2025,Rakesh R,Pune,Bike,Full-time,4.41,Y
DP13404,12/30/2024,Kiran I,Bengaluru,Bike,Contract,4.81,Y
DP12712,12/26/2024,Suresh F,Chennai,Bike,Full-time,3.94,Y
DP11829,1/9/2025,Shreya D,Ahmedabad,Bike,Part-time,3.87,Y
DP13793,1/12/2025,Sneha O,Bengaluru,Bike,Contract,4.38,Y
DP10183,1/10/2025,Kiran K,Bengaluru,Scooter,Contract,4.21,Y
DP00879,1/3/2025,Meena Z,Mumbai,Scooter,Full-time,4.07,Y
DP00514,12/23/2024,Pooja O,Ahmedabad,Scooter,Part-time,4.03,Y
DP02618,1/13/2025,Neha M,Hyderabad,Car,Full-time,4.31,Y
DP10386,12/23/2024,Vikas U,Hyderabad,Bike,Contract,4.22,Y
DP07112,1/7/2025,Pooja F,Bengaluru,Bike,Full-time,3.66,Y
DP05044,1/15/2025,Manoj E,Bengaluru,Car,Full-time,4.48,Y
DP02625,1/17/2025,Pooja A,Hyderabad,Scooter,Full-time,3.87,Y
DP13250,1/9/2025,Amit Z,Delhi,Bike,Full-time,4.15,Y
DP03100,1/7/2025,Nikhil J,Delhi,Bike,Contract,4.05,Y
DP13995,1/18/2025,Santosh U,Bengaluru,Bike,Part-time,4.28,Y
DP01068,1/15/2025,Ananya V,Kolkata,Scooter,Contract,4.89,Y
DP08570,1/4/2025,Santosh G,Pune,Scooter,Full-time,3.8,Y
DP13417,1/16/2025,Pooja M,Mumbai,Bike,Full-time,4.17,N
DP12387,1/15/2025,Nikhil S,Mumbai,Scooter,Contract,4.2,Y
DP10501,1/17/2025,Vikas P,Kolkata,Bike,Full-time,4.5,Y
DP14458,1/18/2025,Vikas B,Bengaluru,Car,Full-time,4.02,Y
DP14487,1/9/2025,Vikas L,Delhi,Cycle,Full-time,4.52,N
DP13688,12/15/2024,Santosh K,Chennai,Bike,Full-time,4.29,Y
DP10492,1/11/2025,Shreya W,Mumbai,Bike,Part-time,4.51,Y
DP09176,1/11/2025,Santosh I,Delhi,Bike,Full-time,3.85,N
DP14764,12/16/2024,Amit G,Chennai,Scooter,Contract,4.13,Y
DP04576,1/18/2025,Kiran K,Pune,Bike,Full-time,3.81,Y
DP04297,1/4/2025,Pooja I,Bengaluru,Bike,Part-time,4.17,N
DP04000,1/10/2025,Rahul D,Chennai,Scooter,Full-time,4.38,Y
DP04167,12/1/2024,Kiran F,Bengaluru,Car,Full-time,4.18,Y
DP07212,1/13/2025,Shreya Q,Pune,Cycle,Full-time,4.15,Y
DP09593,1/7/2025,Rakesh R,Bengaluru,Bike,Part-time,4.22,Y
DP07172,1/12/2025,Priya Z,Bengaluru,Scooter,Part-time,3.94,Y
DP08324,12/20/2024,Nikhil G,Bengaluru,Scooter,Full-time,4.25,Y
DP04913,1/4/2025,Nikhil C,Chennai,Cycle,Part-time,3.63,Y
DP08488,1/1/2025,Pooja H,Delhi,Scooter,Contract,4.04,Y
DP09966,1/16/2025,Deepak H,Chennai,Bike,Full-time,4.68,Y
DP01301,1/9/2025,Shreya N,Bengaluru,Scooter,Full-time,4.35,Y
DP11845,12/26/2024,Meena T,Delhi,Car,Full-time,4.19,Y
DP02061,1/10/2025,Arjun T,Hyderabad,Cycle,Full-time,4.18,Y
DP06304,12/30/2024,Kiran O,Bengaluru,Bike,Contract,4.42,N
DP04841,12/31/2024,Priya S,Delhi,Scooter,Full-time,4.9,Y
DP02766,12/23/2024,Divya Z,Chennai,Scooter,Contract,4.29,Y
DP06834,1/17/2025,Sneha V,Mumbai,Scooter,Part-time,4.2,N
DP04769,1/10/2025,Vikas Y,Delhi,Bike,Full-time,3.68,Y
DP03227,1/1/2025,Suresh O,Delhi,Scooter,Contract,3.95,Y
DP00626,12/31/2024,Santosh R,Bengaluru,Scooter,Full-time,4.11,Y
DP00509,1/19/2025,Manoj Z,Mumbai,Scooter,Part-time,4.03,Y
DP10836,1/16/2025,Divya S,Chennai,Scooter,Full-time,4.7,Y
DP09693,1/29/2025,Suresh T,Hyderabad,Scooter,Part-time,4.03,Y
DP07173,1/18/2025,Manoj I,Kolkata,Bike,Full-time,3.52,Y
DP08816,1/14/2025,Suresh A,Bengaluru,Bike,Full-time,4.03,Y
DP12404,12/18/2024,Santosh G,Ahmedabad,Bike,Contract,3.6,Y
DP11256,1/12/2025,Ravi Y,Pune,Bike,Part-time,4.24,Y
DP11773,1/15/2025,Priya X,Mumbai,Bike,Part-time,4.6,Y
DP11952,1/3/2025,Deepak U,Ahmedabad,Scooter,Full-time,4.66,N
DP13356,1/11/2025,Vikas W,Bengaluru,Scooter,Part-time,4.51,Y
DP06805,12/29/2024,Priya N,Bengaluru,Cycle,Contract,4.15,Y
DP11007,1/19/2025,Rakesh U,Delhi,Bike,Full-time,4.09,Y
DP07826,1/18/2025,Santosh B,Mumbai,Cycle,Full-time,4.49,Y
DP14251,1/1/2025,Priya D,Pune,Scooter,Full-time,4.01,Y
DP14363,1/14/2025,Vikas E,Delhi,Bike,Contract,4.17,N
DP04623,12/28/2024,Rakesh V,Chennai,Bike,Full-time,4.39,Y
DP14021,12/28/2024,Suresh G,Mumbai,Scooter,Full-time,4.53,Y
DP09180,12/7/2024,Meena B,Delhi,Bike,Full-time,3.86,N
DP13564,1/6/2025,Suresh G,Bengaluru,Cycle,Contract,4.38,Y
DP13027,1/5/2025,Kiran K,Mumbai,Scooter,Part-time,4,Y
DP10050,1/5/2025,Deepak N,Ahmedabad,Scooter,Part-time,4.06,Y
DP00191,1/6/2025,Arjun W,Delhi,Scooter,Contract,4.71,Y
DP14100,12/31/2024,Vikas N,Bengaluru,Scooter,Part-time,4.09,Y
DP02229,1/15/2025,Neha W,Mumbai,Bike,Full-time,4.02,Y
DP12148,1/18/2025,Suresh W,Hyderabad,Scooter,Full-time,4.34,Y
DP10390,1/18/2025,Vikas N,Chennai,Bike,Contract,3.85,N
DP04005,1/8/2025,Manoj T,Delhi,Bike,Full-time,4.19,N
DP05992,3/16/2025,Ananya Q,Bengaluru,Bike,Full-time,4.29,Y
DP05582,12/17/2024,Rahul R,Delhi,Cycle,Part-time,4.93,Y
DP10518,1/14/2025,Nikhil S,Ahmedabad,Scooter,Full-time,4.63,Y
DP00275,1/6/2025,Kiran K,Delhi,Cycle,Full-time,4.8,Y
DP00012,1/2/2025,Ravi W,Pune,Scooter,Contract,4.27,Y
DP02487,1/7/2025,Vikas D,Chennai,Bike,Part-time,4.49,Y
DP10106,1/16/2025,Rahul Q,Chennai,Bike,Full-time,3.9,Y
DP05659,1/18/2025,Meena A,Chennai,Scooter,Full-time,4.34,Y
DP06727,12/25/2024,Vikas Y,Kolkata,Bike,Contract,3.92,Y
DP08393,1/10/2025,Vikas F,Pune,Bike,Full-time,3.83,Y
DP12676,1/9/2025,Pooja U,Kolkata,Cycle,Contract,4.04,N
DP12389,1/15/2025,Sneha N,Chennai,Bike,Full-time,4.13,Y
DP10795,1/17/2025,Suresh C,Delhi,Bike,Contract,3.77,Y
DP12191,1/15/2025,Amit U,Mumbai,Cycle,Full-time,3.65,Y
DP06958,1/14/2025,Sneha D,Bengaluru,Bike,Part-time,4.32,Y
DP06186,1/16/2025,Santosh S,Delhi,Bike,Part-time,4,Y
DP04888,1/14/2025,Manoj X,Bengaluru,Scooter,Contract,4.18,Y
DP02873,1/19/2025,Vikas S,Bengaluru,Bike,Full-time,4.77,Y
DP07270,1/17/2025,Suresh H,Pune,Bike,Contract,4.66,Y
DP09173,1/10/2025,Arjun M,Bengaluru,Bike,Full-time,3.97,Y
DP00979,1/3/2025,Meena H,Kolkata,Bike,Full-time,4.28,Y
DP02310,1/19/2025,Deepak Z,Ahmedabad,Bike,Full-time,4.49,Y
DP11865,1/19/2025,Santosh B,Chennai,Scooter,Full-time,4.65,Y
DP09300,1/9/2025,Nikhil W,Mumbai,Bike,Part-time,4.53,Y
DP13512,12/20/2024,Amit Q,Kolkata,Scooter,Part-time,4.19,Y
DP05667,1/16/2025,Suresh B,Chennai,Scooter,Full-time,4.16,Y
DP14609,1/1/2025,Arjun Y,Delhi,Cycle,Part-time,3.54,Y
DP00057,1/17/2025,Shreya H,Bengaluru,Bike,Full-time,3.74,Y
DP14400,1/17/2025,Divya Y,Hyderabad,Bike,Part-time,3.9,Y
DP00005,1/20/2025,Suresh T,Mumbai,Scooter,Full-time,4.42,Y
DP11928,1/1/2025,Shreya V,Bengaluru,Scooter,Full-time,4.04,Y
DP14707,1/14/2025,Arjun R,Pune,Bike,Part-time,4.07,Y
DP06074,1/18/2025,Meena Z,Ahmedabad,Scooter,Contract,4.2,N
DP07491,12/25/2024,Priya D,Hyderabad,Bike,Contract,5,N
DP03764,1/10/2025,Nikhil B,Mumbai,Scooter,Part-time,4.09,Y
DP07358,12/11/2024,Sneha G,Bengaluru,Scooter,Full-time,4.34,Y
DP06042,12/29/2024,Neha L,Mumbai,Scooter,Part-time,4.55,Y
DP14820,12/26/2024,Amit C,Pune,Bike,Full-time,4.88,Y
DP02132,1/11/2025,Rakesh T,Kolkata,Bike,Full-time,4.11,Y
DP03099,1/12/2025,Rakesh C,Chennai,Bike,Part-time,3.31,Y
DP14017,1/10/2025,Santosh R,Hyderabad,Bike,Full-time,4.41,Y
DP05922,1/15/2025,Ravi O,Delhi,Bike,Full-time,4.13,Y
DP10621,1/2/2025,Rakesh X,Hyderabad,Scooter,Full-time,4.12,Y
DP13110,12/26/2024,Pooja D,Bengaluru,Bike,Full-time,4.38,Y
DP06611,1/13/2025,Ravi N,Delhi,Scooter,Full-time,3.72,Y
DP07794,1/9/2025,Shreya D,Delhi,Scooter,Part-time,4.58,Y
DP07366,12/27/2024,Suresh U,Ahmedabad,Scooter,Contract,4.66,Y
DP01426,1/17/2025,Kiran Q,Bengaluru,Bike,Full-time,3.96,Y
DP08157,1/5/2025,Deepak V,Hyderabad,Scooter,Contract,3.87,N
DP09357,1/13/2025,Meena L,Bengaluru,Cycle,Full-time,4.18,Y
DP12002,1/17/2025,Deepak E,Bengaluru,Scooter,Contract,4.48,Y
DP00472,1/12/2025,Sneha K,Delhi,Scooter,Full-time,4.45,Y
DP05719,1/11/2025,Ravi X,Mumbai,Scooter,Full-time,4.61,Y
DP06385,1/19/2025,Ravi W,Delhi,Bike,Full-time,4.06,Y
DP03467,12/30/2024,Shreya L,Mumbai,Bike,Part-time,3.92,Y
DP08615,1/18/2025,Suresh B,Pune,Cycle,Part-time,3.91,Y
DP05725,12/19/2024,Neha M,Kolkata,Bike,Part-time,4.54,Y
DP00329,1/5/2025,Nikhil F,Kolkata,Scooter,Part-time,4.34,Y
DP11048,1/11/2025,Ravi X,Pune,Scooter,Full-time,4.17,Y
DP01282,1/15/2025,Meena X,Kolkata,Bike,Full-time,4.72,Y
DP12674,12/30/2024,Nikhil P,Kolkata,Scooter,Part-time,4.32,Y
DP11291,12/30/2024,Ananya N,Delhi,Scooter,Contract,4.02,Y
DP10886,1/12/2025,Amit O,Chennai,Bike,Part-time,4.22,Y
DP14956,1/11/2025,Neha C,Chennai,Scooter,Part-time,4.27,Y
DP07739,1/12/2025,Ravi H,Hyderabad,Bike,Full-time,4.24,N
DP14590,1/2/2025,Neha U,Hyderabad,Cycle,Part-time,3.71,Y
DP13049,1/6/2025,Arjun T,Delhi,Car,Contract,3.48,Y
DP03589,1/15/2025,Santosh W,Pune,Scooter,Full-time,4.31,Y
DP04110,1/18/2025,Kiran D,Chennai,Bike,Part-time,4.04,Y
DP04079,1/12/2025,Pooja I,Kolkata,Bike,Full-time,4.29,Y
DP04980,1/16/2025,Suresh S,Chennai,Cycle,Contract,4.26,Y
DP04467,1/15/2025,Divya Q,Ahmedabad,Bike,Part-time,4.52,N
DP08539,1/4/2025,Sneha X,Ahmedabad,Bike,Full-time,4.22,Y
DP00170,1/5/2025,Neha T,Chennai,Scooter,Contract,4.03,Y
DP13730,1/4/2025,Vikas Y,Bengaluru,Bike,Contract,4.41,Y
DP07818,1/14/2025,Kiran E,Hyderabad,Scooter,Part-time,4.43,Y
DP06397,1/15/2025,Suresh Y,Delhi,Scooter,Part-time,4.31,Y
DP06212,1/8/2025,Sneha E,Kolkata,Scooter,Full-time,4.18,N
DP02856,1/11/2025,Priya Y,Delhi,Bike,Contract,3.68,Y
DP04350,1/7/2025,Rakesh U,Delhi,Cycle,Full-time,4.13,Y
DP09065,1/18/2025,Santosh S,Chennai,Cycle,Part-time,4,Y
DP09589,1/16/2025,Nikhil Q,Delhi,Bike,Full-time,4.16,Y
DP03199,1/3/2025,Rakesh I,Delhi,Bike,Part-time,4.15,Y
DP09178,1/11/2025,Arjun C,Pune,Scooter,Part-time,4.15,N
DP13202,12/26/2024,Neha Q,Hyderabad,Cycle,Part-time,4.37,N
DP12478,12/19/2024,Rakesh R,Chennai,Scooter,Contract,4.36,Y
DP03698,1/16/2025,Nikhil F,Chennai,Scooter,Part-time,4.51,Y
DP01639,1/14/2025,Pooja C,Pune,Cycle,Part-time,4.52,Y
DP12422,1/16/2025,Priya Q,Kolkata,Car,Contract,3.58,Y
DP03899,1/18/2025,Rahul T,Chennai,Bike,Contract,3.97,Y
DP06532,1/11/2025,Kiran J,Delhi,Cycle,Part-time,3.74,Y
DP07253,1/2/2025,Deepak U,Delhi,Bike,Part-time,3.98,Y
DP13715,1/10/2025,Rahul S,Bengaluru,Bike,Part-time,4.16,Y
DP07733,12/20/2024,Sneha Z,Mumbai,Car,Part-time,3.95,N
DP04699,1/6/2025,Ananya L,Delhi,Cycle,Part-time,4.3,Y
DP02238,1/4/2025,Manoj C,Chennai,Bike,Full-time,4.22,Y
DP08412,1/9/2025,Rakesh C,Hyderabad,Bike,Part-time,3.59,N
DP13081,1/3/2025,Sneha O,Pune,Scooter,Full-time,4.05,Y
DP09708,1/14/2025,Suresh P,Delhi,Scooter,Contract,4.14,N
DP03015,1/14/2025,Rahul A,Hyderabad,Bike,Full-time,3.79,Y
DP14506,1/16/2025,Suresh N,Ahmedabad,Bike,Full-time,3.92,Y
DP12372,12/20/2024,Ravi S,Mumbai,Cycle,Part-time,4.62,Y
DP09609,1/11/2025,Divya O,Ahmedabad,Scooter,Full-time,4.41,Y
DP12582,1/8/2025,Amit P,Kolkata,Scooter,Part-time,4.44,Y
DP10298,12/17/2024,Ananya M,Mumbai,Scooter,Full-time,3.49,Y
DP00092,1/7/2025,Santosh T,Kolkata,Bike,Full-time,4.08,Y
DP14032,1/13/2025,Santosh Q,Bengaluru,Bike,Contract,3.89,Y
DP13114,1/15/2025,Divya R,Ahmedabad,Bike,Contract,3.81,Y
DP12454,1/13/2025,Neha R,Pune,Scooter,Contract,3.41,N
DP05568,1/13/2025,Manoj O,Chennai,Bike,Full-time,4.22,Y
DP08525,1/16/2025,Arjun P,Hyderabad,Bike,Full-time,3.93,N
DP13893,1/12/2025,Deepak N,Mumbai,Bike,Part-time,3.89,Y
DP08165,1/14/2025,Pooja W,Chennai,Bike,Full-time,4.41,Y
DP10988,1/13/2025,Divya P,Kolkata,Bike,Part-time,4.58,Y
DP14277,1/8/2025,Ravi I,Chennai,Scooter,Full-time,4.2,Y
DP14927,2/26/2025,Shreya Q,Mumbai,Scooter,Full-time,3.98,Y
DP12392,1/5/2025,Kiran S,Mumbai,Bike,Full-time,3.31,Y
DP12155,1/15/2025,Shreya R,Ahmedabad,Bike,Part-time,4.09,Y
DP13873,12/27/2024,Divya A,Delhi,Scooter,Part-time,4.26,Y
DP01007,1/15/2025,Rakesh X,Pune,Cycle,Full-time,4.37,N
DP02067,1/1/2025,Nikhil K,Delhi,Cycle,Full-time,3.9,Y
DP12308,1/11/2025,Meena R,Mumbai,Bike,Part-time,4.18,N
DP03711,1/11/2025,Manoj P,Bengaluru,Bike,Full-time,4.44,Y
DP07342,1/10/2025,Nikhil Z,Pune,Bike,Full-time,4.23,Y
DP11769,1/12/2025,Priya L,Mumbai,Bike,Full-time,4.05,Y
DP07070,1/7/2025,Rakesh M,Bengaluru,Car,Full-time,4.73,Y
DP05664,1/6/2025,Ravi M,Delhi,Scooter,Part-time,3.62,Y
DP11934,1/11/2025,Nikhil F,Mumbai,Scooter,Full-time,3.56,N
DP03460,1/13/2025,Manoj N,Delhi,Bike,Full-time,4.03,Y
DP05546,1/3/2025,Amit F,Ahmedabad,Scooter,Full-time,3.5,N
DP04039,1/18/2025,Pooja R,Bengaluru,Scooter,Part-time,4.07,Y
DP00715,1/19/2025,Arjun N,Bengaluru,Car,Part-time,4.63,Y
DP11379,12/26/2024,Arjun T,Bengaluru,Scooter,Full-time,4.27,Y
DP14527,1/19/2025,Kiran H,Mumbai,Bike,Full-time,4.4,Y
DP09257,1/6/2025,Ananya P,Mumbai,Scooter,Full-time,3.81,Y
DP01139,1/4/2025,Divya Q,Hyderabad,Cycle,Part-time,3.98,Y
DP03472,12/16/2024,Rakesh S,Kolkata,Bike,Contract,3.69,Y
DP10817,1/14/2025,Suresh X,Bengaluru,Car,Contract,4.19,Y
DP02066,1/8/2025,Ravi X,Hyderabad,Cycle,Part-time,4.36,Y
DP08168,1/10/2025,Shreya J,Bengaluru,Scooter,Full-time,4,Y
DP06124,2/10/2025,Amit X,Hyderabad,Bike,Part-time,4.02,N
DP14110,1/8/2025,Santosh L,Mumbai,Cycle,Full-time,4.26,Y
DP05931,1/4/2025,Rahul H,Bengaluru,Scooter,Part-time,4.08,Y
DP11718,1/13/2025,Deepak F,Kolkata,Bike,Full-time,3.87,Y
DP01081,1/17/2025,Pooja O,Hyderabad,Bike,Full-time,4.02,Y
DP09452,1/18/2025,Shreya D,Chennai,Cycle,Full-time,4.4,Y
DP12474,1/13/2025,Rakesh C,Kolkata,Bike,Part-time,4.23,Y
DP05387,1/6/2025,Kiran S,Bengaluru,Bike,Full-time,3.74,Y
DP04673,1/10/2025,Santosh E,Chennai,Scooter,Part-time,3.95,Y
DP13078,12/22/2024,Suresh N,Bengaluru,Scooter,Full-time,4.05,Y
DP12556,1/18/2025,Santosh A,Mumbai,Bike,Full-time,4.12,Y
DP13575,1/10/2025,Manoj W,Chennai,Bike,Part-time,3.99,Y
DP04445,1/18/2025,Pooja T,Bengaluru,Cycle,Full-time,4.32,Y
DP07540,1/7/2025,Amit H,Bengaluru,Scooter,Contract,4.29,N
DP04825,1/7/2025,Kiran E,Kolkata,Bike,Full-time,4.32,Y
DP07812,1/4/2025,Pooja R,Chennai,Scooter,Full-time,4.68,Y
DP07916,1/5/2025,Vikas U,Chennai,Scooter,Contract,4.39,Y
DP02161,1/10/2025,Amit T,Chennai,Bike,Full-time,3.74,Y
DP14366,1/2/2025,Arjun K,Ahmedabad,Cycle,Contract,3.98,Y
DP10722,2/6/2025,Sneha J,Ahmedabad,Bike,Full-time,4.23,N
DP06853,1/14/2025,Kiran S,Kolkata,Bike,Part-time,4.58,N
DP10408,1/17/2025,Amit C,Hyderabad,Scooter,Full-time,4.25,Y
DP14297,12/15/2024,Sneha L,Chennai,Bike,Full-time,4.37,Y
DP05682,2/6/2025,Ananya V,Bengaluru,Cycle,Full-time,3.88,Y
DP13062,1/17/2025,Manoj S,Kolkata,Bike,Part-time,4.24,Y
DP10090,1/14/2025,Nikhil U,Pune,Scooter,Full-time,4.38,N
DP01015,1/11/2025,Sneha O,Delhi,Bike,Full-time,3.89,N
DP01057,1/11/2025,Vikas V,Hyderabad,Scooter,Part-time,3.92,Y
DP05197,1/10/2025,Arjun R,Kolkata,Scooter,Full-time,4.57,Y
DP12366,1/6/2025,Manoj M,Ahmedabad,Car,Part-time,4.8,Y
DP06656,1/16/2025,Amit B,Mumbai,Car,Full-time,4.44,N
DP07038,1/4/2025,Meena M,Bengaluru,Scooter,Full-time,4.33,Y
DP06286,1/8/2025,Shreya M,Mumbai,Cycle,Contract,3.92,Y
DP06068,12/23/2024,Amit M,Mumbai,Bike,Part-time,3.98,N
DP01844,1/10/2025,Kiran X,Bengaluru,Bike,Full-time,4.69,Y
DP14197,1/9/2025,Santosh P,Mumbai,Bike,Full-time,4.32,Y
DP04412,1/15/2025,Nikhil D,Pune,Car,Part-time,4.14,Y
DP13827,1/1/2025,Meena N,Bengaluru,Cycle,Part-time,3.8,Y
DP11110,1/18/2025,Rakesh K,Bengaluru,Scooter,Full-time,4.03,Y
DP04926,1/3/2025,Manoj S,Bengaluru,Cycle,Full-time,4.33,Y
DP13455,1/2/2025,Santosh D,Pune,Scooter,Contract,4.63,Y
DP12014,1/4/2025,Kiran R,Bengaluru,Scooter,Full-time,4.37,Y
DP04911,1/8/2025,Suresh K,Bengaluru,Bike,Part-time,4.14,Y
DP01231,1/13/2025,Priya M,Delhi,Bike,Full-time,3.87,Y
DP07873,1/15/2025,Nikhil X,Bengaluru,Bike,Full-time,4.58,Y
DP01165,1/16/2025,Deepak C,Mumbai,Bike,Full-time,3.68,N
DP04397,1/13/2025,Ravi F,Mumbai,Scooter,Full-time,4.04,Y
DP14576,1/15/2025,Ananya N,Delhi,Scooter,Full-time,4.38,Y
DP10475,12/18/2024,Kiran Q,Mumbai,Cycle,Part-time,4.44,Y
DP10796,1/10/2025,Suresh A,Ahmedabad,Scooter,Part-time,4.09,Y
DP08049,1/10/2025,Arjun K,Hyderabad,Bike,Full-time,3.85,Y
DP05455,1/12/2025,Kiran K,Bengaluru,Bike,Part-time,4.23,N
DP12539,1/13/2025,Vikas A,Kolkata,Scooter,Part-time,3.87,Y
DP06241,1/14/2025,Nikhil L,Delhi,Bike,Contract,3.86,Y
DP00918,1/1/2025,Amit B,Ahmedabad,Scooter,Full-time,4.08,Y
DP10655,12/29/2024,Sneha Q,Mumbai,Bike,Full-time,4.57,Y
DP00106,12/26/2024,Priya P,Bengaluru,Bike,Part-time,4.35,Y
DP12303,1/11/2025,Sneha U,Mumbai,Bike,Full-time,4.26,Y
DP11284,1/18/2025,Amit B,Bengaluru,Bike,Full-time,4.17,Y
DP03302,1/16/2025,Priya E,Hyderabad,Scooter,Part-time,3.97,Y
DP03347,1/17/2025,Shreya D,Ahmedabad,Bike,Full-time,4.07,Y
DP08932,1/7/2025,Kiran T,Kolkata,Scooter,Full-time,4.17,Y
DP00059,1/12/2025,Kiran J,Delhi,Bike,Contract,4.4,Y
DP14449,12/13/2024,Suresh U,Delhi,Scooter,Part-time,3.88,Y
DP01713,1/5/2025,Shreya U,Ahmedabad,Car,Part-time,3.92,Y
DP11556,1/9/2025,Rakesh M,Delhi,Bike,Full-time,4.28,Y
DP02390,1/17/2025,Kiran R,Chennai,Bike,Full-time,3.82,Y
DP01503,12/22/2024,Nikhil T,Bengaluru,Bike,Full-time,4.72,Y
DP07483,1/13/2025,Shreya Y,Delhi,Scooter,Contract,4.18,Y
DP01173,1/16/2025,Santosh B,Mumbai,Bike,Part-time,4.11,N
DP11035,12/31/2024,Sneha H,Chennai,Car,Contract,3.96,N
DP08006,1/13/2025,Arjun G,Kolkata,Cycle,Full-time,4.13,Y
DP07464,1/10/2025,Pooja J,Ahmedabad,Bike,Part-time,4.29,Y
DP06488,1/18/2025,Sneha T,Hyderabad,Bike,Full-time,4.63,Y
DP12563,1/17/2025,Santosh I,Hyderabad,Car,Full-time,4.11,Y
DP14979,1/12/2025,Suresh R,Hyderabad,Scooter,Full-time,4.05,Y
DP06507,1/16/2025,Arjun K,Delhi,Scooter,Full-time,4.37,Y
DP12249,1/18/2025,Divya L,Delhi,Car,Full-time,4.45,Y
DP02999,2/23/2025,Kiran O,Ahmedabad,Scooter,Full-time,4.35,Y
DP14269,1/6/2025,Amit E,Mumbai,Cycle,Full-time,4.45,Y
DP13991,1/1/2025,Kiran Q,Bengaluru,Scooter,Contract,4.58,Y
DP10910,1/12/2025,Meena R,Ahmedabad,Scooter,Full-time,4.19,Y
DP06172,1/12/2025,Santosh A,Hyderabad,Bike,Full-time,4.3,Y
DP07401,12/24/2024,Sneha E,Pune,Scooter,Full-time,3.95,Y
DP00678,1/3/2025,Priya Y,Bengaluru,Cycle,Part-time,4.4,Y
DP05603,1/15/2025,Ananya T,Mumbai,Bike,Full-time,4.07,Y
DP03023,1/16/2025,Meena V,Bengaluru,Cycle,Full-time,4.25,N
DP11176,1/18/2025,Pooja S,Bengaluru,Bike,Full-time,4.41,Y
DP05793,1/1/2025,Divya M,Mumbai,Bike,Full-time,3.88,Y
DP02077,1/16/2025,Shreya H,Mumbai,Scooter,Full-time,4.23,Y
DP10629,1/18/2025,Nikhil C,Pune,Car,Contract,4.45,Y
DP01415,1/14/2025,Deepak J,Mumbai,Bike,Full-time,4.26,Y
DP03687,12/30/2024,Amit B,Delhi,Bike,Part-time,3.98,Y
DP10905,1/19/2025,Sneha E,Bengaluru,Scooter,Part-time,4.3,Y
DP02257,12/25/2024,Rahul B,Chennai,Bike,Contract,4.86,Y
DP11990,1/16/2025,Ananya K,Bengaluru,Bike,Contract,3.88,Y
DP02715,1/8/2025,Meena U,Mumbai,Scooter,Part-time,4.14,Y
DP11141,12/27/2024,Arjun N,Ahmedabad,Scooter,Part-time,4.4,Y
DP02505,1/16/2025,Meena E,Bengaluru,Car,Part-time,3.56,Y
DP02357,1/16/2025,Neha K,Bengaluru,Scooter,Part-time,3.76,Y
DP14075,2/20/2025,Amit G,Bengaluru,Bike,Full-time,4.17,N
DP11400,2/10/2025,Ananya F,Ahmedabad,Bike,Full-time,4.36,Y
DP01430,1/12/2025,Arjun R,Ahmedabad,Bike,Full-time,4.44,Y
DP02990,1/20/2025,Shreya O,Delhi,Bike,Part-time,4.02,Y
DP11008,1/20/2025,Arjun Y,Bengaluru,Scooter,Part-time,5,Y
DP13313,1/13/2025,Arjun E,Bengaluru,Cycle,Part-time,4.33,Y
DP14868,1/12/2025,Nikhil W,Mumbai,Bike,Part-time,4.23,Y
DP06900,12/26/2024,Suresh D,Delhi,Bike,Contract,4.46,Y
DP11570,12/24/2024,Pooja X,Bengaluru,Bike,Full-time,3.88,Y
DP14557,1/9/2025,Rakesh Q,Ahmedabad,Bike,Part-time,4.35,Y
DP05178,1/17/2025,Shreya K,Kolkata,Scooter,Part-time,3.81,Y
DP13418,1/3/2025,Shreya S,Bengaluru,Bike,Full-time,4.5,Y
DP06126,1/19/2025,Meena W,Hyderabad,Scooter,Full-time,3.78,Y
DP00535,1/15/2025,Santosh Q,Bengaluru,Scooter,Part-time,4.16,Y
DP06140,1/1/2025,Deepak W,Delhi,Cycle,Full-time,4.33,Y
DP01462,1/18/2025,Vikas T,Bengaluru,Bike,Full-time,4.14,Y
DP10435,1/30/2025,Meena C,Delhi,Scooter,Full-time,4.48,Y
DP12955,12/30/2024,Vikas V,Hyderabad,Bike,Part-time,3.81,Y
DP01802,1/13/2025,Arjun S,Bengaluru,Cycle,Full-time,4.13,Y
DP05275,1/9/2025,Pooja F,Bengaluru,Scooter,Full-time,4.2,Y
DP03655,1/12/2025,Shreya S,Mumbai,Cycle,Full-time,4.41,Y
DP06398,1/17/2025,Vikas G,Kolkata,Bike,Contract,3.76,Y
DP14522,12/31/2024,Amit Q,Ahmedabad,Scooter,Part-time,3.9,Y
DP12162,1/18/2025,Divya D,Bengaluru,Scooter,Part-time,4.6,Y
DP03726,1/18/2025,Divya O,Kolkata,Scooter,Part-time,4.58,Y
DP09922,1/12/2025,Nikhil D,Chennai,Bike,Contract,3.78,Y
DP03138,12/15/2024,Arjun X,Bengaluru,Scooter,Contract,4.31,Y
DP06549,1/10/2025,Kiran W,Pune,Bike,Contract,4.38,Y
DP03088,1/9/2025,Kiran D,Delhi,Bike,Contract,3.98,Y
DP12680,1/9/2025,Pooja X,Delhi,Bike,Full-time,4.45,Y
DP08823,12/23/2024,Meena Y,Bengaluru,Scooter,Full-time,4.38,Y
DP03593,1/18/2025,Priya B,Mumbai,Bike,Full-time,3.69,Y
DP09187,1/19/2025,Manoj B,Pune,Bike,Full-time,4.31,Y
DP09374,1/5/2025,Santosh H,Bengaluru,Scooter,Part-time,3.79,Y
DP08099,1/2/2025,Arjun V,Mumbai,Scooter,Full-time,4.51,Y
DP08626,1/17/2025,Divya B,Bengaluru,Scooter,Contract,3.73,Y
DP04071,1/24/2025,Rahul C,Delhi,Bike,Contract,4.8,Y
DP00062,11/30/2024,Rahul Z,Bengaluru,Bike,Full-time,3.92,Y
DP07736,1/4/2025,Arjun J,Kolkata,Car,Full-time,4.72,Y
DP10222,1/13/2025,Priya V,Bengaluru,Scooter,Full-time,4.72,Y
DP03555,1/1/2025,Nikhil V,Kolkata,Scooter,Contract,4.06,Y
DP07364,1/14/2025,Rahul D,Mumbai,Scooter,Full-time,3.98,Y
DP08280,12/28/2024,Kiran R,Mumbai,Scooter,Full-time,3.91,N
DP09267,1/17/2025,Rakesh N,Bengaluru,Cycle,Part-time,4,Y
DP12261,12/18/2024,Manoj D,Kolkata,Scooter,Full-time,4.3,Y
DP08285,12/19/2024,Amit R,Ahmedabad,Scooter,Full-time,4.28,N
DP09438,1/7/2025,Sneha M,Bengaluru,Bike,Contract,4.71,Y
DP02275,1/17/2025,Nikhil Y,Bengaluru,Bike,Contract,4.31,Y
DP01629,12/14/2024,Nikhil R,Bengaluru,Cycle,Contract,4.22,Y
DP10920,12/19/2024,Priya Z,Kolkata,Bike,Full-time,3.84,Y
DP09132,1/15/2025,Santosh E,Delhi,Scooter,Full-time,3.95,Y
DP06123,1/3/2025,Ravi C,Chennai,Bike,Part-time,4.47,Y
DP03968,1/11/2025,Neha X,Chennai,Bike,Part-time,4.43,Y
DP03178,1/11/2025,Shreya K,Bengaluru,Scooter,Part-time,3.93,Y
DP08060,2/8/2025,Priya K,Mumbai,Cycle,Full-time,3.92,Y
DP14990,1/19/2025,Amit K,Ahmedabad,Bike,Full-time,3.56,Y
DP11080,1/14/2025,Divya X,Delhi,Bike,Full-time,4.47,Y
DP06132,1/17/2025,Deepak J,Delhi,Scooter,Part-time,4.1,Y
DP03691,1/13/2025,Nikhil Y,Pune,Bike,Full-time,4.36,Y
DP12990,1/8/2025,Kiran G,Bengaluru,Scooter,Part-time,4.41,Y
DP13501,1/13/2025,Arjun F,Pune,Cycle,Full-time,3.93,Y
DP07351,1/16/2025,Arjun U,Delhi,Scooter,Part-time,4.09,Y
DP13858,1/4/2025,Neha T,Delhi,Bike,Part-time,4.57,Y
DP13847,2/1/2025,Priya G,Mumbai,Cycle,Full-time,3.97,Y
DP11868,1/20/2025,Deepak E,Bengaluru,Scooter,Full-time,4.27,N
DP06178,1/18/2025,Nikhil E,Chennai,Bike,Full-time,4.24,Y
DP09637,1/15/2025,Suresh P,Ahmedabad,Bike,Part-time,3.89,Y
DP06051,1/11/2025,Pooja J,Kolkata,Scooter,Full-time,4.41,Y
DP13542,1/18/2025,Deepak S,Chennai,Bike,Full-time,4.3,Y
DP13562,1/10/2025,Deepak M,Mumbai,Bike,Contract,3.83,Y
DP01788,1/18/2025,Meena V,Hyderabad,Scooter,Part-time,4.22,Y
DP03112,1/17/2025,Shreya T,Chennai,Bike,Part-time,4.17,Y
DP12937,1/5/2025,Vikas P,Pune,Car,Full-time,4.54,Y
DP04636,1/14/2025,Divya F,Bengaluru,Scooter,Full-time,4.38,Y
DP11016,1/8/2025,Vikas C,Mumbai,Scooter,Full-time,4.54,Y
DP00529,1/17/2025,Priya Y,Chennai,Scooter,Part-time,4.81,Y
DP04706,1/13/2025,Kiran Y,Chennai,Scooter,Full-time,4.17,Y
DP06640,1/10/2025,Ananya Y,Delhi,Scooter,Full-time,3.8,Y
DP02537,12/31/2024,Ravi N,Pune,Scooter,Part-time,4.07,Y
DP00724,1/9/2025,Arjun X,Bengaluru,Cycle,Full-time,4.02,Y
DP04707,12/4/2024,Rakesh G,Chennai,Cycle,Contract,4.63,Y
DP00114,1/18/2025,Ananya P,Bengaluru,Cycle,Full-time,4.34,Y
DP00851,12/17/2024,Amit I,Bengaluru,Bike,Contract,4.2,Y
DP14051,1/10/2025,Priya X,Chennai,Bike,Full-time,4.36,Y
DP00415,1/15/2025,Priya P,Delhi,Bike,Part-time,4.07,Y
DP11844,1/4/2025,Sneha M,Mumbai,Scooter,Full-time,4.23,Y
DP01586,1/3/2025,Pooja M,Bengaluru,Bike,Contract,3.86,N
DP00783,3/12/2025,Santosh F,Mumbai,Bike,Part-time,4.46,Y
DP14244,1/18/2025,Kiran G,Bengaluru,Scooter,Part-time,4.18,Y
DP08326,12/28/2024,Vikas U,Bengaluru,Bike,Full-time,4.23,Y
DP03917,1/5/2025,Suresh J,Ahmedabad,Scooter,Contract,4.75,Y
DP00764,2/3/2025,Manoj B,Mumbai,Bike,Contract,4.17,N
DP08739,12/19/2024,Manoj R,Delhi,Scooter,Contract,3.94,Y
DP04524,12/24/2024,Neha C,Kolkata,Bike,Part-time,3.72,Y
DP08123,1/8/2025,Priya G,Chennai,Cycle,Full-time,4.15,Y
DP07184,1/7/2025,Manoj Z,Kolkata,Bike,Part-time,3.82,Y
DP06401,1/13/2025,Neha A,Ahmedabad,Car,Part-time,4.16,Y
DP05335,1/16/2025,Santosh K,Bengaluru,Cycle,Part-time,3.76,Y
DP04141,1/8/2025,Manoj I,Chennai,Bike,Contract,4.42,N
DP08497,1/13/2025,Ananya U,Hyderabad,Bike,Full-time,4.33,Y
DP01212,1/17/2025,Vikas N,Mumbai,Cycle,Full-time,3.94,Y
DP08085,1/17/2025,Meena Q,Kolkata,Bike,Full-time,4.14,Y
DP02821,1/10/2025,Neha R,Chennai,Scooter,Contract,4.21,Y
DP08706,2/8/2025,Manoj Y,Kolkata,Bike,Full-time,4.09,Y
DP12913,1/18/2025,Meena H,Bengaluru,Bike,Part-time,3.84,Y
DP13343,1/10/2025,Sneha N,Hyderabad,Scooter,Full-time,4.07,Y
DP06748,12/18/2024,Ananya D,Chennai,Scooter,Full-time,4.62,Y
DP07905,1/7/2025,Priya K,Bengaluru,Bike,Part-time,4.28,Y
DP03848,1/19/2025,Sneha N,Mumbai,Bike,Part-time,4.33,Y
DP13295,12/21/2024,Shreya I,Bengaluru,Bike,Part-time,4.24,Y
DP12121,12/17/2024,Rahul H,Delhi,Scooter,Full-time,4.49,Y
DP03025,1/5/2025,Priya J,Chennai,Scooter,Full-time,3.89,Y
DP09233,1/1/2025,Shreya P,Bengaluru,Scooter,Full-time,3.73,Y
DP11918,12/30/2024,Vikas L,Pune,Scooter,Full-time,4.13,Y
DP01651,12/26/2024,Sneha G,Kolkata,Scooter,Part-time,4.11,Y
DP05072,12/24/2024,Meena N,Delhi,Bike,Part-time,4.15,Y
DP14420,12/23/2024,Nikhil Y,Mumbai,Scooter,Full-time,4.52,Y
DP08927,1/5/2025,Shreya N,Bengaluru,Scooter,Full-time,3.88,N
DP02742,1/19/2025,Nikhil U,Ahmedabad,Bike,Part-time,4.38,Y
DP01969,12/13/2024,Suresh D,Bengaluru,Scooter,Contract,3.78,Y
DP08388,1/18/2025,Ravi X,Hyderabad,Bike,Contract,3.87,Y
DP13169,1/14/2025,Kiran W,Mumbai,Bike,Full-time,4.05,Y
DP03162,1/8/2025,Ananya O,Mumbai,Bike,Full-time,4.14,Y
DP02996,1/17/2025,Arjun G,Bengaluru,Bike,Contract,4.07,Y
DP01071,1/9/2025,Priya I,Delhi,Bike,Full-time,4.15,N
DP02848,1/18/2025,Meena E,Pune,Bike,Contract,4.54,Y
DP12073,1/7/2025,Neha A,Ahmedabad,Scooter,Contract,4.69,Y
DP10794,1/16/2025,Pooja Y,Mumbai,Bike,Contract,4.29,Y
DP08933,1/1/2025,Suresh E,Mumbai,Bike,Full-time,4.48,Y
DP04871,1/18/2025,Sneha W,Bengaluru,Bike,Full-time,4.5,Y
DP11430,1/5/2025,Divya Z,Bengaluru,Cycle,Contract,4.07,Y
DP09015,12/30/2024,Sneha S,Bengaluru,Bike,Part-time,3.76,Y
DP12817,1/14/2025,Vikas O,Mumbai,Scooter,Contract,4.26,Y
DP05709,1/2/2025,Rahul J,Bengaluru,Bike,Contract,4.59,Y
DP09448,12/31/2024,Sneha W,Mumbai,Scooter,Full-time,4.11,Y
DP14005,1/11/2025,Rakesh Q,Mumbai,Car,Contract,3.93,Y
DP13874,12/29/2024,Ananya H,Delhi,Bike,Full-time,4.66,Y
DP11615,1/27/2025,Rakesh D,Mumbai,Bike,Part-time,5,Y
DP09419,1/14/2025,Ravi G,Kolkata,Scooter,Contract,4.28,Y
DP03654,1/14/2025,Rakesh K,Chennai,Bike,Full-time,4.13,Y
DP05972,1/18/2025,Ravi Z,Mumbai,Bike,Full-time,4.5,Y
DP03886,1/16/2025,Nikhil K,Pune,Scooter,Full-time,4.26,Y
DP06137,1/16/2025,Santosh K,Delhi,Bike,Full-time,4.04,Y
DP03339,1/9/2025,Pooja A,Delhi,Bike,Full-time,4.22,Y
DP00311,1/5/2025,Arjun O,Chennai,Cycle,Part-time,4.19,Y
DP03194,1/17/2025,Amit B,Pune,Scooter,Part-time,4.5,Y
DP14925,1/1/2025,Priya X,Pune,Scooter,Full-time,4.05,N
DP06718,1/7/2025,Sneha I,Mumbai,Bike,Full-time,4.12,Y
DP14528,1/9/2025,Manoj S,Mumbai,Bike,Full-time,4.48,Y
DP05736,1/6/2025,Arjun J,Ahmedabad,Bike,Full-time,4.62,Y
DP08911,1/15/2025,Sneha M,Hyderabad,Bike,Part-time,3.39,Y
DP02104,12/20/2024,Sneha O,Pune,Scooter,Part-time,4.27,Y
DP05570,1/8/2025,Amit M,Chennai,Cycle,Full-time,4.65,Y
DP09477,1/4/2025,Santosh N,Kolkata,Scooter,Part-time,3.71,Y
DP06943,1/9/2025,Ananya V,Delhi,Cycle,Full-time,3.89,N
DP11303,1/5/2025,Kiran F,Mumbai,Scooter,Full-time,3.86,Y
DP01254,1/14/2025,Neha R,Chennai,Bike,Full-time,4.28,Y
DP12229,1/11/2025,Amit U,Bengaluru,Cycle,Full-time,4.38,Y
DP09546,1/6/2025,Neha Q,Bengaluru,Bike,Contract,3.4,Y
DP00562,1/14/2025,Nikhil S,Mumbai,Bike,Full-time,4.68,Y
DP04391,1/7/2025,Pooja T,Kolkata,Bike,Part-time,4.62,Y
DP13513,1/14/2025,Rakesh L,Chennai,Cycle,Part-time,4.13,Y
DP03016,1/18/2025,Amit F,Kolkata,Cycle,Part-time,4.72,Y
DP02136,1/14/2025,Divya T,Mumbai,Scooter,Contract,3.93,Y
DP08163,1/16/2025,Ananya M,Bengaluru,Scooter,Contract,3.8,Y
DP01319,1/14/2025,Meena P,Ahmedabad,Bike,Full-time,4.13,Y
DP14832,1/18/2025,Deepak T,Bengaluru,Scooter,Full-time,4.64,Y
DP13349,1/11/2025,Manoj N,Pune,Scooter,Part-time,4.64,Y
DP09181,1/19/2025,Ravi G,Bengaluru,Scooter,Full-time,3.81,Y
DP12720,1/13/2025,Kiran D,Mumbai,Bike,Full-time,4.23,Y
DP01118,1/14/2025,Pooja C,Mumbai,Bike,Part-time,4.25,Y
DP01847,1/11/2025,Divya B,Chennai,Scooter,Contract,4.34,Y
DP10080,1/17/2025,Ananya A,Bengaluru,Cycle,Contract,4.05,Y
DP06577,1/18/2025,Deepak R,Chennai,Bike,Contract,4.37,Y
DP00992,1/15/2025,Meena Q,Delhi,Car,Contract,4.38,Y
DP08733,1/13/2025,Suresh I,Bengaluru,Scooter,Contract,4.12,Y
DP02951,1/10/2025,Deepak S,Chennai,Cycle,Full-time,4.46,Y
DP05418,1/17/2025,Manoj A,Delhi,Scooter,Contract,4.47,Y
DP10799,1/17/2025,Amit A,Mumbai,Scooter,Part-time,4.36,Y
DP01160,1/16/2025,Suresh W,Chennai,Bike,Full-time,4.16,Y
DP13767,1/1/2025,Shreya E,Mumbai,Scooter,Part-time,3.8,Y
DP08781,1/15/2025,Priya X,Bengaluru,Bike,Contract,4.02,Y
DP06787,1/4/2025,Santosh O,Bengaluru,Cycle,Part-time,4.01,Y
DP00768,1/19/2025,Divya R,Bengaluru,Cycle,Part-time,3.82,Y
DP05290,12/18/2024,Rahul T,Bengaluru,Scooter,Contract,3.72,Y
DP01277,1/15/2025,Meena A,Delhi,Bike,Full-time,3.76,N
DP02123,1/19/2025,Rakesh T,Bengaluru,Bike,Full-time,4.2,Y
DP12824,1/9/2025,Arjun F,Delhi,Scooter,Contract,4.68,Y
DP03728,12/30/2024,Amit J,Mumbai,Cycle,Full-time,4.81,Y
DP11193,1/14/2025,Ananya X,Bengaluru,Car,Full-time,4.11,N
DP00322,1/16/2025,Arjun N,Bengaluru,Cycle,Part-time,4.35,Y
DP06674,1/8/2025,Kiran A,Delhi,Bike,Full-time,3.68,Y
DP12468,1/9/2025,Ravi J,Chennai,Cycle,Full-time,4.42,N
DP13654,1/18/2025,Arjun P,Mumbai,Car,Full-time,4.55,Y
DP11488,1/14/2025,Kiran X,Chennai,Bike,Full-time,4.05,N
DP14929,1/1/2025,Neha E,Pune,Cycle,Full-time,4.36,Y
DP00778,1/8/2025,Neha D,Ahmedabad,Bike,Full-time,4.17,Y
DP04136,1/11/2025,Priya E,Delhi,Scooter,Full-time,3.98,Y
DP05575,1/16/2025,Meena P,Mumbai,Scooter,Part-time,4.27,Y
DP10561,1/10/2025,Vikas N,Bengaluru,Bike,Contract,4.97,Y
DP02644,12/20/2024,Rahul P,Hyderabad,Bike,Part-time,3.77,Y
DP01658,1/2/2025,Vikas Q,Mumbai,Scooter,Contract,4.31,Y
DP13346,1/19/2025,Ravi G,Chennai,Bike,Contract,4.03,Y
DP10218,1/16/2025,Amit S,Bengaluru,Bike,Part-time,3.68,Y
DP03923,1/18/2025,Rakesh J,Delhi,Scooter,Contract,4.32,Y
DP13395,1/10/2025,Priya F,Mumbai,Bike,Contract,3.88,N
DP12569,1/14/2025,Ananya M,Hyderabad,Bike,Contract,4.85,Y
DP14541,12/31/2024,Sneha H,Bengaluru,Car,Contract,4.06,N
DP03664,1/4/2025,Divya W,Bengaluru,Scooter,Part-time,4.15,N
DP11252,1/16/2025,Ravi Y,Chennai,Bike,Part-time,4.16,Y
DP09945,12/24/2024,Ananya O,Mumbai,Cycle,Contract,4.36,Y
DP05280,1/17/2025,Nikhil T,Bengaluru,Scooter,Part-time,4.02,Y
DP00873,1/2/2025,Amit G,Bengaluru,Bike,Part-time,4.23,Y
DP10717,1/15/2025,Ananya B,Delhi,Scooter,Full-time,3.82,Y
DP01527,1/11/2025,Neha J,Delhi,Scooter,Contract,4.13,Y
DP00443,12/20/2024,Amit P,Ahmedabad,Bike,Full-time,4.4,Y
DP08112,1/9/2025,Neha R,Hyderabad,Bike,Full-time,4.43,Y
DP00940,1/12/2025,Rakesh Y,Hyderabad,Scooter,Full-time,3.97,Y
DP05907,1/7/2025,Nikhil Q,Chennai,Scooter,Full-time,4.06,Y
DP08077,1/9/2025,Kiran W,Chennai,Scooter,Contract,4.09,Y
DP05797,12/24/2024,Pooja N,Bengaluru,Bike,Full-time,4.18,Y
DP06765,1/14/2025,Suresh M,Mumbai,Cycle,Full-time,4.45,Y
DP05772,1/6/2025,Nikhil Q,Pune,Bike,Contract,5,Y
DP01083,1/14/2025,Neha X,Kolkata,Scooter,Full-time,4.04,Y
DP10262,1/12/2025,Shreya Z,Bengaluru,Scooter,Full-time,4.33,Y
DP03385,1/10/2025,Santosh P,Pune,Cycle,Full-time,4.24,N
DP01154,1/14/2025,Meena T,Pune,Cycle,Contract,4.14,N
DP00142,1/15/2025,Amit X,Delhi,Bike,Full-time,4.54,Y
DP07660,12/22/2024,Ravi D,Pune,Car,Full-time,4.01,Y
DP02489,1/17/2025,Meena X,Mumbai,Cycle,Full-time,3.94,Y
DP13822,1/11/2025,Kiran G,Chennai,Scooter,Full-time,3.93,N
DP01978,1/17/2025,Suresh E,Chennai,Bike,Part-time,4.27,Y
DP08015,12/31/2024,Arjun Z,Mumbai,Cycle,Full-time,4.29,Y
DP00902,1/8/2025,Amit C,Bengaluru,Cycle,Part-time,4.09,Y
DP07732,1/9/2025,Sneha U,Mumbai,Bike,Part-time,3.85,Y
DP01659,12/26/2024,Vikas V,Ahmedabad,Bike,Part-time,3.96,Y
DP05156,12/28/2024,Nikhil Y,Kolkata,Scooter,Full-time,4.96,Y
DP10288,1/14/2025,Divya R,Hyderabad,Bike,Contract,4.07,Y
DP00590,1/11/2025,Sneha Q,Chennai,Scooter,Part-time,4.62,Y
DP11099,1/18/2025,Divya A,Delhi,Bike,Full-time,4.63,Y
DP04936,1/6/2025,Manoj T,Bengaluru,Bike,Part-time,4.27,Y
DP02636,1/5/2025,Nikhil N,Mumbai,Cycle,Full-time,4,Y
DP08925,1/7/2025,Shreya K,Chennai,Scooter,Full-time,3.75,N
DP00256,1/7/2025,Nikhil E,Mumbai,Scooter,Part-time,4.51,N
DP11524,1/18/2025,Ananya W,Chennai,Scooter,Full-time,3.82,Y
DP10674,1/10/2025,Arjun I,Delhi,Scooter,Contract,4.53,Y
DP02405,1/3/2025,Kiran Z,Chennai,Scooter,Full-time,3.79,Y
DP10036,1/5/2025,Amit O,Pune,Bike,Contract,4.35,Y
DP01516,12/24/2024,Manoj A,Bengaluru,Cycle,Full-time,4.56,Y
DP01413,1/7/2025,Priya D,Delhi,Bike,Contract,4.21,Y
DP10294,1/5/2025,Suresh F,Bengaluru,Scooter,Contract,4.76,Y
DP03171,12/20/2024,Priya F,Kolkata,Cycle,Full-time,4.48,N
DP00084,1/6/2025,Ananya K,Kolkata,Cycle,Full-time,4.55,N
DP06537,1/18/2025,Amit T,Bengaluru,Car,Contract,4.63,Y
DP02633,1/9/2025,Kiran O,Bengaluru,Cycle,Full-time,4.09,Y
DP12207,1/18/2025,Kiran Y,Mumbai,Car,Part-time,3.56,Y
DP11709,1/19/2025,Arjun M,Chennai,Bike,Part-time,4.15,N
DP11245,2/11/2025,Suresh H,Delhi,Scooter,Full-time,4.23,Y
DP07565,1/18/2025,Arjun E,Delhi,Scooter,Full-time,3.82,Y
DP11836,1/17/2025,Sneha Q,Delhi,Scooter,Full-time,4.18,Y
DP14806,1/17/2025,Ananya R,Delhi,Cycle,Full-time,4.18,Y
DP02459,1/1/2025,Pooja N,Mumbai,Cycle,Full-time,4.8,Y
DP06289,12/18/2024,Rahul T,Delhi,Scooter,Full-time,4.03,Y
DP14876,1/15/2025,Ananya E,Chennai,Bike,Full-time,4.29,Y
DP06210,12/22/2024,Shreya N,Ahmedabad,Scooter,Contract,3.89,Y
DP00675,1/19/2025,Shreya S,Delhi,Bike,Part-time,4.65,Y
DP13520,1/10/2025,Pooja B,Hyderabad,Bike,Contract,4.12,Y
DP10237,1/5/2025,Divya Z,Bengaluru,Cycle,Part-time,4.19,Y
DP00207,1/18/2025,Deepak E,Kolkata,Scooter,Contract,4.15,Y
DP14744,12/21/2024,Meena I,Chennai,Scooter,Full-time,4.65,Y
DP02011,1/20/2025,Priya D,Delhi,Scooter,Full-time,4.64,N
DP04051,1/21/2025,Divya C,Chennai,Scooter,Full-time,4.2,Y
DP08513,1/20/2025,Priya S,Delhi,Cycle,Full-time,4.47,Y
DP10657,1/3/2025,Arjun U,Hyderabad,Bike,Part-time,4.51,Y
DP01593,1/11/2025,Amit F,Mumbai,Scooter,Part-time,4.46,Y
DP11072,3/27/2025,Vikas W,Mumbai,Scooter,Part-time,4.03,Y
DP14085,1/16/2025,Deepak L,Bengaluru,Cycle,Part-time,4.22,Y
DP05628,1/15/2025,Sneha Z,Delhi,Scooter,Full-time,4.28,Y
DP11465,1/17/2025,Sneha K,Kolkata,Cycle,Part-time,4.2,Y
DP01074,1/20/2025,Deepak Q,Chennai,Cycle,Part-time,4.31,Y
DP01571,1/17/2025,Suresh A,Hyderabad,Scooter,Full-time,3.93,Y
DP00601,1/12/2025,Ananya P,Ahmedabad,Bike,Full-time,3.86,Y
DP13100,1/17/2025,Amit Y,Bengaluru,Bike,Full-time,3.93,N
DP02939,12/30/2024,Sneha N,Delhi,Cycle,Full-time,3.93,Y
DP14974,1/19/2025,Kiran W,Kolkata,Bike,Full-time,3.81,Y
DP07031,1/3/2025,Priya B,Ahmedabad,Bike,Full-time,3.86,N
DP08268,1/20/2025,Rakesh S,Bengaluru,Scooter,Part-time,4.38,Y
DP13685,1/19/2025,Ravi B,Bengaluru,Scooter,Contract,4.1,Y
DP11805,1/20/2025,Nikhil R,Bengaluru,Cycle,Contract,4.61,Y
DP03175,2/2/2025,Rahul V,Hyderabad,Scooter,Contract,4.28,Y
DP04806,1/18/2025,Manoj D,Bengaluru,Scooter,Full-time,4.09,Y
DP02901,1/10/2025,Ravi Z,Hyderabad,Cycle,Full-time,4.49,Y
DP00907,2/13/2025,Meena D,Delhi,Bike,Contract,3.9,Y
DP13745,12/25/2024,Rakesh T,Delhi,Bike,Part-time,4.26,Y
DP00958,1/18/2025,Priya E,Bengaluru,Bike,Full-time,3.81,N
DP07097,1/17/2025,Sneha J,Ahmedabad,Bike,Part-time,3.76,Y
DP10066,1/18/2025,Deepak U,Mumbai,Cycle,Part-time,4.23,Y
DP09529,1/11/2025,Priya C,Mumbai,Bike,Full-time,3.85,Y
DP07985,2/25/2025,Amit H,Bengaluru,Scooter,Full-time,3.9,Y
DP14544,1/21/2025,Ananya T,Chennai,Scooter,Part-time,4.42,Y
DP11362,1/8/2025,Amit O,Bengaluru,Scooter,Full-time,4.08,Y
DP11423,1/16/2025,Manoj V,Bengaluru,Cycle,Part-time,4.18,Y
DP08096,12/19/2024,Meena N,Bengaluru,Scooter,Part-time,4.34,Y
DP09399,1/10/2025,Rakesh V,Chennai,Bike,Full-time,4.04,Y
DP11114,1/17/2025,Kiran T,Delhi,Bike,Contract,4.09,Y
DP04997,1/2/2025,Ravi E,Bengaluru,Car,Full-time,3.74,Y
DP05344,12/28/2024,Deepak U,Chennai,Scooter,Full-time,4.37,Y
DP04225,1/7/2025,Ananya B,Bengaluru,Scooter,Part-time,4.43,Y
DP09560,1/17/2025,Santosh M,Bengaluru,Cycle,Full-time,4.27,N
DP03994,1/17/2025,Pooja M,Mumbai,Bike,Contract,3.99,Y
DP14779,1/12/2025,Suresh B,Bengaluru,Scooter,Full-time,4.3,Y
DP09070,1/11/2025,Arjun O,Hyderabad,Scooter,Part-time,4.35,Y
DP07056,1/13/2025,Rahul D,Mumbai,Cycle,Part-time,3.79,Y
DP13680,1/29/2025,Ananya Q,Delhi,Scooter,Full-time,4.09,Y
DP13357,12/24/2024,Suresh G,Bengaluru,Cycle,Full-time,4.05,Y
DP12093,12/31/2024,Manoj O,Pune,Scooter,Full-time,4.45,Y
DP01239,1/19/2025,Rakesh Y,Chennai,Scooter,Part-time,4.07,Y
DP09139,1/19/2025,Manoj S,Bengaluru,Bike,Full-time,4.01,Y
DP09008,1/12/2025,Ananya Q,Pune,Bike,Part-time,4.06,Y
DP09249,4/19/2025,Santosh V,Hyderabad,Bike,Full-time,4.25,Y
DP05452,1/10/2025,Santosh T,Chennai,Car,Full-time,3.93,Y
DP11257,1/16/2025,Pooja J,Mumbai,Bike,Full-time,4.57,Y
DP01576,12/31/2024,Arjun Y,Chennai,Scooter,Full-time,4.16,Y
DP02259,1/12/2025,Pooja M,Bengaluru,Cycle,Full-time,4.39,Y
DP09744,12/22/2024,Rahul N,Bengaluru,Bike,Contract,4.06,Y
DP08875,12/27/2024,Meena K,Mumbai,Bike,Contract,4.52,Y
DP08170,12/29/2024,Manoj Q,Hyderabad,Scooter,Full-time,3.99,Y
DP02403,1/20/2025,Ananya Z,Delhi,Scooter,Contract,4.06,Y
DP06871,12/31/2024,Manoj B,Kolkata,Scooter,Part-time,4.06,Y
DP12358,12/31/2024,Kiran I,Delhi,Scooter,Part-time,3.87,Y
DP00466,1/11/2025,Sneha L,Delhi,Scooter,Full-time,4.38,Y
DP13003,1/6/2025,Manoj N,Hyderabad,Bike,Full-time,4.62,Y
DP05323,12/23/2024,Nikhil N,Delhi,Bike,Full-time,4.1,N
DP06592,1/19/2025,Shreya T,Bengaluru,Bike,Full-time,3.32,Y
DP07406,12/23/2024,Vikas A,Mumbai,Scooter,Part-time,4.22,Y
DP06369,1/12/2025,Suresh C,Mumbai,Scooter,Full-time,4.15,Y
DP10618,1/14/2025,Nikhil C,Bengaluru,Bike,Full-time,3.52,N
DP06645,1/6/2025,Ravi G,Bengaluru,Scooter,Contract,3.79,Y
DP06128,1/16/2025,Shreya V,Bengaluru,Bike,Part-time,4.23,Y
DP11419,2/11/2025,Kiran I,Bengaluru,Bike,Contract,4.3,Y
DP14483,1/15/2025,Shreya L,Mumbai,Scooter,Part-time,3.85,Y
DP03191,1/30/2025,Priya N,Bengaluru,Scooter,Part-time,4.63,Y
DP06582,1/15/2025,Arjun A,Delhi,Bike,Full-time,4.67,Y
DP02876,1/18/2025,Manoj R,Bengaluru,Scooter,Full-time,4.05,Y
DP08895,12/22/2024,Deepak X,Bengaluru,Bike,Full-time,4.46,Y
DP14992,1/2/2025,Pooja W,Bengaluru,Scooter,Full-time,4.09,Y
DP05039,1/6/2025,Amit M,Hyderabad,Bike,Part-time,4.1,Y
DP09545,1/1/2025,Pooja M,Kolkata,Car,Part-time,4.06,N
DP08761,1/13/2025,Meena R,Bengaluru,Bike,Full-time,4.37,Y
DP12029,1/7/2025,Deepak I,Ahmedabad,Cycle,Full-time,4.05,Y
DP09177,1/6/2025,Vikas J,Hyderabad,Bike,Contract,3.9,Y
DP14326,1/18/2025,Nikhil W,Delhi,Scooter,Part-time,3.93,Y
DP08574,1/12/2025,Amit R,Kolkata,Scooter,Full-time,4.08,Y
DP01263,12/26/2024,Suresh G,Bengaluru,Scooter,Full-time,4.62,Y
DP09987,1/2/2025,Amit T,Hyderabad,Cycle,Contract,4.02,Y
DP13579,1/14/2025,Rahul W,Hyderabad,Cycle,Part-time,4.12,Y
DP00169,12/27/2024,Nikhil V,Mumbai,Cycle,Full-time,3.78,Y
DP03834,1/2/2025,Vikas Y,Delhi,Car,Contract,4.24,Y
DP01534,1/13/2025,Divya V,Pune,Scooter,Part-time,4.69,Y
DP08989,1/13/2025,Shreya C,Chennai,Scooter,Contract,4.23,Y
DP06589,12/28/2024,Rahul Z,Delhi,Bike,Part-time,4.96,Y
DP00855,1/14/2025,Suresh E,Ahmedabad,Scooter,Contract,4.34,Y
DP09025,1/10/2025,Rakesh O,Chennai,Bike,Full-time,4.35,Y
DP02010,1/16/2025,Kiran Q,Bengaluru,Scooter,Full-time,4.23,Y
DP04205,1/27/2025,Suresh K,Chennai,Scooter,Full-time,4.05,Y
DP11116,1/11/2025,Rakesh K,Mumbai,Scooter,Contract,3.97,Y
DP13141,1/9/2025,Meena U,Bengaluru,Bike,Full-time,4.81,N
DP00731,1/16/2025,Priya A,Mumbai,Bike,Contract,3.67,Y
DP12689,1/7/2025,Rahul W,Delhi,Scooter,Full-time,4.14,Y
DP10454,1/20/2025,Vikas D,Chennai,Bike,Part-time,4.78,Y
DP00647,1/13/2025,Amit N,Mumbai,Car,Contract,4.03,Y
DP08585,1/3/2025,Santosh C,Pune,Scooter,Full-time,4.25,Y
DP03043,12/20/2024,Sneha K,Bengaluru,Bike,Full-time,4.08,Y
DP12805,1/17/2025,Pooja A,Bengaluru,Scooter,Full-time,3.73,Y
DP13883,12/25/2024,Sneha U,Kolkata,Car,Full-time,4.94,N
DP00842,1/6/2025,Shreya F,Delhi,Scooter,Full-time,3.96,Y
DP13252,1/7/2025,Rakesh T,Chennai,Bike,Contract,4.44,N
DP03028,1/18/2025,Priya T,Chennai,Bike,Contract,4.32,Y
DP10782,12/13/2024,Rakesh A,Ahmedabad,Bike,Full-time,4.59,Y
DP01698,1/2/2025,Ravi R,Delhi,Bike,Contract,4.34,Y
DP07260,1/14/2025,Vikas D,Mumbai,Scooter,Full-time,4.32,Y
DP12500,12/21/2024,Meena E,Mumbai,Cycle,Contract,4.35,Y
DP02546,1/18/2025,Rakesh T,Bengaluru,Cycle,Contract,4.47,Y
DP03327,1/15/2025,Vikas X,Hyderabad,Scooter,Full-time,4.11,Y
DP09508,1/11/2025,Santosh L,Pune,Scooter,Full-time,4.37,Y
DP05170,1/16/2025,Deepak M,Mumbai,Car,Full-time,4.59,Y
DP01233,1/16/2025,Rahul Y,Chennai,Bike,Part-time,4.29,Y
DP06278,1/12/2025,Manoj Y,Bengaluru,Bike,Contract,4.59,Y
DP02243,1/3/2025,Vikas I,Hyderabad,Bike,Part-time,4.47,Y
DP07411,1/4/2025,Kiran C,Chennai,Cycle,Full-time,3.87,Y
DP08532,1/10/2025,Deepak D,Kolkata,Bike,Full-time,4.32,Y
DP08350,1/9/2025,Suresh S,Bengaluru,Scooter,Full-time,4.21,Y
DP12784,1/17/2025,Arjun N,Hyderabad,Scooter,Full-time,3.75,Y
DP02242,1/14/2025,Priya W,Ahmedabad,Bike,Full-time,4,Y
DP01281,1/18/2025,Priya G,Bengaluru,Scooter,Part-time,4.15,Y
DP14883,1/6/2025,Ananya I,Bengaluru,Car,Full-time,4.45,Y
DP06815,1/19/2025,Ananya E,Mumbai,Scooter,Part-time,4.24,Y
DP06976,1/20/2025,Meena Y,Bengaluru,Scooter,Contract,4.43,Y
DP02029,1/10/2025,Deepak D,Delhi,Scooter,Contract,4.2,Y
DP13102,12/12/2024,Priya Y,Delhi,Cycle,Full-time,4.24,Y
DP05579,1/19/2025,Meena Q,Ahmedabad,Bike,Full-time,4.47,Y
DP03326,1/4/2025,Meena D,Bengaluru,Bike,Part-time,4.27,N
DP00623,1/7/2025,Pooja W,Hyderabad,Cycle,Part-time,4.2,Y
DP04998,1/14/2025,Sneha S,Bengaluru,Scooter,Part-time,3.69,Y
DP06472,1/13/2025,Kiran N,Mumbai,Scooter,Part-time,4.69,N
DP10092,1/20/2025,Shreya S,Bengaluru,Car,Full-time,4.78,Y
DP06474,1/17/2025,Ananya W,Bengaluru,Scooter,Part-time,4.34,Y
DP05666,12/31/2024,Vikas M,Delhi,Cycle,Part-time,3.84,Y
DP14331,1/13/2025,Neha Y,Delhi,Bike,Full-time,3.75,Y
DP13001,1/12/2025,Neha E,Bengaluru,Scooter,Contract,4.59,Y
DP01773,1/18/2025,Nikhil E,Chennai,Scooter,Part-time,4.07,N
DP02160,1/18/2025,Divya U,Mumbai,Car,Part-time,4.81,Y
DP02388,1/8/2025,Amit V,Delhi,Scooter,Full-time,4.25,Y
DP06831,1/2/2025,Rakesh O,Bengaluru,Cycle,Full-time,3.98,Y
DP08949,1/2/2025,Ananya A,Ahmedabad,Scooter,Part-time,3.72,Y
DP08918,1/16/2025,Sneha F,Delhi,Scooter,Part-time,4.55,Y
DP06231,1/11/2025,Rahul S,Ahmedabad,Bike,Contract,3.55,Y
DP05158,1/25/2025,Rakesh L,Delhi,Cycle,Full-time,4.1,Y
DP14851,1/15/2025,Rakesh E,Bengaluru,Scooter,Part-time,4.28,Y
DP14263,1/6/2025,Nikhil K,Bengaluru,Car,Full-time,4.6,Y
DP11312,2/12/2025,Pooja X,Pune,Cycle,Full-time,3.9,N
DP06436,1/18/2025,Rakesh G,Mumbai,Scooter,Part-time,3.84,Y
DP14808,1/10/2025,Ravi N,Bengaluru,Bike,Full-time,3.94,Y
DP10967,2/2/2025,Divya L,Bengaluru,Bike,Part-time,4.05,Y
DP00887,12/18/2024,Sneha A,Bengaluru,Cycle,Contract,3.88,Y
DP01387,12/24/2024,Deepak U,Mumbai,Scooter,Full-time,3.98,Y
DP01973,1/7/2025,Suresh Y,Chennai,Scooter,Full-time,4.25,Y
DP07705,2/13/2025,Vikas G,Delhi,Car,Part-time,4.21,Y
DP12483,1/10/2025,Pooja Z,Mumbai,Bike,Part-time,3.99,Y
DP12331,1/11/2025,Meena B,Bengaluru,Scooter,Full-time,4.06,N
DP04760,1/13/2025,Shreya L,Hyderabad,Scooter,Full-time,4.21,Y
DP08674,12/12/2024,Amit H,Hyderabad,Scooter,Full-time,4.29,Y
DP10962,1/17/2025,Sneha A,Delhi,Bike,Contract,4.23,Y
DP13322,2/4/2025,Shreya S,Kolkata,Scooter,Full-time,3.97,Y
DP10328,1/3/2025,Ananya C,Bengaluru,Bike,Contract,4.6,Y
DP04711,1/7/2025,Manoj Z,Bengaluru,Scooter,Contract,3.96,Y
DP05765,1/6/2025,Pooja C,Mumbai,Scooter,Part-time,4.02,Y
DP11246,1/16/2025,Manoj Y,Mumbai,Car,Full-time,4.07,Y
DP03919,12/29/2024,Kiran Q,Mumbai,Scooter,Contract,3.96,Y
DP13020,1/12/2025,Ananya Z,Kolkata,Scooter,Full-time,4.52,Y
DP08225,1/13/2025,Shreya P,Bengaluru,Bike,Part-time,3.93,Y
DP06313,1/13/2025,Shreya I,Mumbai,Car,Full-time,4.09,Y
DP04215,1/16/2025,Rakesh A,Chennai,Cycle,Contract,4.34,Y
DP07338,1/15/2025,Suresh I,Hyderabad,Car,Part-time,4.37,Y
DP04206,1/16/2025,Arjun L,Mumbai,Cycle,Part-time,4.19,Y
DP03831,12/28/2024,Vikas P,Delhi,Bike,Part-time,4.2,Y
DP08767,1/18/2025,Rakesh A,Delhi,Bike,Full-time,4.24,Y
DP03123,1/4/2025,Amit K,Mumbai,Bike,Full-time,3.8,Y
DP05921,1/18/2025,Sneha X,Pune,Scooter,Part-time,4.58,N
DP10141,1/13/2025,Vikas Z,Delhi,Scooter,Full-time,4.23,Y
DP12467,12/27/2024,Ravi Q,Hyderabad,Bike,Contract,4.24,Y
DP04080,1/21/2025,Ananya H,Kolkata,Cycle,Full-time,3.99,N
DP06797,1/15/2025,Manoj L,Bengaluru,Bike,Full-time,4.28,Y
DP04519,12/30/2024,Nikhil Y,Delhi,Cycle,Full-time,4.68,Y
DP14188,1/16/2025,Priya I,Mumbai,Bike,Contract,3.78,Y
DP10453,1/13/2025,Suresh J,Delhi,Bike,Part-time,4.25,N
DP08944,1/17/2025,Manoj E,Kolkata,Scooter,Full-time,3.92,Y
DP04943,1/10/2025,Kiran O,Chennai,Bike,Full-time,4.5,Y
DP09911,1/16/2025,Ravi C,Kolkata,Bike,Full-time,4.39,Y
DP11850,12/13/2024,Santosh K,Bengaluru,Scooter,Contract,4.46,Y
DP14191,1/4/2025,Nikhil B,Bengaluru,Bike,Full-time,4.62,Y
DP14825,1/21/2025,Pooja A,Ahmedabad,Scooter,Part-time,4.11,Y
DP08858,12/23/2024,Arjun B,Chennai,Scooter,Part-time,4.09,N
DP09696,1/9/2025,Pooja N,Bengaluru,Scooter,Full-time,3.94,N
DP07059,1/2/2025,Kiran A,Delhi,Car,Contract,4.02,Y
DP13066,1/15/2025,Meena B,Hyderabad,Bike,Full-time,4.19,Y
DP11667,1/8/2025,Kiran W,Delhi,Bike,Part-time,3.75,Y
DP09172,1/19/2025,Neha P,Chennai,Cycle,Contract,4.3,N
DP11618,1/8/2025,Arjun N,Mumbai,Scooter,Part-time,4.02,Y
DP05930,1/14/2025,Rahul B,Bengaluru,Bike,Part-time,4.1,Y
DP05104,1/17/2025,Shreya V,Hyderabad,Bike,Full-time,3.67,Y
DP07534,12/27/2024,Ananya M,Mumbai,Bike,Full-time,4.26,Y
DP11677,1/9/2025,Vikas Y,Hyderabad,Scooter,Contract,3.99,Y
DP00454,12/29/2024,Kiran D,Kolkata,Bike,Full-time,4.51,Y
DP11172,1/18/2025,Santosh V,Chennai,Scooter,Part-time,4.55,Y
DP03692,1/17/2025,Santosh O,Mumbai,Bike,Full-time,3.9,Y
DP02463,1/4/2025,Manoj C,Bengaluru,Bike,Part-time,4.3,Y
DP04061,1/12/2025,Rahul V,Mumbai,Bike,Part-time,4.29,Y
DP08141,1/15/2025,Sneha L,Hyderabad,Car,Part-time,4.38,Y
DP09389,12/18/2024,Divya T,Bengaluru,Scooter,Contract,4.35,N
DP10136,1/1/2025,Nikhil H,Chennai,Scooter,Full-time,4.66,Y
DP05877,1/7/2025,Pooja U,Chennai,Bike,Part-time,4.24,Y
DP09199,1/17/2025,Suresh O,Ahmedabad,Bike,Full-time,4.38,Y
DP14947,1/9/2025,Manoj N,Chennai,Cycle,Full-time,4.27,Y
DP10812,1/12/2025,Santosh Z,Delhi,Bike,Full-time,4.37,Y
DP05036,1/20/2025,Meena K,Kolkata,Bike,Full-time,3.99,Y
DP10031,1/11/2025,Priya I,Ahmedabad,Bike,Full-time,4.22,Y
DP07772,1/1/2025,Ravi E,Delhi,Scooter,Full-time,4.43,N
DP11965,12/23/2024,Rakesh G,Ahmedabad,Bike,Full-time,3.83,Y
DP12622,1/14/2025,Shreya D,Pune,Scooter,Full-time,3.9,N
DP12398,1/10/2025,Pooja B,Kolkata,Bike,Full-time,3.68,Y
DP06293,1/16/2025,Ananya A,Ahmedabad,Bike,Contract,3.98,N
DP00528,1/20/2025,Priya V,Ahmedabad,Scooter,Part-time,4.02,Y
DP13514,1/17/2025,Shreya I,Ahmedabad,Bike,Part-time,3.95,Y
DP04139,1/20/2025,Ananya R,Pune,Scooter,Full-time,4.27,Y
DP03214,1/13/2025,Pooja O,Ahmedabad,Bike,Full-time,4.85,Y
DP00792,1/19/2025,Nikhil L,Chennai,Scooter,Full-time,4.46,Y
DP12013,1/16/2025,Divya L,Hyderabad,Bike,Part-time,4.12,N
DP04813,1/13/2025,Suresh E,Bengaluru,Scooter,Part-time,4.31,N
DP08936,1/21/2025,Vikas L,Kolkata,Cycle,Full-time,4.61,Y
DP11531,1/21/2025,Meena H,Hyderabad,Bike,Full-time,3.36,Y
DP04398,1/13/2025,Deepak W,Bengaluru,Scooter,Part-time,4.46,N
DP09813,1/6/2025,Nikhil N,Delhi,Bike,Full-time,3.86,Y
DP07895,1/20/2025,Divya S,Bengaluru,Scooter,Full-time,3.65,Y
DP03849,1/6/2025,Nikhil C,Mumbai,Scooter,Part-time,4.56,Y
DP00277,1/19/2025,Pooja Z,Pune,Scooter,Full-time,4.52,Y
DP13002,1/10/2025,Kiran M,Pune,Bike,Contract,4.34,N
DP01858,12/31/2024,Santosh E,Delhi,Bike,Full-time,3.89,N
DP02298,1/14/2025,Arjun C,Bengaluru,Bike,Contract,4.45,Y
DP09574,1/10/2025,Ananya V,Mumbai,Scooter,Part-time,3.52,Y
DP13091,12/25/2024,Manoj B,Bengaluru,Scooter,Full-time,3.76,Y
DP03427,1/19/2025,Rahul B,Hyderabad,Bike,Contract,4.3,Y
DP14681,1/28/2025,Ananya H,Bengaluru,Bike,Contract,3.5,Y
DP05078,1/9/2025,Ananya K,Bengaluru,Scooter,Contract,3.63,Y
DP00809,1/7/2025,Neha H,Kolkata,Scooter,Full-time,4.01,Y
DP04238,12/27/2024,Priya H,Chennai,Scooter,Full-time,4.76,N
DP07569,1/15/2025,Arjun O,Bengaluru,Bike,Full-time,4.52,Y
DP03570,1/14/2025,Manoj K,Pune,Bike,Contract,4.55,Y
DP03468,1/2/2025,Kiran F,Chennai,Scooter,Contract,4.36,Y
DP06528,1/20/2025,Shreya Y,Chennai,Cycle,Full-time,4.17,Y
DP03803,1/17/2025,Priya O,Ahmedabad,Bike,Part-time,4.5,Y
DP05436,1/4/2025,Meena C,Hyderabad,Bike,Full-time,4.18,Y
DP05135,1/20/2025,Rakesh A,Bengaluru,Scooter,Full-time,3.96,Y
DP08591,12/18/2024,Priya D,Chennai,Bike,Full-time,4.04,Y
DP01709,12/28/2024,Ravi L,Chennai,Cycle,Full-time,4.4,Y
DP04278,1/22/2025,Suresh L,Mumbai,Bike,Contract,4,Y
DP04734,1/21/2025,Arjun G,Mumbai,Bike,Part-time,4.46,Y
DP03786,12/23/2024,Nikhil G,Delhi,Cycle,Full-time,4.3,Y
DP01577,1/5/2025,Rakesh Q,Kolkata,Scooter,Part-time,4.21,Y
DP13507,1/16/2025,Deepak E,Bengaluru,Bike,Part-time,3.89,Y
DP04792,1/16/2025,Vikas I,Delhi,Cycle,Full-time,4.96,Y
DP09940,1/6/2025,Meena E,Bengaluru,Bike,Full-time,4.44,Y
DP09037,12/24/2024,Kiran Y,Ahmedabad,Bike,Full-time,4.45,Y
DP07939,1/17/2025,Meena Y,Hyderabad,Scooter,Part-time,4.79,Y
DP12236,1/14/2025,Neha R,Delhi,Scooter,Contract,4.36,Y
DP07976,1/18/2025,Arjun E,Pune,Scooter,Full-time,4.46,Y
DP04548,1/5/2025,Amit V,Bengaluru,Car,Part-time,4.19,Y
DP09830,1/1/2025,Rakesh E,Delhi,Scooter,Part-time,4.2,Y
DP08557,1/13/2025,Rakesh T,Mumbai,Scooter,Part-time,4.11,Y
DP09314,1/20/2025,Divya J,Mumbai,Bike,Full-time,4.71,Y
DP02918,1/13/2025,Santosh W,Hyderabad,Scooter,Contract,4.6,Y
DP02829,1/21/2025,Manoj E,Bengaluru,Cycle,Full-time,4.22,Y
DP06324,3/8/2025,Shreya P,Bengaluru,Cycle,Part-time,4.51,Y
DP05345,1/17/2025,Manoj K,Mumbai,Scooter,Full-time,4.73,Y
DP08520,1/10/2025,Vikas G,Mumbai,Bike,Part-time,4.23,Y
DP02457,1/12/2025,Suresh L,Kolkata,Scooter,Full-time,4.58,Y
DP11815,1/15/2025,Rahul M,Ahmedabad,Scooter,Part-time,4.44,Y
DP03918,1/10/2025,Neha I,Bengaluru,Scooter,Full-time,3.56,Y
DP11389,1/4/2025,Neha N,Mumbai,Scooter,Full-time,3.77,N
DP11782,1/16/2025,Neha Q,Pune,Scooter,Full-time,4.19,N
DP08755,1/24/2025,Sneha H,Bengaluru,Scooter,Contract,3.63,N
DP03086,1/2/2025,Rakesh A,Hyderabad,Scooter,Part-time,4.57,Y
DP05679,1/18/2025,Rahul C,Pune,Scooter,Full-time,4.85,Y
DP06715,12/25/2024,Manoj R,Bengaluru,Scooter,Full-time,4.53,N
DP14240,2/14/2025,Pooja L,Hyderabad,Car,Full-time,3.61,Y
DP03368,1/4/2025,Kiran O,Pune,Cycle,Part-time,4.01,Y
DP08297,1/16/2025,Santosh A,Hyderabad,Scooter,Contract,4.51,Y
DP03672,1/18/2025,Shreya R,Pune,Bike,Part-time,3.84,Y
DP06693,1/10/2025,Pooja F,Mumbai,Bike,Part-time,4.04,Y
DP13339,1/16/2025,Arjun L,Bengaluru,Bike,Part-time,4.44,Y
DP07552,2/23/2025,Meena O,Bengaluru,Bike,Full-time,3.96,Y
DP13651,1/19/2025,Amit C,Kolkata,Bike,Part-time,3.81,Y
DP04962,1/9/2025,Divya L,Ahmedabad,Scooter,Full-time,4.5,Y
DP10745,1/16/2025,Amit E,Delhi,Scooter,Part-time,3.94,Y
DP14776,1/22/2025,Vikas W,Chennai,Cycle,Full-time,4.14,Y
DP14107,1/14/2025,Arjun C,Bengaluru,Bike,Full-time,3.66,Y
DP02784,1/17/2025,Nikhil T,Kolkata,Bike,Full-time,4.31,N
DP06426,1/18/2025,Santosh J,Bengaluru,Scooter,Contract,3.82,Y
DP14248,1/15/2025,Sneha U,Hyderabad,Scooter,Contract,4.03,Y
DP14930,1/27/2025,Meena Q,Mumbai,Bike,Full-time,4.15,Y
DP03780,12/23/2024,Suresh I,Chennai,Cycle,Full-time,4.46,Y
DP01938,1/21/2025,Santosh A,Bengaluru,Scooter,Full-time,4.24,Y
DP06944,1/9/2025,Ravi Z,Mumbai,Bike,Part-time,4.19,Y
DP12979,12/16/2024,Pooja J,Kolkata,Bike,Contract,3.92,Y
DP13744,1/5/2025,Suresh A,Ahmedabad,Bike,Part-time,4.46,Y
DP02240,1/8/2025,Rakesh X,Kolkata,Scooter,Contract,4.38,Y
DP09874,1/18/2025,Arjun Z,Kolkata,Scooter,Part-time,4.68,Y
DP13472,1/16/2025,Divya Q,Delhi,Scooter,Contract,4.74,Y
DP12395,12/19/2024,Amit U,Bengaluru,Bike,Full-time,4.83,Y
DP07913,1/11/2025,Santosh T,Bengaluru,Scooter,Full-time,3.97,Y
DP07305,1/14/2025,Vikas X,Bengaluru,Bike,Full-time,4.32,Y
DP05421,1/1/2025,Deepak P,Mumbai,Cycle,Full-time,4.04,Y
DP03300,1/11/2025,Meena F,Bengaluru,Cycle,Full-time,4.5,Y
DP09436,1/20/2025,Shreya H,Kolkata,Bike,Full-time,4.3,Y
DP13525,12/30/2024,Deepak W,Mumbai,Cycle,Contract,3.89,Y
DP02878,1/7/2025,Pooja E,Chennai,Bike,Contract,4.03,Y
DP00193,1/23/2025,Divya P,Bengaluru,Bike,Full-time,4.13,N
DP12349,1/17/2025,Suresh U,Chennai,Bike,Contract,4.34,Y
DP04222,1/8/2025,Rahul G,Hyderabad,Scooter,Full-time,4.08,Y
DP10073,1/13/2025,Kiran G,Pune,Scooter,Full-time,3.29,N
DP00449,1/2/2025,Priya F,Chennai,Cycle,Contract,4.3,N
DP06248,1/20/2025,Rakesh O,Delhi,Scooter,Full-time,4.05,Y
DP04289,1/11/2025,Arjun X,Mumbai,Scooter,Contract,4.41,Y
DP03639,1/18/2025,Suresh N,Kolkata,Scooter,Full-time,4.07,Y
DP01147,1/16/2025,Ananya E,Chennai,Scooter,Full-time,4.56,Y
DP01918,1/12/2025,Vikas I,Kolkata,Bike,Full-time,4.15,Y
DP10937,1/20/2025,Shreya M,Mumbai,Bike,Full-time,4.38,Y
DP05843,1/9/2025,Deepak A,Chennai,Scooter,Contract,4.13,Y
DP00318,12/25/2024,Shreya W,Delhi,Cycle,Full-time,3.72,Y
DP08780,1/12/2025,Pooja X,Mumbai,Scooter,Full-time,4,Y
DP01338,1/6/2025,Meena U,Delhi,Bike,Contract,4.18,Y
DP01099,1/3/2025,Rahul C,Delhi,Scooter,Part-time,4.28,Y
DP00234,1/17/2025,Manoj Y,Kolkata,Bike,Full-time,4.37,Y
DP06273,1/15/2025,Santosh J,Kolkata,Cycle,Part-time,3.9,N
DP12974,12/31/2024,Pooja A,Bengaluru,Bike,Full-time,3.51,Y
DP12786,1/20/2025,Pooja B,Kolkata,Scooter,Full-time,4.52,Y
DP07877,12/24/2024,Pooja K,Delhi,Scooter,Contract,4.58,Y
DP07415,1/3/2025,Ananya T,Chennai,Scooter,Full-time,4.46,Y
DP07433,12/21/2024,Rakesh D,Chennai,Car,Part-time,4.19,Y
DP03840,1/22/2025,Amit T,Delhi,Cycle,Part-time,3.92,Y
DP04708,1/17/2025,Arjun L,Mumbai,Scooter,Full-time,4.43,Y
DP05809,1/5/2025,Amit P,Delhi,Bike,Full-time,4.16,N
DP06284,1/18/2025,Suresh D,Delhi,Scooter,Part-time,4.46,Y
DP02514,1/20/2025,Kiran P,Pune,Cycle,Contract,3.87,Y
DP06902,1/19/2025,Nikhil V,Mumbai,Cycle,Part-time,3.97,N
DP09815,1/21/2025,Pooja Q,Mumbai,Cycle,Full-time,4.12,Y
DP14072,1/11/2025,Neha I,Chennai,Scooter,Part-time,4.56,Y
DP14239,12/31/2024,Kiran D,Mumbai,Scooter,Part-time,4.54,Y
DP07501,12/26/2024,Divya O,Mumbai,Cycle,Full-time,3.87,Y
DP04676,1/17/2025,Divya N,Mumbai,Bike,Part-time,4.9,Y
DP03367,1/20/2025,Deepak T,Mumbai,Bike,Contract,4.56,Y
DP00425,1/8/2025,Shreya P,Delhi,Bike,Part-time,4.79,Y
DP12313,1/18/2025,Shreya A,Pune,Scooter,Contract,3.97,Y
DP03096,1/18/2025,Divya I,Ahmedabad,Bike,Part-time,3.97,Y
DP00841,12/30/2024,Manoj O,Bengaluru,Bike,Full-time,4.75,Y
DP10780,1/26/2025,Amit V,Ahmedabad,Bike,Part-time,3.82,Y
DP01431,1/6/2025,Vikas C,Pune,Bike,Full-time,4.12,Y
DP07897,1/20/2025,Kiran M,Bengaluru,Cycle,Full-time,4.25,Y
DP09108,3/1/2025,Amit X,Pune,Car,Full-time,4.23,Y
DP07836,1/16/2025,Santosh G,Hyderabad,Scooter,Full-time,4.4,Y
DP03784,1/7/2025,Vikas Q,Bengaluru,Bike,Full-time,4.45,Y
DP04240,1/14/2025,Rahul J,Bengaluru,Bike,Full-time,3.73,Y
DP03340,1/8/2025,Rakesh P,Bengaluru,Scooter,Part-time,4.51,Y
DP14668,1/4/2025,Ananya Z,Bengaluru,Scooter,Part-time,4.79,Y
DP04827,1/9/2025,Divya R,Kolkata,Scooter,Full-time,3.96,Y
DP01122,12/26/2024,Suresh U,Bengaluru,Scooter,Part-time,4.32,Y
DP07398,12/14/2024,Priya E,Pune,Cycle,Full-time,3.96,N
DP00482,2/16/2025,Amit R,Mumbai,Scooter,Full-time,4.19,Y
DP00068,2/26/2025,Divya F,Hyderabad,Car,Full-time,4.14,N
DP02994,12/30/2024,Rahul L,Bengaluru,Cycle,Full-time,4.23,N
DP09622,12/24/2024,Rakesh H,Bengaluru,Cycle,Full-time,4.57,Y
DP01249,1/18/2025,Divya X,Hyderabad,Cycle,Part-time,4.63,Y
DP01604,1/19/2025,Vikas F,Ahmedabad,Car,Full-time,4.15,Y
DP12702,1/16/2025,Suresh S,Delhi,Bike,Part-time,4.36,Y
DP07273,1/5/2025,Rakesh P,Ahmedabad,Scooter,Full-time,4.27,Y
DP12060,1/21/2025,Nikhil N,Bengaluru,Bike,Full-time,3.66,Y
DP07090,1/21/2025,Kiran A,Hyderabad,Bike,Part-time,3.95,Y
DP02904,1/21/2025,Vikas A,Mumbai,Bike,Full-time,3.96,Y
DP02274,1/17/2025,Pooja G,Mumbai,Cycle,Part-time,4.43,Y
DP07098,1/15/2025,Arjun T,Ahmedabad,Scooter,Contract,3.56,Y
DP05887,1/20/2025,Vikas Y,Hyderabad,Bike,Contract,4.35,Y
DP03739,1/8/2025,Priya L,Hyderabad,Cycle,Full-time,3.78,Y
DP03520,12/24/2024,Meena Q,Bengaluru,Bike,Contract,3.99,Y
DP08406,12/1/2024,Vikas A,Delhi,Car,Full-time,4.28,Y
DP03330,1/13/2025,Divya V,Bengaluru,Bike,Full-time,4.25,N
DP00546,1/19/2025,Rakesh M,Bengaluru,Scooter,Full-time,5,Y
DP07645,12/31/2024,Kiran A,Delhi,Scooter,Part-time,4.89,Y
DP05703,1/17/2025,Suresh H,Pune,Bike,Part-time,4.14,Y
DP12853,1/13/2025,Meena F,Bengaluru,Scooter,Part-time,4.54,Y
DP05692,1/3/2025,Pooja K,Hyderabad,Scooter,Full-time,4.55,Y
DP09770,1/7/2025,Pooja U,Bengaluru,Scooter,Part-time,4.03,Y
DP01321,1/15/2025,Kiran U,Chennai,Cycle,Contract,4.37,Y
DP13341,1/11/2025,Ravi O,Chennai,Bike,Contract,4.17,Y
DP09288,1/4/2025,Santosh U,Delhi,Bike,Full-time,4.52,Y
DP08657,1/20/2025,Vikas A,Bengaluru,Bike,Contract,3.85,Y
DP02697,1/12/2025,Rakesh X,Hyderabad,Scooter,Full-time,3.78,Y
DP05821,1/16/2025,Priya Y,Bengaluru,Bike,Part-time,4.22,Y
DP11316,1/16/2025,Ravi L,Mumbai,Bike,Part-time,4.07,Y
DP11513,1/18/2025,Neha E,Bengaluru,Bike,Contract,4.78,Y
DP10610,12/29/2024,Santosh W,Mumbai,Scooter,Full-time,4.59,Y
DP01884,1/11/2025,Rakesh I,Mumbai,Scooter,Full-time,4.05,Y
DP10998,1/7/2025,Suresh H,Bengaluru,Scooter,Part-time,4.25,Y
DP00116,1/20/2025,Manoj H,Bengaluru,Bike,Part-time,4.12,Y
DP00544,1/20/2025,Rahul U,Hyderabad,Scooter,Contract,4.14,Y
DP00867,12/31/2024,Ravi J,Mumbai,Bike,Part-time,3.86,Y
DP04346,12/29/2024,Sneha U,Mumbai,Scooter,Contract,4.38,Y
DP07408,1/28/2025,Ananya L,Ahmedabad,Bike,Full-time,4.23,Y
DP01624,1/16/2025,Divya B,Bengaluru,Bike,Full-time,3.91,Y
DP04559,1/8/2025,Sneha D,Kolkata,Bike,Full-time,4.43,Y
DP08317,1/20/2025,Manoj Z,Hyderabad,Scooter,Part-time,4.42,Y
DP09277,1/15/2025,Nikhil D,Pune,Cycle,Full-time,4.5,Y
DP13764,1/21/2025,Sneha C,Hyderabad,Bike,Part-time,3.98,Y
DP00988,1/13/2025,Neha C,Mumbai,Cycle,Full-time,4.42,Y
DP07553,1/13/2025,Deepak K,Hyderabad,Bike,Part-time,3.57,Y
DP01971,1/18/2025,Ananya N,Bengaluru,Scooter,Contract,4.05,Y
DP02548,1/10/2025,Suresh V,Pune,Bike,Part-time,4.43,Y
DP04837,1/16/2025,Santosh Y,Bengaluru,Bike,Full-time,4.31,Y
DP04126,1/8/2025,Kiran V,Pune,Scooter,Full-time,4.09,Y
DP07909,1/18/2025,Neha F,Delhi,Cycle,Part-time,4.35,Y
DP14534,1/21/2025,Vikas B,Delhi,Bike,Contract,4.31,Y
DP09270,1/18/2025,Manoj U,Hyderabad,Scooter,Full-time,4.13,Y
DP06359,1/20/2025,Divya Y,Bengaluru,Bike,Full-time,4.59,Y
DP09248,1/7/2025,Amit D,Bengaluru,Cycle,Full-time,3.67,Y
DP14450,1/6/2025,Sneha U,Bengaluru,Cycle,Contract,4.14,Y
DP13618,1/10/2025,Neha H,Pune,Bike,Contract,4.06,Y
DP04994,1/18/2025,Rakesh G,Pune,Scooter,Part-time,4.86,Y
DP11011,1/17/2025,Suresh O,Pune,Bike,Full-time,4.83,Y
DP12998,1/17/2025,Pooja X,Kolkata,Bike,Full-time,4.46,Y
DP03353,12/19/2024,Nikhil C,Bengaluru,Cycle,Part-time,4.61,Y
DP14645,1/20/2025,Rakesh S,Ahmedabad,Bike,Full-time,4.52,Y
DP07747,1/16/2025,Shreya O,Delhi,Bike,Part-time,4.38,Y
DP05332,1/7/2025,Shreya Q,Bengaluru,Scooter,Full-time,3.99,Y
DP03442,1/18/2025,Amit R,Kolkata,Cycle,Full-time,4.48,N
DP00558,12/14/2024,Rahul P,Chennai,Bike,Full-time,4.61,Y
DP13813,1/17/2025,Rahul N,Chennai,Bike,Part-time,3.98,Y
DP05077,1/20/2025,Deepak V,Pune,Scooter,Contract,4.11,Y
DP01474,1/2/2025,Rakesh K,Chennai,Scooter,Full-time,4.85,Y
DP04158,1/10/2025,Vikas X,Chennai,Bike,Full-time,3.9,Y
DP07988,1/18/2025,Manoj B,Bengaluru,Scooter,Full-time,4.69,N
DP11999,1/22/2025,Meena T,Chennai,Bike,Full-time,4.19,N
DP13917,1/22/2025,Suresh R,Delhi,Bike,Full-time,3.95,Y
DP14696,1/19/2025,Meena H,Chennai,Car,Part-time,4.58,Y
DP07326,2/3/2025,Meena X,Delhi,Bike,Full-time,4.08,Y
DP10843,1/13/2025,Divya N,Pune,Scooter,Full-time,4.47,Y
DP01546,1/22/2025,Divya J,Mumbai,Bike,Full-time,4.62,Y
DP07468,1/6/2025,Ananya E,Mumbai,Scooter,Part-time,4.66,Y
DP09217,1/9/2025,Amit L,Chennai,Bike,Full-time,4.93,N
DP10411,1/9/2025,Shreya J,Hyderabad,Car,Full-time,4.24,N
DP12828,1/13/2025,Nikhil Q,Delhi,Scooter,Part-time,4.21,N
DP10273,1/11/2025,Nikhil H,Ahmedabad,Bike,Full-time,4.25,Y
DP08305,1/8/2025,Shreya Q,Chennai,Bike,Full-time,4.18,Y
DP08004,1/5/2025,Manoj F,Mumbai,Scooter,Full-time,4.06,N
DP00620,1/13/2025,Sneha Y,Pune,Scooter,Contract,4.78,Y
DP04109,1/6/2025,Manoj C,Kolkata,Cycle,Full-time,3.73,Y
DP06133,1/17/2025,Nikhil G,Chennai,Cycle,Part-time,4.08,N
DP04207,1/5/2025,Kiran T,Kolkata,Scooter,Full-time,4.29,Y
DP14106,1/11/2025,Ananya L,Bengaluru,Scooter,Full-time,3.85,Y
DP03434,1/4/2025,Meena Q,Mumbai,Bike,Full-time,4.01,Y
DP07506,1/16/2025,Rahul N,Pune,Scooter,Contract,3.9,Y
DP08940,1/6/2025,Manoj G,Bengaluru,Scooter,Part-time,4.14,Y
DP14010,1/15/2025,Amit P,Hyderabad,Bike,Full-time,4.31,Y
DP06106,1/10/2025,Ananya Q,Mumbai,Scooter,Contract,3.91,Y
DP10529,1/12/2025,Santosh H,Chennai,Scooter,Contract,4.03,N
DP02806,1/6/2025,Arjun D,Delhi,Scooter,Full-time,4.1,N
DP05995,1/18/2025,Arjun N,Bengaluru,Scooter,Full-time,4.69,Y
DP00338,1/18/2025,Amit S,Chennai,Cycle,Full-time,4.19,Y
DP01746,1/19/2025,Manoj U,Chennai,Scooter,Contract,4.06,Y
DP12851,1/16/2025,Shreya G,Bengaluru,Bike,Contract,4.27,N
DP00240,1/1/2025,Divya T,Chennai,Car,Full-time,4.28,Y
DP02167,1/4/2025,Priya B,Delhi,Bike,Full-time,4.2,Y
DP07315,1/11/2025,Pooja V,Ahmedabad,Bike,Full-time,4.06,Y
DP13625,1/17/2025,Vikas R,Pune,Cycle,Contract,4.8,Y
DP08056,1/17/2025,Arjun H,Bengaluru,Scooter,Part-time,3.6,Y
DP02205,1/6/2025,Arjun F,Chennai,Scooter,Full-time,4.36,Y
DP08999,1/13/2025,Vikas K,Hyderabad,Bike,Full-time,4.06,Y
DP04199,12/18/2024,Pooja L,Pune,Bike,Full-time,4.56,Y
DP08184,1/11/2025,Arjun J,Delhi,Bike,Full-time,4.25,Y
DP11300,1/15/2025,Pooja M,Pune,Scooter,Part-time,4.72,Y
DP07928,1/12/2025,Shreya F,Bengaluru,Cycle,Contract,4.09,Y
DP11040,1/17/2025,Ananya F,Delhi,Scooter,Full-time,4.31,Y
DP09852,12/29/2024,Nikhil T,Chennai,Cycle,Full-time,4.09,Y
DP06460,1/20/2025,Shreya P,Mumbai,Bike,Full-time,4.18,Y
DP11428,1/23/2025,Meena W,Bengaluru,Scooter,Part-time,4.17,Y
DP05161,1/20/2025,Santosh W,Pune,Scooter,Part-time,4.73,Y
DP04556,1/10/2025,Rakesh C,Mumbai,Bike,Full-time,4.35,Y
DP12305,1/23/2025,Suresh H,Bengaluru,Cycle,Full-time,4.38,Y
DP02529,1/14/2025,Divya D,Hyderabad,Bike,Part-time,4.43,Y
DP10740,1/13/2025,Ravi L,Delhi,Bike,Full-time,4.06,Y
DP04800,1/12/2025,Kiran A,Delhi,Scooter,Full-time,4.59,Y
DP07621,1/14/2025,Arjun O,Bengaluru,Bike,Part-time,4.58,Y
DP08290,12/24/2024,Santosh V,Ahmedabad,Scooter,Part-time,3.87,Y
DP13725,1/28/2025,Amit J,Mumbai,Bike,Contract,4.04,Y
DP12082,1/7/2025,Vikas Y,Chennai,Scooter,Contract,4.4,Y
DP13177,1/12/2025,Manoj T,Delhi,Scooter,Full-time,4.38,Y
DP10878,1/14/2025,Pooja U,Ahmedabad,Scooter,Full-time,4.29,Y
DP10270,1/19/2025,Divya W,Pune,Scooter,Full-time,3.95,Y
DP10677,1/9/2025,Rakesh Q,Pune,Cycle,Part-time,4.34,N
DP10839,1/11/2025,Ananya X,Mumbai,Cycle,Full-time,4.72,Y
DP03657,1/20/2025,Rahul L,Chennai,Bike,Part-time,4.42,Y
DP10705,12/18/2024,Manoj V,Mumbai,Bike,Full-time,4.45,Y
DP01599,1/18/2025,Meena L,Chennai,Car,Part-time,4.17,Y
DP02406,1/7/2025,Vikas R,Mumbai,Bike,Part-time,3.66,Y
DP04256,1/12/2025,Ravi U,Mumbai,Bike,Contract,4.75,N
DP00665,1/19/2025,Amit F,Bengaluru,Bike,Full-time,3.58,Y
DP04065,1/10/2025,Pooja C,Bengaluru,Scooter,Full-time,4.01,N
DP10523,1/13/2025,Ananya G,Bengaluru,Bike,Full-time,4.1,Y
DP09860,1/15/2025,Kiran M,Mumbai,Cycle,Full-time,3.64,Y
DP11326,1/1/2025,Divya S,Chennai,Bike,Contract,4.39,Y
DP02553,1/15/2025,Neha S,Mumbai,Bike,Full-time,4.48,Y
DP13464,1/17/2025,Deepak Z,Ahmedabad,Bike,Full-time,4.07,Y
DP05937,1/15/2025,Pooja F,Delhi,Car,Part-time,4.68,Y
DP09067,1/15/2025,Pooja I,Pune,Bike,Full-time,4.27,Y
DP07770,1/16/2025,Vikas T,Delhi,Cycle,Contract,4.12,N
DP12111,1/17/2025,Ravi Y,Bengaluru,Scooter,Full-time,4.19,Y
DP12459,1/3/2025,Santosh V,Pune,Bike,Contract,3.94,Y
DP13619,1/8/2025,Meena V,Ahmedabad,Cycle,Contract,3.9,Y
DP04948,1/10/2025,Manoj O,Bengaluru,Scooter,Full-time,3.46,Y
DP08572,1/2/2025,Suresh B,Bengaluru,Cycle,Full-time,3.96,Y
DP14994,1/22/2025,Neha L,Pune,Bike,Part-time,4.31,Y
DP10551,1/21/2025,Neha F,Ahmedabad,Scooter,Part-time,4.13,Y
DP05222,1/15/2025,Ananya P,Hyderabad,Scooter,Full-time,3.91,Y
DP04816,1/9/2025,Suresh I,Bengaluru,Scooter,Part-time,3.94,Y
DP02583,1/8/2025,Kiran U,Hyderabad,Scooter,Full-time,4.37,Y
DP00316,1/11/2025,Rakesh U,Kolkata,Bike,Contract,3.99,Y
DP08824,1/20/2025,Rahul D,Delhi,Bike,Full-time,4.27,Y
DP10683,1/12/2025,Manoj L,Ahmedabad,Bike,Full-time,3.81,Y
DP11198,1/20/2025,Divya T,Kolkata,Bike,Contract,4.39,Y
DP10410,1/23/2025,Ananya S,Pune,Scooter,Full-time,4.04,Y
DP02617,1/2/2025,Suresh F,Ahmedabad,Cycle,Part-time,4.21,Y
DP13093,1/13/2025,Manoj Y,Delhi,Scooter,Full-time,4.51,N
DP14349,1/16/2025,Vikas S,Bengaluru,Scooter,Part-time,3.96,Y
DP07614,1/19/2025,Meena F,Ahmedabad,Scooter,Full-time,4.17,Y
DP03106,1/11/2025,Ananya P,Kolkata,Scooter,Part-time,4.2,Y
DP13591,1/15/2025,Nikhil L,Delhi,Bike,Full-time,4.26,N
DP11357,1/14/2025,Arjun D,Mumbai,Scooter,Full-time,4.61,Y
DP10701,1/12/2025,Rakesh I,Bengaluru,Scooter,Full-time,4.61,Y
DP06717,1/22/2025,Vikas P,Hyderabad,Car,Full-time,4.19,Y
DP07764,1/11/2025,Neha X,Chennai,Scooter,Full-time,4.23,Y
DP00967,1/19/2025,Neha S,Ahmedabad,Bike,Part-time,3.98,Y
DP01887,1/15/2025,Arjun E,Bengaluru,Bike,Full-time,4.59,Y
DP05879,1/13/2025,Sneha K,Ahmedabad,Bike,Full-time,4.36,Y
DP08120,1/20/2025,Amit L,Mumbai,Car,Contract,4.21,N
DP12997,12/29/2024,Divya M,Kolkata,Bike,Part-time,4.09,Y
DP06703,1/16/2025,Pooja F,Pune,Scooter,Full-time,4.62,Y
DP02877,12/30/2024,Divya I,Bengaluru,Bike,Contract,4.44,Y
DP13741,1/10/2025,Shreya D,Bengaluru,Cycle,Contract,4.37,N
DP00117,1/11/2025,Vikas C,Mumbai,Scooter,Contract,3.89,Y
DP07064,1/20/2025,Ravi H,Mumbai,Cycle,Part-time,4.46,Y
DP00341,12/28/2024,Neha O,Bengaluru,Bike,Part-time,4.18,Y
DP13885,12/31/2024,Rahul S,Delhi,Cycle,Contract,4.09,N
DP05223,1/20/2025,Ananya U,Chennai,Bike,Part-time,4.21,Y
DP00890,1/17/2025,Meena O,Chennai,Scooter,Part-time,3.98,Y
DP14789,1/6/2025,Vikas C,Mumbai,Bike,Full-time,4.33,Y
DP08359,1/12/2025,Deepak J,Delhi,Bike,Contract,4.23,Y
DP08603,1/5/2025,Amit Z,Mumbai,Bike,Part-time,4.73,Y
DP06916,12/21/2024,Manoj Q,Delhi,Scooter,Contract,3.71,N
DP06665,1/19/2025,Priya T,Delhi,Cycle,Full-time,4.6,Y
DP06193,1/10/2025,Amit B,Chennai,Cycle,Full-time,4.1,Y
DP05241,1/11/2025,Manoj W,Pune,Scooter,Full-time,4.36,Y
DP10450,12/25/2024,Rakesh G,Bengaluru,Scooter,Part-time,3.95,Y
DP07504,1/21/2025,Ravi W,Bengaluru,Scooter,Full-time,4.6,Y
DP05208,1/17/2025,Rahul A,Bengaluru,Scooter,Contract,4.11,Y
DP09531,1/17/2025,Manoj B,Pune,Scooter,Full-time,4.72,N
DP07966,1/19/2025,Deepak P,Bengaluru,Bike,Part-time,3.6,Y
DP03107,1/10/2025,Divya X,Bengaluru,Scooter,Part-time,4.41,Y
DP08069,1/15/2025,Sneha S,Ahmedabad,Bike,Full-time,4.28,Y
DP07003,1/15/2025,Amit H,Kolkata,Scooter,Full-time,4.26,Y
DP04214,1/10/2025,Rahul I,Bengaluru,Scooter,Full-time,4.24,Y
DP09833,1/22/2025,Santosh L,Ahmedabad,Bike,Full-time,3.98,Y
DP14173,1/3/2025,Pooja X,Bengaluru,Bike,Full-time,4.36,Y
DP08313,12/18/2024,Suresh C,Delhi,Bike,Part-time,4.51,Y
DP02582,1/22/2025,Shreya H,Hyderabad,Scooter,Full-time,4.46,Y
DP03964,1/20/2025,Divya K,Chennai,Bike,Full-time,4.33,Y
DP01822,1/7/2025,Ananya S,Mumbai,Bike,Part-time,4.55,Y
DP05637,1/13/2025,Ananya J,Bengaluru,Bike,Part-time,3.83,Y
DP13889,1/17/2025,Pooja U,Kolkata,Bike,Part-time,4.15,Y
DP03737,1/7/2025,Meena W,Ahmedabad,Bike,Part-time,3.98,Y
DP11687,1/22/2025,Shreya J,Hyderabad,Car,Contract,4.6,Y
DP03266,1/15/2025,Rahul J,Mumbai,Scooter,Part-time,3.83,N
DP11365,1/18/2025,Nikhil M,Bengaluru,Scooter,Full-time,4.17,N
DP10979,1/21/2025,Arjun Q,Hyderabad,Bike,Part-time,3.96,Y
DP04675,12/28/2024,Neha Y,Delhi,Scooter,Full-time,4.09,Y
DP08665,2/5/2025,Neha B,Hyderabad,Bike,Full-time,4.22,Y
DP07807,1/14/2025,Rahul D,Bengaluru,Bike,Full-time,4.08,Y
DP00730,1/18/2025,Vikas U,Kolkata,Car,Full-time,4,Y
DP03061,12/24/2024,Deepak N,Delhi,Scooter,Full-time,4.04,Y
DP05885,1/14/2025,Arjun Z,Kolkata,Scooter,Contract,4.05,N
DP08638,1/22/2025,Meena U,Hyderabad,Bike,Full-time,3.95,Y
DP14381,12/20/2024,Kiran K,Delhi,Car,Part-time,3.72,Y
DP00779,12/22/2024,Suresh L,Hyderabad,Scooter,Contract,4.27,Y
DP00468,1/15/2025,Pooja K,Chennai,Bike,Part-time,3.19,N
DP09007,2/13/2025,Santosh Y,Mumbai,Bike,Contract,4.28,Y
DP10724,1/9/2025,Deepak D,Mumbai,Car,Contract,4.03,Y
DP03272,1/20/2025,Suresh D,Mumbai,Scooter,Part-time,3.74,Y
DP04700,1/22/2025,Ananya A,Mumbai,Scooter,Part-time,4.06,Y
DP10568,1/18/2025,Amit G,Delhi,Bike,Full-time,4.09,N
DP13087,1/16/2025,Sneha S,Ahmedabad,Bike,Full-time,4.31,Y
DP14499,1/13/2025,Sneha R,Delhi,Scooter,Part-time,3.91,Y
DP11386,1/5/2025,Kiran V,Mumbai,Bike,Full-time,4.27,Y
DP08651,1/9/2025,Vikas V,Bengaluru,Bike,Full-time,4.07,Y
DP09255,1/10/2025,Deepak B,Hyderabad,Scooter,Contract,4.03,Y
DP11453,1/17/2025,Sneha W,Bengaluru,Bike,Contract,3.95,Y
DP14042,1/31/2025,Suresh F,Bengaluru,Bike,Full-time,4.01,N
DP00079,1/22/2025,Ravi W,Hyderabad,Bike,Part-time,4.07,Y
DP07322,1/16/2025,Rahul T,Hyderabad,Cycle,Full-time,4.48,Y
DP12168,1/19/2025,Ravi L,Hyderabad,Bike,Full-time,3.61,Y
DP02267,12/27/2024,Manoj G,Chennai,Cycle,Contract,4.45,Y
DP06374,1/12/2025,Sneha I,Pune,Scooter,Full-time,4.04,Y
DP13454,1/15/2025,Priya I,Mumbai,Bike,Full-time,4.2,Y
DP06525,1/3/2025,Ananya U,Pune,Cycle,Full-time,4.22,Y
DP06384,1/4/2025,Kiran H,Bengaluru,Bike,Part-time,4.32,Y
DP09283,1/21/2025,Manoj U,Bengaluru,Bike,Contract,4.89,Y
DP00506,1/9/2025,Santosh M,Bengaluru,Cycle,Full-time,4.28,N
DP03990,1/17/2025,Divya E,Ahmedabad,Scooter,Part-time,3.8,Y
DP09401,1/20/2025,Santosh A,Chennai,Bike,Contract,4.23,Y
DP08654,1/4/2025,Ananya W,Ahmedabad,Bike,Full-time,3.89,Y
DP08223,1/9/2025,Manoj I,Mumbai,Cycle,Full-time,3.73,N
DP06519,1/13/2025,Deepak J,Chennai,Scooter,Full-time,4.1,Y
DP03349,1/16/2025,Arjun G,Delhi,Bike,Part-time,4.4,N
DP11034,1/7/2025,Pooja W,Kolkata,Bike,Full-time,4.24,Y
DP07218,1/23/2025,Ravi R,Delhi,Scooter,Full-time,3.89,Y
DP14792,2/3/2025,Sneha R,Chennai,Cycle,Full-time,3.98,N
DP06782,12/30/2024,Santosh I,Delhi,Cycle,Full-time,4.59,Y
DP05034,1/5/2025,Ananya E,Bengaluru,Bike,Full-time,3.89,Y
DP12075,1/10/2025,Pooja W,Mumbai,Bike,Full-time,3.95,Y
DP10147,1/1/2025,Neha Q,Delhi,Bike,Part-time,4.35,Y
DP13987,12/27/2024,Neha F,Mumbai,Scooter,Full-time,3.58,Y
DP00944,12/7/2024,Shreya V,Bengaluru,Scooter,Part-time,4.15,Y
DP06603,1/13/2025,Divya S,Mumbai,Bike,Part-time,3.5,Y
DP05283,1/21/2025,Suresh S,Delhi,Scooter,Part-time,4.88,Y
DP06341,1/12/2025,Vikas O,Chennai,Car,Full-time,4.1,Y
DP10251,1/20/2025,Pooja M,Mumbai,Bike,Contract,3.8,Y
DP09618,1/21/2025,Sneha Q,Mumbai,Bike,Contract,4,Y
DP03158,1/16/2025,Meena Z,Bengaluru,Scooter,Contract,4.18,Y
DP12900,1/15/2025,Rahul V,Bengaluru,Bike,Contract,3.97,Y
DP04578,12/27/2024,Nikhil L,Kolkata,Scooter,Part-time,4.41,Y
DP12981,1/14/2025,Santosh N,Hyderabad,Bike,Full-time,4.19,Y
DP07820,1/10/2025,Arjun S,Bengaluru,Cycle,Part-time,4.16,N
DP13309,1/2/2025,Divya L,Delhi,Cycle,Contract,4.24,Y
DP14217,1/12/2025,Manoj W,Mumbai,Bike,Part-time,4.03,N
DP12678,1/3/2025,Ananya F,Bengaluru,Car,Full-time,3.97,Y
DP06445,1/12/2025,Neha V,Delhi,Cycle,Full-time,3.75,Y
DP09632,1/16/2025,Divya S,Delhi,Scooter,Full-time,4.47,Y
DP11546,1/20/2025,Deepak E,Bengaluru,Bike,Part-time,4.44,Y
DP06784,1/10/2025,Priya R,Kolkata,Scooter,Full-time,4.01,Y
DP05634,1/22/2025,Ananya P,Bengaluru,Car,Full-time,3.5,Y
DP04431,1/21/2025,Santosh R,Mumbai,Scooter,Full-time,4.23,Y
DP13790,1/21/2025,Ananya Q,Delhi,Scooter,Full-time,4.3,Y
DP09503,1/17/2025,Meena G,Delhi,Bike,Full-time,4.11,Y
DP02984,1/8/2025,Ananya P,Bengaluru,Bike,Full-time,4.63,Y
DP01584,1/14/2025,Neha B,Delhi,Bike,Contract,3.53,Y
DP13919,1/5/2025,Vikas Z,Mumbai,Scooter,Part-time,4.1,Y
DP09147,1/14/2025,Divya V,Bengaluru,Bike,Part-time,4.09,Y
DP11240,1/15/2025,Nikhil H,Delhi,Scooter,Full-time,3.84,Y
DP13051,1/22/2025,Santosh H,Kolkata,Bike,Full-time,4.49,Y
DP11638,1/10/2025,Pooja T,Mumbai,Cycle,Part-time,4.12,Y
DP04166,1/16/2025,Amit Z,Chennai,Bike,Full-time,4.17,Y
DP14870,1/20/2025,Rakesh M,Kolkata,Bike,Contract,4.26,Y
DP02844,12/24/2024,Manoj P,Hyderabad,Bike,Full-time,3.84,Y
DP11942,1/22/2025,Suresh E,Bengaluru,Bike,Full-time,4.59,Y
DP04435,1/6/2025,Vikas T,Ahmedabad,Cycle,Part-time,3.7,Y
DP03249,1/14/2025,Neha Y,Mumbai,Scooter,Part-time,4.06,Y
DP11967,1/26/2025,Deepak A,Bengaluru,Scooter,Part-time,4.1,Y
DP14831,1/2/2025,Santosh S,Ahmedabad,Bike,Full-time,3.85,Y
DP09149,12/25/2024,Sneha E,Bengaluru,Bike,Part-time,4.21,Y
DP07485,1/15/2025,Nikhil N,Delhi,Car,Contract,4.63,Y
DP06493,1/23/2025,Suresh O,Mumbai,Bike,Part-time,4.57,N
DP03336,1/6/2025,Vikas C,Mumbai,Scooter,Full-time,3.88,Y
DP06454,1/5/2025,Amit Y,Hyderabad,Cycle,Contract,4.11,Y
DP10900,2/22/2025,Shreya S,Delhi,Cycle,Contract,4.09,Y
DP01253,1/4/2025,Rakesh O,Bengaluru,Bike,Full-time,4.69,Y
DP05251,1/15/2025,Ravi Y,Bengaluru,Bike,Contract,4.55,Y
DP10744,1/15/2025,Vikas S,Delhi,Scooter,Contract,4.58,Y
DP00686,1/22/2025,Kiran C,Kolkata,Scooter,Part-time,4.34,Y
DP06333,1/14/2025,Santosh I,Chennai,Cycle,Full-time,4.29,Y
DP05450,1/12/2025,Neha U,Mumbai,Bike,Part-time,4.68,Y
DP01656,1/19/2025,Divya S,Hyderabad,Bike,Full-time,4.05,Y
DP03931,1/15/2025,Arjun N,Hyderabad,Cycle,Full-time,4.31,Y
DP00823,1/22/2025,Ananya K,Ahmedabad,Scooter,Part-time,4.5,Y
DP09891,1/21/2025,Amit A,Chennai,Bike,Part-time,4.31,Y
DP10824,1/15/2025,Nikhil I,Bengaluru,Scooter,Part-time,4.23,Y
DP05023,1/18/2025,Santosh E,Bengaluru,Bike,Contract,4.3,Y
DP02707,1/13/2025,Manoj H,Bengaluru,Scooter,Full-time,3.58,Y
DP14190,1/5/2025,Ananya L,Delhi,Bike,Part-time,4.01,Y
DP10844,1/7/2025,Priya F,Bengaluru,Car,Contract,4.32,Y
DP06134,1/9/2025,Amit G,Delhi,Scooter,Contract,4.17,Y
DP08385,1/11/2025,Neha R,Bengaluru,Bike,Full-time,4.17,Y
DP03080,1/7/2025,Vikas M,Ahmedabad,Car,Contract,3.37,Y
DP09046,12/21/2024,Priya R,Delhi,Scooter,Full-time,3.76,Y
DP08649,1/11/2025,Kiran K,Chennai,Bike,Contract,4.43,Y
DP12573,1/15/2025,Divya J,Bengaluru,Scooter,Contract,4.19,Y
DP00263,1/16/2025,Neha B,Kolkata,Scooter,Full-time,4.08,Y
DP12232,1/22/2025,Ananya C,Bengaluru,Scooter,Full-time,3.83,Y
DP02652,1/7/2025,Priya K,Hyderabad,Scooter,Contract,4.26,Y
DP04611,1/13/2025,Amit U,Delhi,Bike,Part-time,4.03,Y
DP00980,1/4/2025,Pooja O,Bengaluru,Bike,Part-time,4.17,Y
DP04723,1/20/2025,Nikhil N,Bengaluru,Scooter,Full-time,3.78,Y
DP07839,1/20/2025,Divya B,Bengaluru,Scooter,Contract,4.01,Y
DP01673,1/17/2025,Arjun A,Kolkata,Car,Full-time,4.2,Y
DP04964,1/11/2025,Santosh S,Chennai,Bike,Part-time,4.35,Y
DP10577,1/15/2025,Meena L,Bengaluru,Scooter,Contract,4.27,Y
DP07901,1/5/2025,Deepak P,Bengaluru,Cycle,Full-time,4.11,Y
DP02700,1/15/2025,Santosh D,Mumbai,Bike,Part-time,4.57,Y
DP01850,1/14/2025,Pooja P,Delhi,Scooter,Full-time,4.43,Y
DP06677,1/4/2025,Kiran G,Mumbai,Bike,Contract,4.45,Y
DP14057,1/16/2025,Santosh T,Bengaluru,Scooter,Contract,4.72,Y
DP12223,12/23/2024,Rakesh B,Bengaluru,Scooter,Part-time,4.37,Y
DP03910,12/20/2024,Sneha U,Chennai,Scooter,Contract,4.19,Y
DP10030,1/21/2025,Santosh H,Bengaluru,Car,Full-time,4.34,Y
DP04130,1/20/2025,Deepak K,Chennai,Bike,Part-time,4.37,Y
DP01194,1/11/2025,Arjun C,Chennai,Scooter,Part-time,4.24,Y
DP04963,1/23/2025,Vikas E,Kolkata,Cycle,Part-time,3.62,Y
DP00361,1/13/2025,Deepak K,Pune,Scooter,Part-time,4.1,Y
DP08005,1/15/2025,Rakesh W,Chennai,Scooter,Full-time,3.86,N
DP10693,1/9/2025,Amit V,Chennai,Scooter,Contract,3.6,Y
DP11630,1/7/2025,Manoj E,Delhi,Scooter,Full-time,3.98,Y
DP09697,1/12/2025,Amit D,Chennai,Scooter,Full-time,4.11,Y
DP09483,1/2/2025,Manoj U,Delhi,Scooter,Full-time,3.99,Y
DP01457,1/13/2025,Neha D,Mumbai,Bike,Part-time,4.37,Y
DP12617,1/15/2025,Santosh S,Delhi,Scooter,Contract,3.83,N
DP03461,1/7/2025,Neha C,Chennai,Scooter,Part-time,4.67,Y
DP13490,1/21/2025,Shreya Q,Hyderabad,Bike,Full-time,4.28,Y
DP08997,1/20/2025,Amit M,Mumbai,Scooter,Part-time,4.46,Y
DP04984,1/4/2025,Deepak H,Pune,Bike,Full-time,4.76,Y
DP12779,12/23/2024,Ananya G,Delhi,Cycle,Full-time,4.46,Y
DP13968,1/9/2025,Deepak H,Bengaluru,Scooter,Full-time,3.06,Y
DP11726,1/5/2025,Shreya W,Bengaluru,Bike,Full-time,4.28,Y
DP14899,12/19/2024,Ananya G,Bengaluru,Bike,Contract,4.48,Y
DP04102,1/10/2025,Priya Y,Chennai,Cycle,Contract,4.05,Y
DP04423,1/19/2025,Arjun S,Mumbai,Bike,Part-time,4.24,Y
DP07301,12/27/2024,Ananya I,Delhi,Scooter,Contract,4.18,Y
DP12108,1/2/2025,Suresh O,Bengaluru,Scooter,Full-time,3.93,Y
DP13636,1/9/2025,Arjun S,Bengaluru,Car,Full-time,4.3,N
DP08582,1/14/2025,Shreya V,Chennai,Car,Full-time,4.08,Y
DP01948,1/23/2025,Suresh U,Hyderabad,Bike,Full-time,4.33,Y
DP13650,1/21/2025,Arjun H,Hyderabad,Scooter,Contract,3.9,Y
DP14666,1/16/2025,Manoj L,Chennai,Bike,Full-time,4.16,Y
DP11446,12/15/2024,Sneha H,Bengaluru,Bike,Full-time,4.59,Y
DP10964,1/3/2025,Manoj V,Chennai,Scooter,Full-time,4.64,Y
DP00746,1/10/2025,Meena N,Chennai,Scooter,Contract,3.8,Y
DP05093,1/18/2025,Arjun R,Mumbai,Scooter,Contract,4.36,N
DP07418,1/20/2025,Vikas U,Chennai,Scooter,Contract,4.11,Y
DP07871,12/12/2024,Arjun W,Bengaluru,Scooter,Full-time,4.2,Y
DP10373,1/22/2025,Pooja G,Chennai,Bike,Full-time,4.55,Y
DP13691,1/21/2025,Neha Q,Mumbai,Bike,Full-time,4.1,Y
DP04413,1/9/2025,Sneha T,Kolkata,Bike,Full-time,4.35,Y
DP04029,1/6/2025,Arjun O,Mumbai,Scooter,Full-time,4.7,Y
DP03766,1/9/2025,Shreya W,Mumbai,Scooter,Part-time,3.78,N
DP06294,1/24/2025,Kiran T,Delhi,Scooter,Full-time,3.92,Y
DP08656,1/17/2025,Deepak K,Pune,Scooter,Full-time,3.72,Y
DP04098,1/18/2025,Rakesh O,Ahmedabad,Cycle,Full-time,4.19,Y
DP01453,1/20/2025,Amit G,Hyderabad,Scooter,Part-time,4.13,Y
DP13466,1/6/2025,Arjun N,Bengaluru,Scooter,Full-time,4.42,Y
DP06882,2/9/2025,Amit B,Delhi,Scooter,Contract,3.74,Y
DP01022,1/14/2025,Divya W,Mumbai,Scooter,Part-time,3.89,Y
DP13042,1/3/2025,Suresh T,Delhi,Scooter,Part-time,4.43,Y
DP03851,1/18/2025,Suresh H,Delhi,Bike,Contract,4.01,Y
DP09193,1/22/2025,Deepak V,Kolkata,Scooter,Contract,3.57,Y
DP08580,2/4/2025,Neha P,Mumbai,Bike,Full-time,4.15,Y
DP09707,1/14/2025,Shreya K,Mumbai,Bike,Full-time,3.77,Y
DP04758,12/28/2024,Manoj U,Delhi,Bike,Full-time,3.86,Y
DP03628,1/14/2025,Kiran I,Bengaluru,Bike,Part-time,4.45,Y
DP00518,1/15/2025,Sneha H,Delhi,Scooter,Part-time,3.95,Y
DP07796,1/19/2025,Suresh E,Delhi,Car,Contract,4.42,Y
DP10354,12/25/2024,Amit W,Delhi,Scooter,Part-time,4,Y
DP04569,1/10/2025,Pooja O,Hyderabad,Scooter,Full-time,4.73,N
DP13561,1/5/2025,Rakesh A,Kolkata,Scooter,Contract,4.1,Y
DP04257,1/23/2025,Rakesh C,Bengaluru,Car,Full-time,4.39,Y
DP03559,1/14/2025,Nikhil Y,Mumbai,Scooter,Full-time,4.14,Y
DP05847,12/27/2024,Suresh H,Kolkata,Bike,Full-time,4.61,Y
DP04276,12/28/2024,Ravi W,Mumbai,Scooter,Part-time,4.51,Y
DP12772,1/12/2025,Amit E,Delhi,Bike,Part-time,4.1,Y
DP10975,1/10/2025,Arjun T,Mumbai,Scooter,Full-time,4.51,Y
DP12832,1/15/2025,Ravi P,Mumbai,Cycle,Full-time,3.88,Y
DP03181,1/13/2025,Neha Q,Kolkata,Bike,Full-time,3.88,Y
DP08742,1/17/2025,Santosh P,Mumbai,Cycle,Full-time,4.35,Y
DP03230,1/3/2025,Ravi I,Hyderabad,Scooter,Full-time,4.19,Y
DP13903,1/13/2025,Deepak K,Ahmedabad,Bike,Full-time,4.52,Y
DP07135,1/18/2025,Pooja P,Pune,Scooter,Part-time,4.42,N
DP13825,1/23/2025,Kiran M,Hyderabad,Scooter,Part-time,4.1,Y
DP12686,1/4/2025,Vikas C,Bengaluru,Scooter,Full-time,4.44,Y
DP07314,1/19/2025,Suresh N,Bengaluru,Cycle,Part-time,4.04,Y
DP07500,1/21/2025,Vikas X,Bengaluru,Car,Part-time,4.04,Y
DP04685,1/11/2025,Suresh S,Delhi,Scooter,Full-time,4.63,Y
DP04653,1/18/2025,Kiran D,Mumbai,Bike,Full-time,3.87,N
DP02468,1/20/2025,Sneha T,Hyderabad,Bike,Full-time,3.8,Y
DP10368,1/8/2025,Ravi K,Chennai,Bike,Contract,3.56,Y
DP05319,1/21/2025,Manoj I,Mumbai,Cycle,Full-time,4.08,Y
DP05510,1/17/2025,Ravi P,Bengaluru,Scooter,Full-time,4.46,Y
DP14288,1/19/2025,Vikas X,Delhi,Bike,Full-time,4.38,Y
DP11460,1/19/2025,Ravi N,Hyderabad,Cycle,Part-time,4.54,Y
DP07508,12/14/2024,Sneha G,Mumbai,Scooter,Part-time,4.32,Y
DP07783,12/24/2024,Amit E,Bengaluru,Cycle,Part-time,4.46,Y
DP06904,12/23/2024,Meena I,Bengaluru,Scooter,Contract,4.15,N
DP12911,1/20/2025,Rahul L,Ahmedabad,Scooter,Part-time,4.21,Y
DP03489,1/10/2025,Rakesh X,Kolkata,Scooter,Full-time,4.56,Y
DP09041,1/18/2025,Suresh E,Mumbai,Scooter,Full-time,4.41,Y
DP12314,1/15/2025,Priya W,Kolkata,Scooter,Full-time,3.83,Y
DP04253,1/23/2025,Meena A,Mumbai,Scooter,Part-time,3.75,Y
DP05284,1/22/2025,Sneha V,Bengaluru,Bike,Part-time,4.54,N
DP10075,1/17/2025,Vikas G,Hyderabad,Bike,Contract,4.27,Y
DP07556,1/12/2025,Rakesh D,Bengaluru,Bike,Full-time,4.01,Y
DP03213,1/16/2025,Pooja E,Kolkata,Cycle,Part-time,4.29,Y
DP08806,1/21/2025,Sneha Z,Bengaluru,Scooter,Part-time,4.13,Y
DP06485,1/23/2025,Priya H,Delhi,Scooter,Contract,4.26,Y
DP09958,1/17/2025,Nikhil Y,Kolkata,Bike,Contract,4.42,Y
DP10259,1/21/2025,Santosh P,Bengaluru,Scooter,Part-time,4.42,Y
DP04905,1/20/2025,Divya K,Delhi,Scooter,Full-time,4.24,N
DP07044,1/6/2025,Manoj P,Delhi,Car,Full-time,4.56,Y
DP06779,1/19/2025,Arjun X,Delhi,Bike,Full-time,4.16,Y
DP04050,2/3/2025,Divya E,Hyderabad,Bike,Contract,4.32,N
DP10673,1/8/2025,Meena Y,Pune,Scooter,Full-time,4.41,Y
DP07216,1/22/2025,Rahul E,Mumbai,Scooter,Full-time,4.2,Y
DP00167,1/2/2025,Rahul B,Ahmedabad,Bike,Part-time,4.42,Y
DP08028,1/15/2025,Shreya V,Delhi,Bike,Full-time,4.23,Y
DP13294,1/3/2025,Priya S,Bengaluru,Bike,Part-time,4.23,Y
DP12988,1/2/2025,Meena K,Ahmedabad,Bike,Part-time,4.23,Y
DP02533,1/7/2025,Priya T,Ahmedabad,Scooter,Part-time,4.32,N
DP02321,1/21/2025,Deepak K,Chennai,Scooter,Full-time,4.3,Y
DP03412,12/13/2024,Kiran E,Bengaluru,Scooter,Full-time,4,Y
DP06076,1/7/2025,Ananya W,Pune,Scooter,Full-time,3.87,Y
DP11049,1/13/2025,Priya M,Kolkata,Scooter,Full-time,4.87,Y
DP04626,1/16/2025,Priya M,Kolkata,Bike,Part-time,3.99,Y
DP09493,1/11/2025,Nikhil D,Hyderabad,Car,Contract,4.35,Y
DP12706,1/9/2025,Ananya X,Mumbai,Scooter,Part-time,4.34,Y
DP05899,1/24/2025,Rahul S,Ahmedabad,Scooter,Full-time,4.61,Y
DP08885,1/15/2025,Sneha M,Hyderabad,Bike,Full-time,4.61,Y
DP03410,1/20/2025,Santosh Y,Delhi,Bike,Part-time,3.85,Y
DP07802,1/23/2025,Shreya C,Mumbai,Bike,Full-time,4.1,Y
DP10761,1/13/2025,Arjun Y,Bengaluru,Cycle,Contract,4.22,Y
DP03264,12/31/2024,Amit Y,Bengaluru,Scooter,Full-time,3.77,Y
DP02805,1/21/2025,Amit H,Bengaluru,Scooter,Part-time,4.12,Y
DP02032,1/21/2025,Meena U,Delhi,Scooter,Full-time,4.68,Y
DP05526,1/20/2025,Rakesh Q,Delhi,Bike,Full-time,4.16,Y
DP08343,1/3/2025,Vikas P,Kolkata,Scooter,Full-time,4.33,Y
DP12612,1/21/2025,Manoj C,Delhi,Cycle,Part-time,3.6,Y
DP01682,1/18/2025,Amit J,Bengaluru,Car,Contract,3.92,Y
DP09077,1/15/2025,Nikhil Z,Bengaluru,Bike,Part-time,3.9,N
DP10597,1/17/2025,Santosh T,Kolkata,Bike,Part-time,4.31,Y
DP13161,1/19/2025,Priya V,Bengaluru,Scooter,Full-time,3.87,Y
DP02726,12/28/2024,Vikas R,Mumbai,Scooter,Full-time,3.97,Y
DP09368,1/2/2025,Kiran W,Chennai,Cycle,Part-time,4.58,N
DP05309,1/18/2025,Sneha R,Pune,Cycle,Full-time,4.74,Y
DP04619,1/18/2025,Kiran H,Chennai,Scooter,Part-time,4.76,Y
DP02693,1/3/2025,Kiran K,Pune,Scooter,Contract,3.95,Y
DP02033,1/23/2025,Deepak G,Hyderabad,Bike,Part-time,3.97,Y
DP14709,1/15/2025,Sneha W,Ahmedabad,Scooter,Full-time,3.84,N
DP12125,12/24/2024,Sneha V,Bengaluru,Bike,Full-time,4.27,Y
DP01070,1/10/2025,Rakesh S,Chennai,Scooter,Part-time,4.07,N
DP08095,1/22/2025,Arjun M,Bengaluru,Bike,Full-time,4.37,Y
DP12675,1/19/2025,Divya C,Mumbai,Scooter,Full-time,3.77,Y
DP13249,2/6/2025,Sneha E,Mumbai,Scooter,Full-time,4.42,Y
DP11789,1/19/2025,Santosh Y,Chennai,Cycle,Part-time,4.7,Y
DP06170,1/16/2025,Vikas A,Pune,Scooter,Part-time,4.19,Y
DP04234,1/23/2025,Vikas A,Delhi,Bike,Contract,4.35,Y
DP02793,1/13/2025,Arjun Y,Mumbai,Bike,Part-time,3.95,Y
DP04064,1/17/2025,Vikas I,Kolkata,Scooter,Part-time,4.05,Y
DP05084,1/20/2025,Nikhil X,Bengaluru,Scooter,Contract,3.99,Y
DP03665,1/15/2025,Ravi M,Mumbai,Scooter,Contract,3.63,Y
DP02675,1/6/2025,Manoj Y,Delhi,Cycle,Contract,4.99,Y
DP00272,1/13/2025,Ananya A,Mumbai,Scooter,Contract,4.21,Y
DP05698,12/19/2024,Ananya Q,Ahmedabad,Bike,Full-time,4.25,Y
DP09959,1/19/2025,Suresh M,Bengaluru,Cycle,Full-time,3.65,Y
DP02196,1/15/2025,Neha T,Delhi,Scooter,Contract,4.03,Y
DP05215,1/12/2025,Deepak O,Ahmedabad,Scooter,Full-time,4.34,Y
DP05986,1/8/2025,Ananya G,Kolkata,Bike,Part-time,4.14,Y
DP00409,1/10/2025,Manoj F,Mumbai,Scooter,Part-time,4.46,Y
DP07327,1/23/2025,Pooja C,Bengaluru,Scooter,Full-time,4.05,Y
DP10573,1/22/2025,Rahul Z,Bengaluru,Bike,Full-time,3.81,N
DP08390,1/20/2025,Manoj N,Mumbai,Bike,Full-time,4.49,Y
DP11867,1/21/2025,Shreya N,Bengaluru,Scooter,Full-time,3.75,N
DP12511,1/21/2025,Divya B,Pune,Scooter,Full-time,4.41,Y
DP14290,1/3/2025,Rakesh X,Bengaluru,Scooter,Full-time,3.95,Y
DP10161,1/19/2025,Arjun H,Chennai,Car,Full-time,4.5,Y
DP10600,1/16/2025,Shreya F,Delhi,Cycle,Full-time,4.17,Y
DP05237,1/3/2025,Santosh V,Bengaluru,Cycle,Contract,4.57,Y
DP13517,1/2/2025,Divya P,Delhi,Bike,Full-time,4.44,Y
DP02944,1/8/2025,Deepak S,Delhi,Scooter,Part-time,4.24,Y
DP14391,1/14/2025,Shreya O,Mumbai,Car,Part-time,4.51,Y
DP14598,1/14/2025,Arjun D,Kolkata,Bike,Part-time,4.03,Y
DP12553,12/14/2024,Ananya R,Bengaluru,Scooter,Part-time,3.93,Y
DP04299,1/20/2025,Pooja H,Bengaluru,Bike,Full-time,4.26,Y
DP00513,1/14/2025,Divya C,Mumbai,Scooter,Full-time,4.12,Y
DP05154,1/18/2025,Suresh V,Delhi,Bike,Contract,4.27,Y
DP04466,1/16/2025,Priya V,Bengaluru,Bike,Contract,3.57,Y
DP13425,12/31/2024,Ananya H,Delhi,Bike,Part-time,4.5,Y
DP05574,1/21/2025,Suresh B,Hyderabad,Scooter,Contract,3.44,Y
DP10871,1/23/2025,Vikas W,Ahmedabad,Scooter,Full-time,4.16,Y
DP09651,1/8/2025,Kiran S,Bengaluru,Cycle,Full-time,4.18,Y
DP09749,1/19/2025,Vikas O,Chennai,Bike,Contract,4.16,Y
DP02840,1/16/2025,Priya S,Mumbai,Bike,Contract,3.94,Y
DP00638,12/20/2024,Manoj T,Pune,Scooter,Full-time,3.81,Y
DP02090,1/14/2025,Neha R,Pune,Scooter,Full-time,4.84,Y
DP05106,4/15/2025,Rahul O,Bengaluru,Scooter,Contract,4.2,Y
DP12972,1/19/2025,Suresh F,Delhi,Scooter,Part-time,3.91,Y
DP08499,1/13/2025,Sneha S,Kolkata,Scooter,Part-time,3.82,Y
DP11723,1/15/2025,Neha I,Mumbai,Bike,Full-time,4.25,N
DP08643,1/11/2025,Rahul T,Mumbai,Scooter,Part-time,4.24,Y
DP04796,1/18/2025,Manoj U,Kolkata,Scooter,Full-time,4.48,Y
DP01364,1/9/2025,Priya V,Kolkata,Bike,Full-time,4.38,Y
DP12782,1/21/2025,Ravi M,Chennai,Scooter,Part-time,4.46,Y
DP03261,1/5/2025,Divya P,Chennai,Bike,Full-time,3.96,Y
DP04465,12/24/2024,Kiran J,Mumbai,Bike,Full-time,4.07,Y
DP14086,1/10/2025,Divya Q,Hyderabad,Bike,Full-time,4.03,N
DP13017,1/6/2025,Santosh H,Kolkata,Bike,Full-time,4.31,Y
DP01569,1/9/2025,Deepak D,Delhi,Scooter,Part-time,4.53,Y
DP06573,1/19/2025,Sneha S,Mumbai,Cycle,Full-time,3.94,Y
DP07903,1/15/2025,Arjun Z,Ahmedabad,Scooter,Contract,4.23,Y
DP14602,1/15/2025,Pooja X,Mumbai,Car,Contract,4.96,Y
DP11304,1/8/2025,Pooja G,Delhi,Scooter,Full-time,4.4,N
DP00507,1/20/2025,Ananya X,Hyderabad,Scooter,Part-time,3.54,Y
DP00794,2/2/2025,Pooja L,Delhi,Bike,Part-time,4.16,Y
DP09412,2/1/2025,Rakesh F,Pune,Bike,Full-time,3.91,Y
DP02492,1/15/2025,Suresh Q,Ahmedabad,Cycle,Part-time,4.07,Y
DP06343,12/24/2024,Neha T,Delhi,Bike,Full-time,4.36,N
DP13194,1/14/2025,Deepak P,Chennai,Cycle,Part-time,4.25,Y
DP05195,1/28/2025,Vikas F,Hyderabad,Bike,Full-time,4.38,Y
DP03982,1/20/2025,Deepak I,Delhi,Car,Full-time,4.13,N
DP07691,1/17/2025,Rakesh N,Bengaluru,Scooter,Full-time,3.99,Y
DP10029,1/11/2025,Meena R,Ahmedabad,Cycle,Part-time,4.24,Y
DP09996,1/17/2025,Meena M,Bengaluru,Bike,Full-time,3.73,Y
DP14799,1/16/2025,Sneha W,Bengaluru,Bike,Full-time,4.22,Y
DP11333,1/6/2025,Shreya I,Mumbai,Bike,Part-time,3.97,N
DP02025,1/13/2025,Priya H,Chennai,Cycle,Contract,4.2,Y
DP01137,1/19/2025,Kiran S,Mumbai,Scooter,Full-time,5,Y
DP05576,12/31/2024,Vikas B,Pune,Bike,Full-time,4.05,Y
DP05049,1/20/2025,Neha E,Bengaluru,Bike,Part-time,4.05,Y
DP08252,1/24/2025,Divya J,Mumbai,Scooter,Full-time,4.48,Y
DP02513,1/2/2025,Manoj Q,Bengaluru,Scooter,Contract,4.05,Y
DP12771,1/9/2025,Priya J,Bengaluru,Cycle,Full-time,4.33,Y
DP10849,12/31/2024,Deepak M,Kolkata,Scooter,Contract,4.41,Y
DP04118,1/15/2025,Pooja Y,Pune,Bike,Part-time,4.05,Y
DP01570,1/22/2025,Priya R,Chennai,Scooter,Contract,4.36,Y
DP04327,12/28/2024,Amit P,Pune,Scooter,Contract,3.84,Y
DP14091,2/6/2025,Vikas E,Chennai,Scooter,Full-time,4.89,Y
DP05836,1/13/2025,Manoj L,Delhi,Bike,Full-time,4.23,Y
DP11523,1/8/2025,Kiran I,Kolkata,Bike,Part-time,3.92,Y
DP12246,3/29/2025,Rakesh A,Chennai,Cycle,Contract,3.96,Y
DP13287,1/18/2025,Santosh J,Kolkata,Bike,Full-time,4.64,Y
DP00743,1/19/2025,Rahul Z,Bengaluru,Scooter,Full-time,4.01,Y
DP14565,12/21/2024,Pooja J,Delhi,Car,Part-time,4.78,Y
DP14479,1/13/2025,Sneha N,Bengaluru,Scooter,Part-time,4.24,Y
DP03091,1/8/2025,Deepak R,Kolkata,Scooter,Part-time,4.2,Y
DP10606,1/19/2025,Santosh H,Kolkata,Bike,Part-time,4.08,Y
DP01053,1/23/2025,Rakesh Y,Bengaluru,Bike,Part-time,4.58,Y
DP00406,1/15/2025,Pooja B,Delhi,Scooter,Full-time,4.21,Y
DP01829,1/7/2025,Divya N,Kolkata,Bike,Part-time,4,Y
DP14765,1/27/2025,Vikas B,Mumbai,Scooter,Full-time,4.51,Y
DP08503,1/14/2025,Ravi U,Pune,Bike,Contract,4.17,Y
DP14983,1/3/2025,Pooja T,Bengaluru,Bike,Contract,3.69,Y
DP10242,1/17/2025,Divya G,Bengaluru,Bike,Contract,4.17,N
DP11977,1/18/2025,Ananya K,Bengaluru,Scooter,Part-time,4.46,Y
DP06267,1/23/2025,Neha K,Delhi,Scooter,Full-time,4.69,Y
DP09747,1/21/2025,Sneha I,Mumbai,Bike,Part-time,3.95,Y
DP06520,1/8/2025,Meena U,Delhi,Bike,Full-time,4.29,Y
DP09719,1/10/2025,Nikhil N,Mumbai,Car,Part-time,4.02,Y
DP09053,1/17/2025,Amit E,Chennai,Cycle,Part-time,4.29,Y
DP12022,1/8/2025,Arjun V,Delhi,Bike,Part-time,3.67,Y
DP12938,1/4/2025,Amit B,Mumbai,Bike,Full-time,4.3,Y
DP08689,1/8/2025,Vikas V,Mumbai,Scooter,Full-time,3.71,Y
DP00074,1/21/2025,Priya X,Chennai,Bike,Part-time,3.95,N
DP08455,1/10/2025,Rahul A,Kolkata,Scooter,Full-time,4.26,Y
DP05586,12/24/2024,Sneha H,Pune,Bike,Part-time,4.21,N
DP01145,1/18/2025,Ravi A,Delhi,Scooter,Part-time,4.4,Y
DP10120,1/21/2025,Sneha L,Mumbai,Bike,Part-time,4.19,Y
DP02956,1/4/2025,Pooja J,Ahmedabad,Scooter,Part-time,3.91,Y
DP04084,1/23/2025,Nikhil L,Delhi,Car,Full-time,4.36,Y
DP10042,12/31/2024,Rakesh Q,Bengaluru,Scooter,Contract,4.31,N
DP02076,1/20/2025,Kiran X,Bengaluru,Cycle,Contract,4.24,Y
DP09988,1/18/2025,Amit J,Hyderabad,Bike,Full-time,3.88,Y
DP09974,1/14/2025,Rahul N,Pune,Scooter,Full-time,4.36,Y
DP11191,1/2/2025,Vikas O,Bengaluru,Scooter,Full-time,4.31,Y
DP13787,12/25/2024,Kiran S,Mumbai,Bike,Full-time,4.35,Y
DP05162,1/20/2025,Santosh L,Bengaluru,Scooter,Part-time,4.17,Y
DP10324,12/26/2024,Priya Z,Pune,Scooter,Full-time,3.76,Y
DP11660,1/14/2025,Amit I,Pune,Cycle,Full-time,3.76,Y
DP04434,1/19/2025,Amit T,Hyderabad,Scooter,Full-time,3.98,Y
DP10801,1/5/2025,Deepak B,Delhi,Bike,Full-time,3.62,Y
DP10074,1/14/2025,Priya Q,Hyderabad,Scooter,Contract,4.04,Y
DP13413,1/21/2025,Kiran R,Bengaluru,Bike,Contract,4.13,N
DP11364,1/7/2025,Pooja N,Pune,Car,Part-time,3.52,Y
DP06405,1/21/2025,Divya L,Mumbai,Bike,Contract,3.89,Y
DP05400,12/25/2024,Divya Y,Kolkata,Cycle,Full-time,4.04,Y
DP05469,1/16/2025,Ravi J,Bengaluru,Scooter,Full-time,3.58,Y
DP03215,1/13/2025,Ananya E,Delhi,Scooter,Contract,4.66,Y
DP08521,1/24/2025,Sneha F,Delhi,Bike,Full-time,4.06,Y
DP14377,12/30/2024,Divya N,Bengaluru,Bike,Contract,3.84,Y
DP12570,1/23/2025,Vikas W,Hyderabad,Car,Full-time,4.46,Y
DP14194,1/5/2025,Vikas D,Kolkata,Cycle,Part-time,4.23,Y
DP05550,1/22/2025,Nikhil X,Hyderabad,Bike,Full-time,4.21,Y
DP07382,1/22/2025,Priya D,Bengaluru,Bike,Full-time,4.22,Y
DP12256,12/17/2024,Santosh P,Kolkata,Scooter,Full-time,3.6,Y
DP13613,12/19/2024,Meena E,Mumbai,Bike,Part-time,4.27,Y
DP10736,1/3/2025,Amit K,Hyderabad,Bike,Part-time,4.6,N
DP03627,1/16/2025,Santosh X,Mumbai,Scooter,Full-time,4.87,Y
DP09636,1/18/2025,Neha N,Delhi,Scooter,Part-time,4.01,N
DP01717,12/17/2024,Ravi Z,Mumbai,Cycle,Full-time,4.59,Y
DP00107,1/24/2025,Neha U,Mumbai,Bike,Full-time,4.57,Y
DP07019,1/21/2025,Pooja B,Kolkata,Bike,Part-time,4.32,Y
DP14071,12/31/2024,Neha Y,Mumbai,Cycle,Full-time,4,N
DP04161,1/7/2025,Divya T,Ahmedabad,Bike,Part-time,3.93,N
DP03040,12/21/2024,Ravi M,Kolkata,Cycle,Full-time,4.34,Y
DP09221,1/15/2025,Ravi T,Pune,Scooter,Part-time,4.33,Y
DP13215,1/24/2025,Ananya Y,Delhi,Cycle,Full-time,4.17,Y
DP01771,1/9/2025,Arjun X,Ahmedabad,Scooter,Contract,4.44,N
DP03676,1/26/2025,Vikas J,Mumbai,Bike,Full-time,4.61,Y
DP05771,1/17/2025,Nikhil L,Bengaluru,Scooter,Full-time,4.15,Y
DP10479,1/28/2025,Priya K,Mumbai,Bike,Part-time,4.51,Y
DP07648,1/15/2025,Neha C,Kolkata,Bike,Full-time,4.35,Y
DP10306,12/23/2024,Amit O,Bengaluru,Cycle,Full-time,4.1,Y
DP13872,1/19/2025,Santosh Q,Bengaluru,Scooter,Full-time,4.01,Y
DP13933,1/21/2025,Santosh G,Bengaluru,Cycle,Full-time,4.7,Y
DP06287,1/22/2025,Divya H,Bengaluru,Cycle,Contract,3.94,Y
DP03065,1/10/2025,Ravi F,Ahmedabad,Scooter,Part-time,4.04,N
DP08026,1/15/2025,Rahul U,Bengaluru,Bike,Full-time,4.24,Y
DP02204,1/15/2025,Arjun P,Hyderabad,Bike,Part-time,4.28,Y
DP07303,2/12/2025,Arjun L,Mumbai,Bike,Part-time,4.32,Y
DP01325,1/4/2025,Rakesh H,Delhi,Scooter,Part-time,4.3,Y
DP09431,1/14/2025,Rahul C,Chennai,Scooter,Full-time,4.55,Y
DP05741,1/25/2025,Rahul A,Bengaluru,Cycle,Full-time,4.51,Y
DP12019,1/19/2025,Santosh F,Bengaluru,Bike,Full-time,4.18,Y
DP12887,1/22/2025,Nikhil O,Mumbai,Bike,Part-time,3.58,Y
DP07716,1/19/2025,Suresh V,Hyderabad,Bike,Part-time,4.69,Y
DP04024,1/17/2025,Ananya G,Delhi,Scooter,Full-time,4.31,Y
DP14030,1/12/2025,Sneha O,Hyderabad,Scooter,Part-time,4.47,Y
DP10491,1/20/2025,Ravi K,Bengaluru,Scooter,Full-time,3.66,Y
DP06323,1/22/2025,Priya I,Hyderabad,Bike,Part-time,4.23,Y
DP13607,1/14/2025,Rahul W,Kolkata,Bike,Full-time,4.08,Y
DP07937,1/21/2025,Divya P,Delhi,Bike,Full-time,4.21,Y
DP10130,1/20/2025,Nikhil F,Delhi,Scooter,Contract,4.29,Y
DP13269,1/16/2025,Ravi T,Delhi,Bike,Part-time,4.51,Y
DP02765,1/15/2025,Deepak M,Ahmedabad,Bike,Contract,4.21,Y
DP02789,2/13/2025,Rahul T,Pune,Bike,Part-time,4.06,Y
DP07475,1/25/2025,Neha M,Delhi,Bike,Full-time,4.36,N
DP06246,1/13/2025,Ravi L,Chennai,Bike,Full-time,4.34,Y
DP05330,1/16/2025,Meena B,Mumbai,Bike,Contract,4.36,Y
DP11994,12/28/2024,Santosh W,Kolkata,Bike,Contract,3.96,Y
DP13582,1/13/2025,Pooja J,Hyderabad,Scooter,Full-time,3.55,Y
DP11936,1/9/2025,Santosh M,Mumbai,Car,Full-time,4.01,Y
DP05731,12/30/2024,Divya W,Bengaluru,Scooter,Part-time,4.38,Y
DP10137,1/23/2025,Priya V,Bengaluru,Bike,Full-time,4.33,Y
DP02914,1/21/2025,Ananya P,Kolkata,Bike,Part-time,4.13,Y
DP11800,1/12/2025,Ananya L,Hyderabad,Bike,Full-time,3.99,N
DP08959,1/25/2025,Rakesh R,Ahmedabad,Bike,Part-time,4.24,N
DP09106,1/20/2025,Ravi N,Chennai,Car,Part-time,4.08,Y
DP10277,1/10/2025,Pooja H,Mumbai,Scooter,Contract,4.67,Y
DP03716,1/18/2025,Arjun R,Kolkata,Scooter,Part-time,4.5,Y
DP09464,1/9/2025,Ravi A,Bengaluru,Bike,Full-time,4.72,Y
DP04300,1/18/2025,Manoj H,Hyderabad,Bike,Full-time,4.33,N
DP07629,1/16/2025,Vikas R,Chennai,Car,Part-time,3.87,N
DP12760,1/5/2025,Kiran V,Hyderabad,Cycle,Part-time,3.87,Y
DP05594,3/26/2025,Ananya H,Delhi,Bike,Full-time,3.94,Y
DP05846,1/13/2025,Rahul U,Delhi,Bike,Part-time,3.99,N
DP09537,1/13/2025,Neha M,Pune,Bike,Full-time,4.4,Y
DP10363,1/21/2025,Arjun T,Delhi,Bike,Part-time,4.4,N
DP14943,1/18/2025,Nikhil Y,Kolkata,Scooter,Full-time,4.3,Y
DP14714,1/15/2025,Deepak I,Hyderabad,Bike,Contract,4.41,Y
DP08671,12/21/2024,Ananya B,Delhi,Bike,Full-time,4.46,Y
DP07238,1/14/2025,Santosh L,Mumbai,Bike,Part-time,4.14,Y
DP13136,1/4/2025,Suresh D,Delhi,Bike,Contract,4.24,Y
DP13652,1/22/2025,Suresh T,Mumbai,Cycle,Part-time,4.12,Y
DP00477,1/23/2025,Arjun C,Bengaluru,Bike,Full-time,4.32,Y
DP10098,1/9/2025,Deepak R,Hyderabad,Scooter,Part-time,4.5,Y
DP03933,12/27/2024,Manoj T,Bengaluru,Scooter,Full-time,4.16,Y
DP12583,1/14/2025,Divya I,Kolkata,Scooter,Full-time,4.55,Y
DP01697,1/20/2025,Rakesh H,Bengaluru,Cycle,Contract,4.61,Y
DP00929,1/10/2025,Rahul I,Pune,Scooter,Part-time,3.88,Y
DP14933,1/18/2025,Shreya F,Bengaluru,Cycle,Full-time,3.77,Y
DP09443,1/17/2025,Pooja W,Delhi,Scooter,Full-time,4.35,Y
DP14982,1/20/2025,Ravi B,Hyderabad,Scooter,Part-time,4.26,Y
DP06316,1/8/2025,Deepak W,Chennai,Bike,Full-time,4.51,Y
DP10257,12/19/2024,Ravi M,Mumbai,Scooter,Full-time,3.84,Y
DP12549,12/16/2024,Santosh N,Delhi,Bike,Part-time,3.62,N
DP08768,1/14/2025,Kiran W,Pune,Bike,Full-time,4.34,N
DP04881,1/16/2025,Neha J,Kolkata,Scooter,Full-time,3.82,Y
DP13539,1/15/2025,Kiran G,Bengaluru,Scooter,Contract,4.02,Y
DP12080,1/8/2025,Shreya W,Delhi,Bike,Contract,4.53,Y
DP11032,1/23/2025,Divya R,Delhi,Scooter,Part-time,4.46,N
DP10944,1/23/2025,Ananya X,Ahmedabad,Car,Full-time,4.23,Y
DP00110,1/4/2025,Shreya H,Mumbai,Scooter,Full-time,4.45,Y
DP07945,1/21/2025,Suresh U,Chennai,Bike,Full-time,4.12,Y
DP10395,1/20/2025,Deepak D,Delhi,Scooter,Part-time,4.23,Y
DP07029,2/5/2025,Vikas E,Pune,Bike,Full-time,4.5,Y
DP11656,12/21/2024,Kiran L,Mumbai,Scooter,Contract,4.42,Y
DP04929,12/30/2024,Manoj A,Kolkata,Scooter,Full-time,4.16,N
DP12272,12/19/2024,Manoj R,Pune,Cycle,Full-time,3.94,N
DP03358,1/16/2025,Deepak M,Bengaluru,Bike,Contract,4.64,Y
DP06712,1/21/2025,Ananya Q,Hyderabad,Bike,Full-time,3.83,Y
DP06996,1/7/2025,Meena Z,Hyderabad,Scooter,Part-time,4.22,Y
DP11212,1/10/2025,Suresh Y,Hyderabad,Scooter,Part-time,3.61,Y
DP07224,1/17/2025,Santosh R,Hyderabad,Bike,Full-time,4.5,Y
DP01390,1/17/2025,Amit O,Pune,Bike,Contract,4.19,Y
DP06482,1/22/2025,Ravi E,Bengaluru,Cycle,Full-time,3.33,Y
DP03614,1/5/2025,Amit X,Bengaluru,Scooter,Full-time,3.9,Y
DP00953,1/10/2025,Arjun M,Kolkata,Bike,Part-time,4.2,Y
DP05548,1/25/2025,Pooja S,Delhi,Scooter,Part-time,4.16,Y
DP04613,1/8/2025,Rakesh U,Bengaluru,Bike,Full-time,4.22,Y
DP13566,1/24/2025,Priya C,Mumbai,Scooter,Full-time,4.17,Y
DP08931,3/17/2025,Pooja W,Mumbai,Scooter,Full-time,4.32,Y
DP10422,1/22/2025,Ananya I,Ahmedabad,Bike,Part-time,4.28,Y
DP10320,1/28/2025,Meena X,Kolkata,Scooter,Part-time,4.58,Y
DP14953,1/22/2025,Neha Z,Hyderabad,Scooter,Full-time,3.97,N
DP02917,1/4/2025,Divya L,Mumbai,Scooter,Part-time,4.64,Y
DP03983,1/16/2025,Divya R,Bengaluru,Scooter,Part-time,3.88,Y
DP11084,1/10/2025,Shreya Q,Mumbai,Scooter,Contract,4.17,N
DP00305,1/16/2025,Vikas X,Ahmedabad,Cycle,Full-time,4.34,Y
DP03247,12/23/2024,Pooja N,Delhi,Car,Part-time,4.69,Y
DP11167,1/15/2025,Priya I,Kolkata,Scooter,Contract,4,N
DP02846,12/31/2024,Suresh I,Mumbai,Bike,Part-time,4.43,Y
DP12216,1/8/2025,Rakesh B,Bengaluru,Scooter,Contract,3.6,Y
DP05447,1/28/2025,Divya K,Bengaluru,Bike,Part-time,4.03,Y
DP00999,1/7/2025,Meena R,Chennai,Scooter,Full-time,3.72,N
DP06945,1/17/2025,Priya F,Ahmedabad,Bike,Full-time,4.52,Y
DP14579,1/12/2025,Santosh W,Mumbai,Bike,Contract,3.99,Y
DP14589,1/18/2025,Manoj B,Mumbai,Cycle,Full-time,4.15,Y
DP07231,1/22/2025,Deepak I,Hyderabad,Cycle,Full-time,4.92,Y
DP10477,1/16/2025,Ananya R,Bengaluru,Bike,Contract,4.34,Y
DP03635,1/10/2025,Arjun G,Delhi,Car,Part-time,4.54,Y
DP12559,1/17/2025,Rakesh S,Chennai,Scooter,Contract,3.64,Y
DP06692,1/19/2025,Shreya O,Chennai,Bike,Full-time,3.87,Y
DP04742,1/14/2025,Shreya R,Mumbai,Cycle,Part-time,4.21,Y
DP03871,1/21/2025,Sneha C,Bengaluru,Cycle,Full-time,3.99,N
DP13935,1/17/2025,Priya D,Kolkata,Scooter,Part-time,3.98,Y
DP07637,1/19/2025,Neha X,Bengaluru,Bike,Part-time,4.6,Y
DP13039,1/15/2025,Manoj R,Delhi,Scooter,Full-time,4.27,Y
DP12390,2/22/2025,Sneha R,Mumbai,Bike,Full-time,4.3,Y
DP05249,1/18/2025,Meena D,Kolkata,Scooter,Part-time,4.08,Y
DP13717,12/24/2024,Ananya C,Bengaluru,Bike,Full-time,4.25,Y
DP09040,12/25/2024,Shreya I,Bengaluru,Bike,Full-time,4.33,Y
DP01006,1/23/2025,Amit X,Bengaluru,Bike,Part-time,3.96,Y
DP02689,1/23/2025,Santosh Q,Hyderabad,Cycle,Full-time,3.69,Y
DP11650,1/21/2025,Manoj R,Delhi,Scooter,Full-time,3.23,Y
DP03921,1/21/2025,Pooja C,Ahmedabad,Bike,Full-time,4.53,Y
DP05279,3/9/2025,Pooja D,Delhi,Bike,Full-time,4.15,Y
DP05107,12/22/2024,Neha W,Bengaluru,Scooter,Part-time,4.37,Y
DP08958,1/27/2025,Deepak G,Bengaluru,Bike,Full-time,3.92,Y
DP05652,1/8/2025,Vikas Q,Mumbai,Scooter,Contract,4.5,Y
DP04340,1/18/2025,Ravi G,Mumbai,Bike,Full-time,4.15,Y
DP04686,1/18/2025,Rakesh G,Kolkata,Scooter,Full-time,4.07,Y
DP13477,1/14/2025,Divya L,Bengaluru,Bike,Full-time,3.94,Y
DP04033,1/14/2025,Kiran F,Delhi,Bike,Contract,4.32,N
DP14228,1/22/2025,Shreya R,Bengaluru,Bike,Full-time,3.9,Y
DP02774,1/23/2025,Manoj Z,Hyderabad,Car,Part-time,4.31,Y
DP12071,1/9/2025,Manoj C,Mumbai,Bike,Full-time,3.89,Y
DP14986,1/11/2025,Ravi N,Ahmedabad,Scooter,Part-time,3.73,Y
DP09557,1/23/2025,Ananya J,Hyderabad,Bike,Contract,4.32,Y
DP14652,1/18/2025,Rahul I,Mumbai,Bike,Full-time,4.28,Y
DP14441,12/26/2024,Meena R,Chennai,Cycle,Part-time,4.63,N
DP04797,1/16/2025,Kiran C,Mumbai,Car,Full-time,4.84,Y
DP06672,1/8/2025,Meena S,Ahmedabad,Scooter,Full-time,3.75,Y
DP08609,1/3/2025,Rahul D,Bengaluru,Scooter,Full-time,3.85,Y
DP03605,1/8/2025,Manoj N,Chennai,Scooter,Full-time,4.23,Y
DP08436,1/7/2025,Divya T,Hyderabad,Bike,Full-time,4.32,Y
DP01185,1/22/2025,Sneha F,Mumbai,Scooter,Part-time,4.39,Y
DP10001,1/17/2025,Suresh M,Ahmedabad,Scooter,Full-time,4.31,Y
DP01640,1/10/2025,Ananya G,Hyderabad,Scooter,Full-time,4.57,Y
DP00367,1/22/2025,Rahul U,Mumbai,Bike,Full-time,4.36,N
DP09457,1/5/2025,Deepak J,Hyderabad,Cycle,Full-time,4.01,N
DP13957,1/12/2025,Ravi L,Pune,Bike,Full-time,3.98,N
DP01852,1/9/2025,Santosh T,Bengaluru,Scooter,Part-time,3.94,Y
DP01176,1/4/2025,Shreya P,Hyderabad,Scooter,Part-time,3.8,N
DP04261,1/21/2025,Shreya A,Mumbai,Scooter,Part-time,3.97,Y
DP04743,1/15/2025,Nikhil T,Bengaluru,Bike,Full-time,3.96,Y
DP01890,1/24/2025,Suresh U,Ahmedabad,Bike,Part-time,3.98,Y
DP07906,12/19/2024,Kiran M,Delhi,Scooter,Full-time,4.68,Y
DP08486,1/20/2025,Kiran I,Hyderabad,Bike,Full-time,4.38,Y
DP01307,1/13/2025,Manoj M,Chennai,Scooter,Part-time,4.83,Y
DP00497,1/24/2025,Santosh L,Delhi,Bike,Part-time,4.55,Y
DP09578,1/9/2025,Rahul S,Delhi,Cycle,Part-time,4.23,Y
DP14112,1/23/2025,Suresh I,Ahmedabad,Bike,Full-time,4.31,N
DP11810,1/23/2025,Manoj Q,Bengaluru,Scooter,Full-time,3.5,Y
DP08023,1/20/2025,Nikhil X,Bengaluru,Scooter,Part-time,3.7,N
DP05641,1/14/2025,Manoj L,Delhi,Scooter,Part-time,4.16,Y
DP06290,12/18/2024,Manoj L,Ahmedabad,Scooter,Full-time,3.92,Y
DP06354,1/16/2025,Divya P,Mumbai,Scooter,Full-time,4.36,Y
DP02812,12/24/2024,Suresh C,Chennai,Car,Full-time,4.34,Y
DP10504,1/9/2025,Vikas K,Ahmedabad,Scooter,Full-time,4.19,Y
DP13171,1/23/2025,Nikhil X,Chennai,Scooter,Full-time,3.59,Y
DP03232,1/19/2025,Pooja H,Mumbai,Cycle,Part-time,4.12,Y
DP09066,1/19/2025,Ananya C,Pune,Scooter,Full-time,4.03,Y
DP10698,1/24/2025,Kiran H,Bengaluru,Cycle,Part-time,3.62,Y
DP03735,1/15/2025,Nikhil E,Bengaluru,Bike,Part-time,4.25,Y
DP09681,1/13/2025,Ravi F,Delhi,Scooter,Full-time,3.86,Y
DP01500,1/21/2025,Kiran Z,Bengaluru,Cycle,Full-time,4.27,Y
DP11975,1/21/2025,Santosh N,Pune,Scooter,Part-time,4.09,Y
DP07350,1/16/2025,Pooja U,Chennai,Scooter,Full-time,3.48,Y
DP07750,1/20/2025,Neha U,Ahmedabad,Scooter,Part-time,4.22,Y
DP14507,12/29/2024,Neha C,Bengaluru,Bike,Full-time,4.53,Y
DP07494,1/20/2025,Arjun B,Kolkata,Cycle,Full-time,4.39,Y
DP12296,2/8/2025,Arjun O,Ahmedabad,Scooter,Part-time,4.29,Y
DP13635,12/26/2024,Rahul T,Delhi,Cycle,Full-time,4.33,Y
DP06630,1/9/2025,Manoj M,Bengaluru,Bike,Part-time,4.34,Y
DP12054,1/3/2025,Sneha I,Mumbai,Car,Part-time,4.21,Y
DP11672,1/23/2025,Suresh C,Chennai,Cycle,Contract,4.44,Y
DP12667,1/9/2025,Ravi B,Hyderabad,Scooter,Full-time,4.24,Y
DP08784,1/21/2025,Priya D,Bengaluru,Scooter,Part-time,3.92,Y
DP12631,1/20/2025,Pooja W,Kolkata,Bike,Part-time,4.32,Y
DP13986,1/23/2025,Vikas F,Mumbai,Scooter,Full-time,4.56,N
DP03119,1/12/2025,Pooja D,Ahmedabad,Scooter,Part-time,4.14,N
DP11127,3/4/2025,Priya E,Delhi,Cycle,Full-time,4.19,N
DP14802,1/19/2025,Divya O,Bengaluru,Cycle,Part-time,3.87,Y
DP10587,1/10/2025,Pooja M,Hyderabad,Bike,Full-time,4.31,Y
DP12704,1/17/2025,Ravi B,Kolkata,Scooter,Full-time,4.06,Y
DP07095,1/18/2025,Rakesh X,Delhi,Bike,Contract,4.14,Y
DP01032,1/25/2025,Priya E,Hyderabad,Scooter,Part-time,4.53,Y
DP04138,2/6/2025,Deepak D,Hyderabad,Bike,Contract,4.45,Y
DP11350,1/19/2025,Ananya Z,Mumbai,Bike,Part-time,3.7,Y
DP05601,1/9/2025,Ravi P,Mumbai,Cycle,Full-time,4.01,Y
DP11322,1/18/2025,Rahul X,Hyderabad,Cycle,Part-time,3.99,Y
DP14549,1/9/2025,Neha J,Mumbai,Bike,Full-time,3.43,Y
DP00630,12/29/2024,Amit L,Delhi,Bike,Contract,4.12,Y
DP14561,1/22/2025,Deepak F,Hyderabad,Bike,Contract,4.18,Y
DP07968,1/25/2025,Meena N,Mumbai,Scooter,Full-time,4.55,Y
DP10912,1/24/2025,Santosh J,Chennai,Bike,Part-time,4.48,Y
DP01449,1/18/2025,Suresh J,Delhi,Bike,Full-time,4.26,Y
DP04940,12/30/2024,Pooja S,Mumbai,Scooter,Part-time,4.67,Y
DP05699,1/10/2025,Nikhil X,Mumbai,Scooter,Part-time,4.22,Y
DP04196,12/20/2024,Kiran C,Kolkata,Bike,Part-time,4.53,Y
DP09218,1/15/2025,Deepak L,Kolkata,Scooter,Part-time,4.5,N
DP02476,1/7/2025,Pooja T,Delhi,Bike,Full-time,3.94,Y
DP00872,1/21/2025,Sneha N,Ahmedabad,Scooter,Contract,4.19,Y
DP12065,1/2/2025,Sneha J,Delhi,Bike,Full-time,3.8,Y
DP02368,1/12/2025,Neha L,Delhi,Scooter,Full-time,4.12,Y
DP02050,1/18/2025,Divya F,Delhi,Cycle,Contract,4.58,Y
DP00670,12/21/2024,Divya G,Delhi,Scooter,Part-time,4.25,Y
DP03965,1/18/2025,Ravi M,Mumbai,Scooter,Full-time,4.42,Y
DP01851,1/21/2025,Nikhil E,Kolkata,Car,Part-time,4.16,Y
DP07676,1/21/2025,Suresh Z,Bengaluru,Bike,Part-time,4.15,Y
DP05908,1/8/2025,Sneha D,Bengaluru,Scooter,Full-time,3.85,Y
DP11157,1/23/2025,Deepak F,Mumbai,Scooter,Part-time,4.2,Y
DP10039,1/12/2025,Santosh F,Mumbai,Scooter,Contract,4.46,Y
DP06054,1/20/2025,Priya Y,Pune,Cycle,Full-time,4.38,Y
DP13960,1/25/2025,Suresh G,Bengaluru,Bike,Part-time,4.4,Y
DP13104,1/18/2025,Manoj J,Mumbai,Scooter,Part-time,3.97,Y
DP13751,1/11/2025,Ananya T,Chennai,Scooter,Full-time,4.23,Y
DP07624,1/13/2025,Priya C,Ahmedabad,Bike,Part-time,4.42,Y
DP10604,1/10/2025,Vikas J,Delhi,Scooter,Part-time,4.71,Y
DP12420,1/18/2025,Suresh E,Bengaluru,Bike,Full-time,4.26,Y
DP13195,12/23/2024,Rakesh E,Bengaluru,Scooter,Full-time,4.62,Y
DP01895,1/21/2025,Ravi G,Bengaluru,Bike,Part-time,4.13,Y
DP14185,1/22/2025,Divya O,Delhi,Bike,Contract,4.15,Y
DP01643,1/8/2025,Santosh L,Delhi,Scooter,Full-time,3.77,Y
DP01210,1/24/2025,Nikhil R,Hyderabad,Scooter,Full-time,3.99,Y
DP14340,1/14/2025,Pooja L,Mumbai,Car,Full-time,4.08,Y
DP02031,1/20/2025,Rakesh B,Pune,Cycle,Full-time,4.37,Y
DP09515,1/12/2025,Deepak U,Mumbai,Cycle,Contract,4.33,Y
DP14300,1/19/2025,Vikas Z,Bengaluru,Bike,Part-time,4.26,Y
DP06381,1/20/2025,Shreya C,Mumbai,Scooter,Full-time,3.78,N
DP06107,1/23/2025,Manoj K,Mumbai,Scooter,Contract,4.09,N
DP07048,1/8/2025,Pooja V,Mumbai,Scooter,Part-time,4.48,Y
DP11269,1/22/2025,Suresh L,Pune,Scooter,Contract,3.88,Y
DP00941,1/8/2025,Nikhil F,Bengaluru,Scooter,Full-time,3.99,Y
DP13909,1/5/2025,Suresh U,Mumbai,Scooter,Full-time,4.31,Y
DP11250,1/13/2025,Manoj K,Kolkata,Bike,Contract,3.82,Y
DP02034,1/26/2025,Meena Z,Delhi,Scooter,Contract,4.17,Y
DP05198,1/19/2025,Shreya X,Bengaluru,Bike,Full-time,4.02,Y
DP05745,1/11/2025,Arjun J,Chennai,Scooter,Contract,4.27,Y
DP12803,1/8/2025,Manoj K,Mumbai,Scooter,Part-time,4.25,Y
DP06411,1/19/2025,Vikas J,Mumbai,Bike,Full-time,4.21,Y
DP06245,1/11/2025,Rakesh B,Mumbai,Scooter,Part-time,4.21,Y
DP13284,1/5/2025,Rakesh N,Bengaluru,Bike,Full-time,4.54,Y
DP07330,1/13/2025,Suresh U,Chennai,Scooter,Contract,4.19,Y
DP02916,1/21/2025,Ravi U,Kolkata,Bike,Full-time,4.02,Y
DP13107,1/26/2025,Pooja O,Ahmedabad,Bike,Contract,4.46,Y
DP03538,1/21/2025,Divya Y,Chennai,Cycle,Full-time,4.9,N
DP02013,1/24/2025,Meena D,Bengaluru,Scooter,Part-time,4.69,Y
DP09611,1/1/2025,Meena W,Hyderabad,Cycle,Contract,4.05,Y
DP14490,1/3/2025,Priya Z,Bengaluru,Bike,Part-time,4.04,Y
DP03070,1/25/2025,Manoj K,Bengaluru,Cycle,Full-time,3.98,Y
DP01069,1/17/2025,Rahul S,Pune,Scooter,Part-time,4.42,Y
DP11735,1/15/2025,Neha N,Delhi,Car,Full-time,4.71,Y
DP03221,1/24/2025,Divya Q,Hyderabad,Bike,Full-time,4.11,N
DP02494,1/18/2025,Deepak O,Mumbai,Scooter,Full-time,4.08,Y
DP12363,1/14/2025,Rakesh P,Kolkata,Scooter,Full-time,3.76,Y
DP01229,1/13/2025,Sneha V,Bengaluru,Scooter,Full-time,3.91,Y
DP09259,1/20/2025,Rahul M,Bengaluru,Bike,Part-time,3.91,Y
DP06662,12/10/2024,Suresh P,Ahmedabad,Scooter,Contract,4.37,Y
DP01499,1/14/2025,Vikas X,Hyderabad,Bike,Part-time,3.75,Y
DP09885,1/10/2025,Santosh G,Mumbai,Scooter,Part-time,4.51,Y
DP11602,1/19/2025,Rahul P,Delhi,Car,Full-time,4.02,Y
DP09322,1/4/2025,Sneha O,Mumbai,Bike,Full-time,4.49,Y
DP06639,12/29/2024,Ananya O,Bengaluru,Bike,Part-time,4.34,Y
DP11526,1/13/2025,Shreya U,Kolkata,Scooter,Full-time,4.17,Y
DP05002,1/15/2025,Kiran N,Delhi,Scooter,Full-time,4.32,Y
DP00559,1/22/2025,Divya W,Bengaluru,Cycle,Full-time,3.89,Y
DP11482,2/7/2025,Ravi G,Chennai,Bike,Full-time,4.2,N
DP04154,1/22/2025,Rakesh V,Chennai,Bike,Full-time,4.02,Y
DP09473,1/18/2025,Divya W,Chennai,Bike,Full-time,4.39,Y
DP08723,1/16/2025,Shreya U,Mumbai,Scooter,Full-time,4.48,Y
DP02355,1/18/2025,Manoj E,Bengaluru,Scooter,Part-time,4.24,N
DP05419,1/23/2025,Amit J,Bengaluru,Scooter,Full-time,3.4,Y
DP09230,12/21/2024,Pooja D,Kolkata,Scooter,Contract,4.1,N
DP01004,1/8/2025,Neha M,Bengaluru,Scooter,Part-time,4.04,N
DP01401,1/22/2025,Manoj A,Kolkata,Bike,Full-time,4.35,Y
DP00521,1/12/2025,Ravi X,Mumbai,Scooter,Part-time,4.19,Y
DP06179,1/25/2025,Deepak R,Pune,Scooter,Contract,3.9,Y
DP10314,12/26/2024,Vikas K,Bengaluru,Scooter,Full-time,3.77,Y
DP08140,1/15/2025,Santosh T,Bengaluru,Bike,Part-time,4.5,Y
DP00859,12/25/2024,Sneha A,Kolkata,Bike,Contract,4.27,Y
DP13205,12/27/2024,Sneha D,Bengaluru,Scooter,Full-time,4.11,Y
DP03005,1/21/2025,Ananya R,Bengaluru,Bike,Part-time,4.11,Y
DP12799,1/23/2025,Sneha J,Pune,Car,Contract,4.54,Y
DP10773,1/24/2025,Rahul Y,Hyderabad,Scooter,Part-time,4.25,Y
DP07543,1/17/2025,Nikhil E,Mumbai,Cycle,Contract,4.25,Y
DP10913,1/25/2025,Santosh C,Kolkata,Bike,Full-time,4.06,Y
DP03027,1/26/2025,Shreya K,Bengaluru,Bike,Contract,4.22,Y
DP07900,1/22/2025,Rakesh R,Kolkata,Cycle,Full-time,4.04,Y
DP14372,1/16/2025,Amit N,Mumbai,Bike,Full-time,4.98,N
DP04319,12/29/2024,Shreya Y,Hyderabad,Bike,Full-time,4.32,Y
DP02486,1/19/2025,Divya R,Delhi,Cycle,Part-time,4.03,Y
DP07395,1/15/2025,Manoj J,Chennai,Scooter,Full-time,4.25,Y
DP09082,2/7/2025,Amit U,Mumbai,Scooter,Contract,3.77,Y
DP05153,1/8/2025,Nikhil G,Mumbai,Scooter,Full-time,3.98,Y
DP09112,1/16/2025,Rahul A,Ahmedabad,Bike,Full-time,4.08,Y
DP03087,1/22/2025,Arjun Z,Kolkata,Bike,Full-time,4.38,Y
DP10859,1/22/2025,Suresh T,Pune,Scooter,Part-time,4.23,Y
DP01342,1/24/2025,Ravi B,Chennai,Scooter,Full-time,4.3,Y
DP01080,1/22/2025,Nikhil P,Pune,Scooter,Full-time,3.63,Y
DP08892,1/22/2025,Sneha P,Bengaluru,Scooter,Full-time,4.21,N
DP02609,1/25/2025,Kiran F,Bengaluru,Car,Part-time,4.14,Y
DP00026,1/25/2025,Amit Z,Delhi,Bike,Full-time,3.84,Y
DP04395,1/10/2025,Manoj Z,Delhi,Scooter,Full-time,3.86,Y
DP04404,12/22/2024,Santosh V,Hyderabad,Bike,Full-time,4.18,Y
DP13025,1/7/2025,Vikas B,Bengaluru,Scooter,Contract,4.17,Y
DP13427,1/12/2025,Meena O,Mumbai,Scooter,Full-time,4.07,Y
DP12130,1/24/2025,Santosh R,Bengaluru,Bike,Contract,4.09,Y
DP11982,1/18/2025,Pooja U,Delhi,Scooter,Full-time,4.16,N
DP00972,1/15/2025,Ravi O,Kolkata,Bike,Full-time,4.61,Y
DP06541,1/23/2025,Santosh Z,Delhi,Bike,Full-time,3.72,Y
DP13347,1/25/2025,Shreya V,Pune,Bike,Full-time,4.26,Y
DP02038,1/25/2025,Sneha U,Mumbai,Scooter,Full-time,4.25,Y
DP03188,12/21/2024,Rahul J,Mumbai,Cycle,Full-time,4.17,Y
DP02070,1/25/2025,Ananya E,Hyderabad,Bike,Part-time,4.1,Y
DP05411,1/23/2025,Sneha K,Bengaluru,Cycle,Full-time,3.8,N
DP03963,1/18/2025,Priya Y,Ahmedabad,Scooter,Contract,4.69,Y
DP07975,1/1/2025,Sneha X,Bengaluru,Bike,Part-time,4.49,Y
DP11066,12/28/2024,Pooja A,Mumbai,Cycle,Part-time,4.49,Y
DP07352,1/8/2025,Meena L,Bengaluru,Bike,Full-time,4.54,Y
DP11447,12/29/2024,Priya U,Bengaluru,Bike,Part-time,4.09,Y
DP10495,1/21/2025,Sneha T,Mumbai,Scooter,Full-time,4.49,Y
DP13655,1/11/2025,Divya A,Bengaluru,Scooter,Full-time,4.64,Y
DP08917,12/31/2024,Deepak L,Delhi,Cycle,Part-time,4.58,Y
DP07681,1/17/2025,Deepak W,Bengaluru,Scooter,Full-time,3.9,Y
DP13855,1/20/2025,Pooja M,Bengaluru,Bike,Full-time,4.14,Y
DP13410,1/11/2025,Nikhil T,Bengaluru,Cycle,Full-time,4.59,Y
DP13351,1/7/2025,Meena R,Hyderabad,Cycle,Full-time,3.84,Y
DP02353,1/22/2025,Deepak V,Bengaluru,Bike,Full-time,3.58,N
DP13054,1/26/2025,Pooja J,Chennai,Bike,Contract,3.49,Y
DP08775,1/19/2025,Ananya P,Hyderabad,Bike,Full-time,3.87,Y
DP08865,1/15/2025,Nikhil F,Bengaluru,Scooter,Full-time,4.43,Y
DP04012,1/25/2025,Deepak B,Mumbai,Bike,Part-time,3.82,N
DP02894,12/31/2024,Shreya T,Bengaluru,Scooter,Full-time,4.26,Y
DP12423,1/9/2025,Suresh O,Delhi,Bike,Full-time,4.13,Y
DP12714,1/29/2025,Amit S,Mumbai,Bike,Part-time,4.37,Y
DP00536,1/22/2025,Nikhil K,Bengaluru,Scooter,Part-time,3.87,Y
DP01373,1/20/2025,Pooja G,Chennai,Cycle,Full-time,4.26,Y
DP08047,1/3/2025,Pooja L,Mumbai,Bike,Part-time,4.12,Y
DP09126,1/18/2025,Nikhil U,Bengaluru,Cycle,Full-time,3.6,Y
DP03751,1/11/2025,Priya Y,Mumbai,Scooter,Part-time,4.21,Y
DP13451,12/29/2024,Ravi W,Ahmedabad,Scooter,Full-time,4.05,Y
DP13887,1/22/2025,Manoj R,Chennai,Bike,Full-time,4.12,Y
DP00066,1/18/2025,Vikas E,Hyderabad,Scooter,Part-time,4.28,Y
DP12637,1/19/2025,Divya C,Mumbai,Scooter,Full-time,3.88,Y
DP08467,1/22/2025,Ravi K,Hyderabad,Scooter,Part-time,4.47,Y
DP00495,1/17/2025,Pooja T,Bengaluru,Scooter,Full-time,3.94,Y
DP03776,1/18/2025,Rakesh G,Delhi,Scooter,Full-time,3.97,Y
DP03765,12/21/2024,Arjun I,Mumbai,Scooter,Part-time,4.83,Y
DP09771,1/10/2025,Amit N,Pune,Bike,Part-time,4.28,Y
DP14264,1/24/2025,Pooja N,Delhi,Bike,Part-time,4.53,Y
DP11945,1/11/2025,Rakesh Y,Kolkata,Bike,Full-time,4.1,Y
DP06609,1/15/2025,Sneha W,Mumbai,Scooter,Part-time,4.3,Y
DP09358,1/24/2025,Priya V,Delhi,Scooter,Part-time,4.09,Y
DP13106,1/18/2025,Nikhil W,Bengaluru,Bike,Full-time,4.41,N
DP13797,1/24/2025,Vikas H,Delhi,Cycle,Full-time,4.51,Y
DP14684,1/12/2025,Ravi U,Bengaluru,Car,Full-time,4.04,Y
DP01561,1/23/2025,Priya M,Mumbai,Car,Full-time,4.25,Y
DP03000,1/18/2025,Sneha M,Pune,Bike,Contract,4.48,Y
DP12439,1/9/2025,Vikas S,Bengaluru,Cycle,Full-time,4.43,Y
DP04696,1/2/2025,Santosh C,Bengaluru,Car,Full-time,4.28,Y
DP04826,1/24/2025,Neha Y,Kolkata,Scooter,Full-time,4.36,Y
DP07983,1/20/2025,Meena O,Bengaluru,Bike,Full-time,4.13,Y
DP03139,1/22/2025,Amit W,Chennai,Bike,Full-time,4.89,Y
DP03117,1/21/2025,Ravi X,Mumbai,Scooter,Full-time,3.97,Y
DP07511,1/25/2025,Neha E,Chennai,Scooter,Full-time,3.85,N
DP09141,1/20/2025,Manoj D,Kolkata,Scooter,Contract,4.68,N
DP02116,1/23/2025,Neha R,Hyderabad,Cycle,Part-time,4.3,N
DP08173,1/22/2025,Priya S,Delhi,Bike,Contract,4.19,Y
DP05693,1/20/2025,Ravi A,Bengaluru,Cycle,Part-time,3.94,N
DP02657,1/21/2025,Rahul C,Chennai,Cycle,Full-time,4.16,Y
DP03514,1/8/2025,Rakesh O,Bengaluru,Cycle,Contract,3.73,Y
DP05493,1/17/2025,Santosh C,Pune,Scooter,Full-time,3.94,N
DP12710,1/16/2025,Sneha Z,Bengaluru,Car,Part-time,4.23,Y
DP09496,1/5/2025,Amit Z,Kolkata,Scooter,Full-time,4.26,Y
DP13033,1/10/2025,Manoj B,Bengaluru,Bike,Full-time,4.09,Y
DP03939,12/24/2024,Neha C,Hyderabad,Scooter,Full-time,3.69,Y
DP13261,1/18/2025,Kiran P,Mumbai,Cycle,Part-time,4.18,Y
DP12536,1/8/2025,Rahul I,Hyderabad,Scooter,Part-time,4.56,Y
DP08198,1/22/2025,Kiran F,Kolkata,Bike,Part-time,4.66,Y
DP10462,3/4/2025,Sneha P,Mumbai,Scooter,Contract,3.96,Y
DP07885,1/24/2025,Suresh W,Ahmedabad,Bike,Part-time,4.3,Y
DP06913,1/13/2025,Ravi Q,Ahmedabad,Scooter,Full-time,3.99,Y
DP10549,1/24/2025,Sneha W,Delhi,Bike,Full-time,4.38,Y
DP14630,3/7/2025,Divya V,Ahmedabad,Bike,Contract,3.83,N
DP11834,1/22/2025,Santosh T,Mumbai,Cycle,Full-time,4.01,Y
DP14137,1/17/2025,Priya K,Bengaluru,Cycle,Full-time,3.87,Y
DP08759,1/25/2025,Sneha E,Mumbai,Cycle,Part-time,4.1,Y
DP13192,1/7/2025,Kiran K,Hyderabad,Cycle,Full-time,4.66,Y
DP06629,1/14/2025,Ananya O,Delhi,Bike,Contract,4.55,N
DP10963,1/22/2025,Rakesh U,Bengaluru,Bike,Part-time,4.3,N
DP02137,1/20/2025,Pooja M,Hyderabad,Scooter,Full-time,4.35,Y
DP02358,1/13/2025,Sneha G,Mumbai,Scooter,Full-time,3.83,Y
DP08092,1/14/2025,Rahul I,Kolkata,Scooter,Full-time,4.04,Y
DP08100,1/22/2025,Meena L,Mumbai,Cycle,Full-time,3.3,Y
DP12038,1/24/2025,Priya L,Pune,Bike,Part-time,4.12,Y
DP01787,1/15/2025,Meena F,Kolkata,Scooter,Full-time,4.24,Y
DP13537,1/22/2025,Santosh J,Bengaluru,Bike,Part-time,4.23,Y
DP08370,1/8/2025,Pooja N,Chennai,Bike,Full-time,3.98,Y
DP08009,1/23/2025,Shreya E,Delhi,Cycle,Full-time,4.1,Y
DP02902,1/12/2025,Santosh C,Ahmedabad,Bike,Part-time,4.04,Y
DP14166,1/25/2025,Nikhil F,Delhi,Bike,Part-time,4.14,Y
DP04727,1/13/2025,Kiran S,Bengaluru,Cycle,Full-time,3.96,Y
DP04277,1/19/2025,Priya H,Delhi,Cycle,Part-time,4.2,Y
DP13434,1/22/2025,Santosh M,Mumbai,Car,Contract,4.11,Y
DP09591,1/14/2025,Suresh H,Delhi,Scooter,Full-time,4.26,Y
DP10149,1/7/2025,Santosh Q,Mumbai,Cycle,Part-time,4.3,Y
DP01921,1/19/2025,Deepak Z,Bengaluru,Bike,Part-time,4,Y
DP06994,1/20/2025,Neha J,Kolkata,Scooter,Full-time,4.28,Y
DP00046,1/27/2025,Santosh R,Bengaluru,Scooter,Full-time,4.18,Y
DP09406,1/20/2025,Ravi P,Delhi,Cycle,Full-time,3.85,Y
DP09096,1/1/2025,Meena T,Delhi,Scooter,Full-time,4.13,Y
DP03493,1/11/2025,Santosh A,Pune,Car,Full-time,4.28,Y
DP08778,1/19/2025,Sneha D,Pune,Scooter,Full-time,3.79,Y
DP00032,1/4/2025,Amit O,Kolkata,Scooter,Full-time,4.62,Y
DP05443,1/9/2025,Divya U,Ahmedabad,Scooter,Part-time,4.12,Y
DP04180,2/14/2025,Ananya Q,Mumbai,Cycle,Part-time,3.83,Y
DP05067,1/15/2025,Sneha T,Kolkata,Cycle,Full-time,4.07,Y
DP01949,12/26/2024,Vikas W,Bengaluru,Bike,Full-time,4.24,Y
DP00656,1/29/2025,Deepak V,Pune,Scooter,Part-time,4.34,Y
DP11217,1/4/2025,Priya P,Bengaluru,Scooter,Full-time,4.88,Y
DP06925,12/21/2024,Sneha G,Bengaluru,Scooter,Part-time,4.34,Y
DP00613,1/2/2025,Ravi U,Delhi,Cycle,Part-time,4.12,Y
DP05580,1/9/2025,Meena D,Delhi,Scooter,Contract,4.24,N
DP07979,1/23/2025,Priya I,Mumbai,Bike,Full-time,3.73,Y
DP02366,1/24/2025,Suresh M,Kolkata,Bike,Full-time,3.61,Y
DP10721,1/26/2025,Meena V,Bengaluru,Car,Part-time,3.89,Y
DP08124,1/8/2025,Santosh X,Ahmedabad,Scooter,Part-time,4.34,Y
DP08304,1/11/2025,Ananya Y,Delhi,Scooter,Full-time,3.71,N
DP12528,1/24/2025,Manoj F,Bengaluru,Scooter,Full-time,4.14,Y
DP09152,1/5/2025,Shreya L,Ahmedabad,Bike,Full-time,4.15,N
DP14023,1/14/2025,Suresh U,Bengaluru,Bike,Full-time,4.28,Y
DP14657,1/17/2025,Amit U,Bengaluru,Scooter,Part-time,4.27,Y
DP00394,1/22/2025,Rahul V,Mumbai,Scooter,Full-time,4.59,Y
DP12630,1/22/2025,Ravi S,Hyderabad,Cycle,Full-time,4.29,Y
DP08495,1/6/2025,Ravi Z,Hyderabad,Scooter,Contract,3.98,Y
DP08445,1/13/2025,Ravi C,Kolkata,Bike,Full-time,3.77,N
DP14345,1/18/2025,Manoj D,Delhi,Scooter,Full-time,4.45,Y
DP06197,1/21/2025,Ravi Q,Hyderabad,Scooter,Contract,4.47,Y
DP08828,1/21/2025,Deepak E,Delhi,Bike,Contract,3.87,Y
DP10127,1/24/2025,Rahul F,Mumbai,Bike,Full-time,4.27,Y
DP06448,1/14/2025,Deepak T,Ahmedabad,Scooter,Contract,4.24,Y
DP13311,1/27/2025,Rahul K,Chennai,Scooter,Contract,4.21,Y
DP06421,1/24/2025,Neha J,Bengaluru,Cycle,Part-time,4.62,N
DP04893,1/16/2025,Rahul O,Delhi,Bike,Contract,3.91,Y
DP08558,1/14/2025,Vikas Q,Kolkata,Scooter,Part-time,4.16,Y
DP08967,1/21/2025,Ananya E,Mumbai,Scooter,Contract,4.33,N
DP08197,1/27/2025,Shreya D,Hyderabad,Bike,Full-time,4.22,Y
DP02312,2/7/2025,Priya U,Delhi,Scooter,Full-time,4.1,Y
DP09528,1/13/2025,Shreya M,Delhi,Scooter,Full-time,4.18,Y
DP05519,1/1/2025,Amit J,Bengaluru,Bike,Full-time,4.52,N
DP14862,1/24/2025,Priya S,Kolkata,Scooter,Full-time,4.58,Y
DP09869,1/5/2025,Deepak D,Delhi,Bike,Full-time,4.31,Y
DP01196,1/5/2025,Neha D,Hyderabad,Scooter,Part-time,4.57,Y
DP08256,2/9/2025,Meena H,Hyderabad,Bike,Full-time,4.47,Y
DP07638,1/20/2025,Kiran C,Mumbai,Scooter,Full-time,3.54,Y
DP10024,1/19/2025,Ananya Y,Kolkata,Scooter,Full-time,4.81,Y
DP11261,2/3/2025,Kiran S,Mumbai,Bike,Full-time,3.77,Y
DP11060,1/19/2025,Suresh S,Kolkata,Scooter,Full-time,4.09,Y
DP09777,1/11/2025,Sneha Q,Delhi,Scooter,Part-time,4.35,Y
DP00959,1/28/2025,Pooja N,Pune,Scooter,Contract,4.34,Y
DP14793,12/19/2024,Suresh A,Pune,Bike,Part-time,4.36,Y
DP08595,1/14/2025,Ananya I,Bengaluru,Cycle,Contract,4.21,Y
DP03341,1/26/2025,Sneha P,Mumbai,Cycle,Contract,3.69,N
DP11384,1/19/2025,Kiran B,Bengaluru,Cycle,Part-time,4.11,Y
DP03770,1/14/2025,Ananya A,Bengaluru,Bike,Full-time,4.25,Y
DP03400,1/24/2025,Vikas S,Hyderabad,Scooter,Full-time,3.98,Y
DP10945,1/8/2025,Deepak T,Bengaluru,Bike,Full-time,3.88,Y
DP04428,1/16/2025,Priya M,Kolkata,Car,Part-time,4.32,Y
DP04932,1/12/2025,Priya M,Chennai,Scooter,Part-time,4.35,Y
DP04766,1/24/2025,Deepak G,Mumbai,Scooter,Contract,4.37,Y
DP02511,12/26/2024,Pooja D,Bengaluru,Scooter,Contract,4.05,Y
DP02227,1/25/2025,Santosh M,Bengaluru,Scooter,Contract,4.33,Y
DP08153,1/25/2025,Pooja M,Mumbai,Cycle,Full-time,4.04,Y
DP13375,12/29/2024,Divya V,Pune,Bike,Full-time,4.08,N
DP07220,12/29/2024,Shreya F,Chennai,Bike,Full-time,4.64,N
DP02053,1/14/2025,Vikas K,Bengaluru,Scooter,Full-time,3.84,Y
DP11222,1/7/2025,Meena M,Delhi,Scooter,Full-time,4.23,Y
DP07626,1/24/2025,Suresh C,Bengaluru,Bike,Full-time,3.73,Y
DP10067,12/17/2024,Neha D,Bengaluru,Cycle,Full-time,3.96,Y
DP08365,1/20/2025,Kiran M,Bengaluru,Bike,Full-time,3.97,Y
DP11230,1/18/2025,Nikhil H,Pune,Scooter,Contract,3.8,Y
DP05340,1/21/2025,Rakesh W,Ahmedabad,Scooter,Full-time,4.4,Y
DP05544,1/23/2025,Arjun P,Pune,Car,Part-time,4.04,Y
DP08988,1/13/2025,Ravi T,Pune,Bike,Full-time,4.27,Y
DP06513,1/15/2025,Santosh O,Ahmedabad,Bike,Full-time,4.53,Y
DP13996,1/18/2025,Priya U,Delhi,Bike,Full-time,4.06,Y
DP13833,1/15/2025,Suresh A,Bengaluru,Bike,Contract,4.47,Y
DP10000,1/24/2025,Santosh U,Hyderabad,Bike,Full-time,3.71,Y
DP09750,1/8/2025,Pooja Y,Ahmedabad,Scooter,Full-time,4.52,Y
DP06379,1/17/2025,Rahul X,Ahmedabad,Scooter,Part-time,4.41,Y
DP01900,1/13/2025,Neha S,Bengaluru,Scooter,Part-time,4.16,Y
DP04417,1/4/2025,Sneha Q,Bengaluru,Cycle,Full-time,4.83,Y
DP12695,1/25/2025,Rakesh P,Mumbai,Bike,Full-time,4.2,Y
DP02510,1/18/2025,Divya O,Ahmedabad,Bike,Full-time,3.98,Y
DP03705,1/6/2025,Meena I,Delhi,Bike,Full-time,4.2,Y
DP14801,1/18/2025,Neha G,Hyderabad,Car,Part-time,4.78,Y
DP14726,1/13/2025,Deepak C,Ahmedabad,Scooter,Full-time,4.01,Y
DP04609,1/18/2025,Kiran R,Bengaluru,Scooter,Full-time,4.27,Y
DP11495,1/4/2025,Kiran E,Chennai,Bike,Contract,4.36,Y
DP14426,1/20/2025,Shreya I,Chennai,Scooter,Full-time,4.14,Y
DP05616,12/25/2024,Arjun W,Mumbai,Bike,Full-time,3.79,Y
DP06173,1/12/2025,Rahul S,Mumbai,Bike,Part-time,4.11,Y
DP08442,1/19/2025,Amit B,Bengaluru,Car,Part-time,4.7,Y
DP14751,1/17/2025,Neha Y,Delhi,Scooter,Full-time,4.19,N
DP00516,1/22/2025,Priya N,Hyderabad,Bike,Part-time,4.08,Y
DP01172,12/25/2024,Neha C,Chennai,Cycle,Full-time,4.5,Y
DP13904,1/26/2025,Meena X,Chennai,Cycle,Full-time,4.49,Y
DP11154,1/22/2025,Arjun Z,Hyderabad,Cycle,Full-time,3.52,Y
DP06116,1/12/2025,Ananya A,Chennai,Scooter,Contract,4.21,Y
DP09200,1/22/2025,Arjun R,Chennai,Cycle,Part-time,3.69,Y
DP11987,1/16/2025,Kiran Y,Delhi,Scooter,Part-time,4.25,N
DP04492,1/14/2025,Vikas J,Bengaluru,Bike,Part-time,4.58,Y
DP05990,1/17/2025,Rahul I,Delhi,Cycle,Full-time,4.31,Y
DP07596,1/18/2025,Santosh R,Bengaluru,Bike,Full-time,4.85,Y
DP00202,1/23/2025,Ananya S,Delhi,Scooter,Full-time,4.46,Y
DP08250,1/18/2025,Manoj X,Delhi,Bike,Part-time,4.27,Y
DP07144,1/22/2025,Ananya Z,Delhi,Scooter,Part-time,4.25,Y
DP03860,1/16/2025,Manoj X,Ahmedabad,Bike,Contract,4.01,Y
DP08587,1/18/2025,Kiran O,Delhi,Scooter,Contract,4.29,Y
DP08942,1/22/2025,Priya H,Bengaluru,Bike,Part-time,3.65,Y
DP05441,1/22/2025,Ravi Q,Delhi,Car,Contract,4.35,Y
DP00330,1/15/2025,Shreya V,Mumbai,Cycle,Contract,4.57,Y
DP09927,1/19/2025,Suresh D,Pune,Car,Contract,4.36,Y
DP08493,2/19/2025,Deepak W,Chennai,Scooter,Full-time,3.49,N
DP12723,1/23/2025,Pooja P,Hyderabad,Bike,Full-time,4.27,Y
DP03643,1/23/2025,Suresh R,Bengaluru,Scooter,Full-time,4.45,Y
DP11175,1/21/2025,Nikhil V,Hyderabad,Bike,Full-time,4.22,Y
DP09579,1/2/2025,Suresh J,Bengaluru,Scooter,Full-time,3.82,Y
DP06673,1/19/2025,Rakesh K,Bengaluru,Bike,Full-time,3.87,Y
DP02680,1/22/2025,Amit A,Kolkata,Bike,Part-time,3.89,Y
DP13684,12/30/2024,Vikas D,Pune,Bike,Full-time,4.03,Y
DP00685,1/6/2025,Santosh O,Mumbai,Bike,Contract,4.27,Y
DP12736,1/27/2025,Ananya V,Delhi,Bike,Full-time,4.23,Y
DP08371,1/25/2025,Shreya J,Ahmedabad,Bike,Contract,4.59,Y
DP09295,1/23/2025,Sneha L,Pune,Cycle,Full-time,3.84,Y
DP02870,1/25/2025,Meena K,Pune,Car,Full-time,4.54,Y
DP02042,1/21/2025,Vikas Z,Chennai,Bike,Full-time,4,Y
DP05155,1/25/2025,Kiran I,Bengaluru,Scooter,Full-time,4.27,Y
DP05463,1/22/2025,Amit E,Bengaluru,Scooter,Full-time,4.66,N
DP07349,1/10/2025,Suresh T,Mumbai,Scooter,Full-time,4.29,Y
DP11751,1/23/2025,Kiran T,Kolkata,Bike,Full-time,4.61,Y
DP10984,2/14/2025,Ravi L,Pune,Scooter,Full-time,3.84,Y
DP10406,1/12/2025,Neha X,Mumbai,Car,Part-time,4.41,Y
DP10331,1/23/2025,Vikas I,Pune,Scooter,Full-time,4.13,Y
DP11427,2/19/2025,Rakesh L,Bengaluru,Scooter,Contract,4.43,Y
DP04446,1/19/2025,Nikhil R,Delhi,Bike,Full-time,4.31,Y
DP08416,1/16/2025,Manoj U,Kolkata,Bike,Part-time,3.84,Y
DP13018,1/14/2025,Suresh Q,Delhi,Cycle,Contract,4.58,Y
DP08670,1/23/2025,Pooja P,Chennai,Scooter,Full-time,3.78,Y
DP08391,1/17/2025,Ravi V,Ahmedabad,Scooter,Part-time,4.36,Y
DP10444,1/25/2025,Manoj U,Mumbai,Cycle,Part-time,4.47,Y
DP00090,1/17/2025,Santosh O,Bengaluru,Scooter,Part-time,4,N
DP07953,1/18/2025,Nikhil M,Bengaluru,Scooter,Full-time,3.72,Y
DP08303,1/22/2025,Kiran E,Chennai,Scooter,Full-time,4.44,Y
DP07636,1/1/2025,Nikhil N,Bengaluru,Bike,Contract,4.37,N
DP10790,1/13/2025,Suresh K,Kolkata,Bike,Part-time,4.21,Y
DP02739,1/18/2025,Deepak E,Delhi,Scooter,Part-time,4.24,Y
DP05057,1/3/2025,Amit N,Pune,Scooter,Full-time,3.62,Y
DP14278,1/18/2025,Santosh Q,Pune,Bike,Full-time,4.33,Y
DP09752,1/8/2025,Suresh J,Chennai,Bike,Full-time,4.28,Y
DP09918,1/21/2025,Priya W,Hyderabad,Scooter,Contract,4.18,Y
DP05742,1/26/2025,Arjun F,Hyderabad,Cycle,Contract,4.15,N
DP03116,1/18/2025,Suresh O,Chennai,Bike,Full-time,3.73,N
DP14866,1/13/2025,Suresh W,Kolkata,Scooter,Part-time,4.01,Y
DP02480,1/20/2025,Sneha S,Chennai,Scooter,Full-time,3.89,Y
DP12042,1/18/2025,Shreya Q,Ahmedabad,Cycle,Part-time,3.97,N
DP07991,1/22/2025,Santosh N,Hyderabad,Cycle,Full-time,4.13,Y
DP00892,1/21/2025,Suresh H,Bengaluru,Scooter,Part-time,4.26,Y
DP03585,1/17/2025,Suresh H,Mumbai,Scooter,Contract,4.27,Y
DP02735,1/11/2025,Rakesh B,Bengaluru,Bike,Part-time,4.41,Y
DP08915,1/25/2025,Neha J,Ahmedabad,Bike,Full-time,3.92,Y
DP05043,1/10/2025,Shreya L,Delhi,Scooter,Full-time,4.23,Y
DP05563,1/22/2025,Sneha I,Ahmedabad,Cycle,Full-time,4.05,Y
DP07405,12/1/2024,Nikhil Y,Bengaluru,Bike,Part-time,4.41,Y
DP03003,1/18/2025,Amit I,Mumbai,Cycle,Full-time,4.39,Y
DP09735,1/22/2025,Neha Y,Chennai,Bike,Full-time,4.54,Y
DP02673,1/14/2025,Priya Y,Delhi,Scooter,Full-time,3.97,Y
DP08089,1/24/2025,Deepak U,Chennai,Scooter,Full-time,4.46,Y
DP13225,1/12/2025,Vikas J,Hyderabad,Scooter,Part-time,3.31,Y
DP13212,1/23/2025,Priya X,Bengaluru,Cycle,Part-time,4.14,Y
DP03644,1/28/2025,Manoj A,Pune,Cycle,Part-time,4.73,Y
DP10302,1/22/2025,Rakesh U,Kolkata,Scooter,Part-time,4.17,N
DP11054,1/18/2025,Manoj G,Chennai,Bike,Contract,4.94,Y
DP12721,1/15/2025,Vikas Y,Ahmedabad,Scooter,Contract,4.11,Y
DP08822,1/26/2025,Nikhil N,Mumbai,Bike,Full-time,4.07,N
DP10044,1/26/2025,Suresh D,Delhi,Scooter,Contract,3.85,Y
DP13949,1/18/2025,Arjun D,Mumbai,Scooter,Full-time,3.86,Y
DP12544,1/21/2025,Suresh A,Delhi,Scooter,Full-time,4.21,Y
DP14052,1/28/2025,Manoj D,Bengaluru,Bike,Full-time,4.13,Y
DP00592,1/21/2025,Nikhil M,Kolkata,Bike,Full-time,4.18,Y
DP08938,1/25/2025,Deepak U,Delhi,Scooter,Part-time,4.03,Y
DP00501,1/23/2025,Ananya T,Delhi,Car,Contract,4.06,Y
DP07451,1/14/2025,Nikhil B,Chennai,Bike,Contract,4,Y
DP03973,1/24/2025,Meena K,Bengaluru,Scooter,Part-time,3.97,N
DP03667,3/9/2025,Ravi Y,Hyderabad,Scooter,Full-time,4.03,Y
DP00237,1/25/2025,Pooja E,Chennai,Bike,Contract,3.88,Y
DP04880,1/17/2025,Ananya Z,Chennai,Scooter,Full-time,3.55,N
DP03757,1/15/2025,Kiran V,Bengaluru,Bike,Full-time,4.1,Y
DP01421,1/27/2025,Amit M,Bengaluru,Bike,Part-time,4.14,Y
DP05303,1/25/2025,Amit A,Delhi,Cycle,Part-time,4.02,Y
DP08620,1/26/2025,Vikas U,Delhi,Scooter,Full-time,3.85,N
DP01488,1/1/2025,Ravi R,Delhi,Scooter,Part-time,3.85,Y
DP10648,1/21/2025,Neha H,Kolkata,Car,Contract,4.34,Y
DP04230,1/17/2025,Kiran Q,Delhi,Bike,Part-time,4.2,Y
DP00717,1/12/2025,Rakesh G,Hyderabad,Scooter,Part-time,3.98,Y
DP07817,1/24/2025,Arjun I,Kolkata,Bike,Full-time,4.39,Y
DP14641,1/15/2025,Meena U,Delhi,Bike,Full-time,4.08,Y
DP12267,1/19/2025,Neha M,Pune,Scooter,Full-time,3.84,Y
DP04443,1/19/2025,Kiran P,Ahmedabad,Bike,Contract,4.07,N
DP06824,1/17/2025,Suresh I,Mumbai,Bike,Contract,3.96,N
DP00801,1/22/2025,Ananya I,Delhi,Car,Part-time,4.52,Y
DP00151,1/21/2025,Suresh N,Chennai,Cycle,Contract,4.82,Y
DP11935,1/18/2025,Amit W,Bengaluru,Scooter,Full-time,4.29,Y
DP03852,1/18/2025,Manoj G,Chennai,Scooter,Full-time,3.96,Y
DP13008,1/20/2025,Vikas W,Pune,Scooter,Full-time,4.07,Y
DP04503,3/1/2025,Arjun I,Pune,Bike,Part-time,4.25,Y
DP03482,1/22/2025,Ravi T,Pune,Bike,Contract,4.26,Y
DP10936,1/10/2025,Ananya Q,Bengaluru,Bike,Contract,3.98,Y
DP01685,1/3/2025,Sneha B,Bengaluru,Bike,Part-time,4.07,Y
DP04359,12/25/2024,Rahul J,Delhi,Bike,Part-time,4.08,Y
DP14567,1/28/2025,Nikhil L,Chennai,Cycle,Full-time,4.16,Y
DP03554,1/22/2025,Kiran C,Chennai,Scooter,Full-time,4.43,N
DP11577,1/23/2025,Divya Z,Hyderabad,Bike,Full-time,4.23,N
DP10371,1/23/2025,Kiran P,Delhi,Bike,Contract,4.22,Y
DP05964,1/26/2025,Divya J,Delhi,Scooter,Contract,4.3,Y
DP03823,1/19/2025,Rahul Z,Delhi,Scooter,Part-time,3.58,N
DP07049,1/24/2025,Divya M,Hyderabad,Scooter,Full-time,4.1,N
DP11239,1/17/2025,Nikhil O,Bengaluru,Bike,Contract,3.84,Y
DP06372,12/27/2024,Rakesh N,Kolkata,Scooter,Part-time,4.12,Y
DP01708,1/29/2025,Nikhil C,Bengaluru,Bike,Contract,3.87,Y
DP05795,1/19/2025,Amit B,Bengaluru,Scooter,Full-time,4.27,Y
DP06721,1/24/2025,Pooja O,Chennai,Scooter,Part-time,4.15,Y
DP05445,1/25/2025,Rakesh C,Pune,Scooter,Full-time,4.19,Y
DP04809,1/21/2025,Pooja T,Chennai,Bike,Contract,4.38,Y
DP04865,1/4/2025,Neha O,Pune,Scooter,Full-time,4.37,Y
DP08877,1/26/2025,Deepak T,Pune,Scooter,Part-time,4,Y
DP10850,1/25/2025,Ravi M,Pune,Scooter,Full-time,4.05,N
DP11352,1/9/2025,Divya N,Pune,Bike,Full-time,4.26,Y
DP10565,1/10/2025,Vikas V,Chennai,Cycle,Contract,4.15,Y
DP10189,1/17/2025,Pooja F,Bengaluru,Scooter,Full-time,3.87,Y
DP04255,1/25/2025,Suresh X,Mumbai,Scooter,Part-time,3.89,Y
DP14547,1/25/2025,Nikhil E,Mumbai,Scooter,Contract,4.53,Y
DP12506,1/10/2025,Ananya G,Delhi,Scooter,Part-time,4.37,Y
DP01422,1/23/2025,Santosh K,Bengaluru,Bike,Part-time,4.32,Y
DP08222,1/22/2025,Santosh R,Delhi,Bike,Part-time,4.13,Y
DP02958,1/13/2025,Manoj Z,Mumbai,Cycle,Full-time,3.73,Y
DP06623,1/17/2025,Rakesh K,Pune,Cycle,Contract,4.18,Y
DP08641,1/26/2025,Vikas Q,Delhi,Scooter,Part-time,3.86,Y
DP06129,1/24/2025,Neha D,Kolkata,Scooter,Part-time,4.2,Y
DP02642,1/8/2025,Amit D,Hyderabad,Scooter,Full-time,4.53,Y
DP09564,1/20/2025,Kiran B,Bengaluru,Bike,Full-time,3.67,Y
DP04381,1/25/2025,Manoj M,Bengaluru,Scooter,Part-time,4.13,N
DP08353,1/18/2025,Meena M,Delhi,Scooter,Full-time,4.46,Y
DP14924,1/12/2025,Manoj I,Hyderabad,Scooter,Part-time,4.44,Y
DP08817,1/25/2025,Rakesh Q,Delhi,Scooter,Part-time,4.07,Y
DP06843,1/12/2025,Shreya Y,Chennai,Bike,Full-time,4.32,N
DP00502,1/13/2025,Neha S,Bengaluru,Bike,Full-time,4.04,Y
DP00527,1/2/2025,Suresh Z,Hyderabad,Scooter,Full-time,4.38,Y
DP10514,1/27/2025,Shreya Q,Chennai,Cycle,Contract,4.24,Y
DP05405,12/31/2024,Deepak X,Pune,Bike,Part-time,4.14,Y
DP12497,1/24/2025,Santosh P,Hyderabad,Bike,Contract,4.08,Y
DP10177,1/5/2025,Vikas C,Ahmedabad,Bike,Full-time,3.58,Y
DP01318,1/17/2025,Deepak L,Chennai,Cycle,Full-time,4.3,Y
DP07488,1/15/2025,Meena Q,Ahmedabad,Bike,Part-time,3.99,Y
DP01149,1/6/2025,Sneha W,Hyderabad,Cycle,Part-time,4.53,Y
DP00308,1/20/2025,Pooja U,Kolkata,Scooter,Full-time,3.98,Y
DP02743,1/20/2025,Kiran P,Mumbai,Scooter,Full-time,4.09,Y
DP01736,1/26/2025,Nikhil F,Delhi,Bike,Full-time,4.33,Y
DP03463,1/13/2025,Nikhil N,Bengaluru,Scooter,Part-time,4.11,N
DP14082,1/26/2025,Divya I,Delhi,Bike,Full-time,3.82,Y
DP09981,1/14/2025,Priya L,Bengaluru,Bike,Part-time,3.9,Y
DP10139,1/8/2025,Nikhil W,Bengaluru,Scooter,Part-time,4.14,Y
DP09786,1/4/2025,Meena V,Bengaluru,Bike,Full-time,3.85,Y
DP12526,1/13/2025,Manoj H,Mumbai,Bike,Full-time,4.46,Y
DP03402,1/9/2025,Meena H,Mumbai,Bike,Full-time,4.86,Y
DP00691,1/19/2025,Meena C,Mumbai,Cycle,Part-time,4.38,Y
DP10909,1/14/2025,Suresh S,Delhi,Scooter,Part-time,4.61,N
DP00758,1/22/2025,Vikas O,Kolkata,Scooter,Full-time,3.96,Y
DP14186,1/12/2025,Pooja T,Mumbai,Bike,Part-time,4.33,Y
DP03090,1/25/2025,Priya Z,Delhi,Scooter,Full-time,4.41,Y
DP09013,1/27/2025,Suresh W,Delhi,Scooter,Full-time,4,Y
DP01327,1/15/2025,Priya F,Bengaluru,Scooter,Full-time,3.96,Y
DP03143,1/11/2025,Rakesh Q,Delhi,Bike,Full-time,4.64,Y
DP06586,1/25/2025,Rakesh C,Delhi,Scooter,Contract,4.02,Y
DP10626,1/12/2025,Priya S,Bengaluru,Bike,Part-time,3.99,Y
DP08859,12/31/2024,Manoj S,Kolkata,Bike,Full-time,4.4,Y
DP05522,1/24/2025,Pooja O,Mumbai,Scooter,Contract,4.27,Y
DP03443,1/21/2025,Nikhil A,Chennai,Cycle,Full-time,4.18,Y
DP06615,1/20/2025,Santosh F,Kolkata,Scooter,Full-time,4.09,Y
DP01972,1/27/2025,Suresh G,Delhi,Scooter,Part-time,3.83,Y
DP02500,1/25/2025,Kiran M,Delhi,Bike,Part-time,3.79,Y
DP03673,1/5/2025,Kiran Q,Pune,Scooter,Contract,4.11,Y
DP02964,1/22/2025,Kiran S,Pune,Bike,Contract,4.12,Y
DP09088,1/18/2025,Rahul I,Hyderabad,Bike,Contract,4.44,Y
DP02976,1/24/2025,Vikas N,Ahmedabad,Scooter,Full-time,4.29,Y
DP08864,1/14/2025,Santosh R,Kolkata,Bike,Contract,4.26,Y
DP03617,1/20/2025,Deepak R,Chennai,Cycle,Part-time,3.97,Y
DP08702,1/16/2025,Rakesh N,Ahmedabad,Cycle,Contract,4.14,Y
DP13510,1/19/2025,Pooja V,Delhi,Scooter,Part-time,4.39,Y
DP01574,1/4/2025,Ravi Q,Ahmedabad,Bike,Contract,4.34,Y
DP11204,1/25/2025,Rahul J,Hyderabad,Bike,Full-time,4.06,Y
DP01379,12/30/2024,Pooja P,Chennai,Scooter,Full-time,4.52,Y
DP03069,1/11/2025,Nikhil I,Bengaluru,Scooter,Contract,4.03,Y
DP01047,1/18/2025,Nikhil K,Bengaluru,Bike,Full-time,3.69,Y
DP13644,1/23/2025,Ananya W,Pune,Cycle,Contract,4.24,Y
DP07517,1/26/2025,Santosh F,Delhi,Cycle,Full-time,4.89,Y
DP12311,1/25/2025,Priya K,Bengaluru,Scooter,Full-time,4.39,Y
DP09866,1/28/2025,Arjun S,Bengaluru,Scooter,Part-time,3.91,Y
DP08592,1/9/2025,Sneha A,Kolkata,Cycle,Full-time,4.33,Y
DP12662,1/14/2025,Pooja V,Hyderabad,Bike,Full-time,4.04,Y
DP04899,1/13/2025,Divya N,Kolkata,Bike,Full-time,4.72,Y
DP01067,1/10/2025,Nikhil U,Bengaluru,Scooter,Full-time,4,Y
DP11185,1/22/2025,Pooja T,Mumbai,Scooter,Part-time,4.46,N
DP09420,1/22/2025,Pooja H,Mumbai,Scooter,Full-time,4.23,Y
DP07228,1/18/2025,Rakesh K,Chennai,Scooter,Full-time,4.52,Y
DP07139,1/12/2025,Rahul M,Bengaluru,Bike,Part-time,4.4,Y
DP13843,1/10/2025,Rakesh D,Bengaluru,Scooter,Part-time,3.88,Y
DP08453,1/25/2025,Vikas O,Hyderabad,Bike,Contract,4.18,Y
DP14944,1/12/2025,Divya E,Bengaluru,Scooter,Full-time,4.32,Y
DP06561,1/19/2025,Ananya M,Bengaluru,Scooter,Full-time,4.12,Y
DP06624,1/29/2025,Meena N,Pune,Cycle,Full-time,3.71,N
DP04983,12/31/2024,Divya K,Mumbai,Scooter,Full-time,3.95,Y
DP05151,1/20/2025,Deepak Z,Bengaluru,Car,Full-time,3.85,Y
DP01242,12/23/2024,Santosh E,Bengaluru,Scooter,Full-time,3.58,Y
DP02552,1/6/2025,Arjun M,Mumbai,Bike,Contract,4.93,Y
DP11097,2/26/2025,Amit O,Hyderabad,Cycle,Full-time,4.18,Y
DP00523,1/19/2025,Meena F,Kolkata,Scooter,Part-time,4.43,Y
DP06174,1/22/2025,Nikhil U,Bengaluru,Scooter,Full-time,4.15,Y
DP09795,1/15/2025,Manoj Z,Delhi,Bike,Part-time,3.97,Y
DP05098,1/24/2025,Nikhil J,Pune,Bike,Full-time,4.21,Y
DP14308,1/4/2025,Ravi A,Mumbai,Scooter,Part-time,4.2,Y
DP13942,12/20/2024,Divya X,Hyderabad,Bike,Full-time,3.82,Y
DP05246,1/15/2025,Deepak X,Delhi,Scooter,Full-time,4.58,Y
DP05822,1/28/2025,Ananya H,Mumbai,Bike,Full-time,4,Y
DP10414,1/11/2025,Vikas X,Bengaluru,Bike,Full-time,4.68,Y
DP03142,1/3/2025,Priya Y,Kolkata,Car,Full-time,4.34,Y
DP06264,1/11/2025,Santosh C,Mumbai,Scooter,Full-time,4.13,N
DP12091,1/25/2025,Suresh G,Bengaluru,Scooter,Part-time,4.66,Y
DP12711,1/21/2025,Shreya O,Chennai,Bike,Contract,4.26,Y
DP01592,1/17/2025,Deepak H,Ahmedabad,Bike,Part-time,3.71,Y
DP14097,1/17/2025,Deepak O,Kolkata,Scooter,Full-time,4.26,Y
DP03670,1/13/2025,Rahul J,Hyderabad,Scooter,Full-time,4.5,Y
DP04190,1/9/2025,Kiran K,Bengaluru,Scooter,Part-time,3.99,Y
DP12885,1/23/2025,Suresh B,Bengaluru,Bike,Full-time,3.94,Y
DP01435,12/21/2024,Pooja L,Bengaluru,Scooter,Full-time,4.11,Y
DP12007,2/20/2025,Amit O,Hyderabad,Scooter,Part-time,4.33,Y
DP09407,1/17/2025,Deepak L,Chennai,Scooter,Full-time,4.48,Y
DP04927,1/15/2025,Amit F,Kolkata,Bike,Full-time,4.17,N
DP01961,1/25/2025,Vikas X,Hyderabad,Cycle,Full-time,4.38,Y
DP00682,1/23/2025,Santosh G,Bengaluru,Cycle,Part-time,4.55,Y
DP14890,1/26/2025,Manoj K,Delhi,Cycle,Part-time,4.3,Y
DP10951,1/13/2025,Rakesh V,Ahmedabad,Bike,Full-time,3.97,N
DP06880,1/29/2025,Pooja K,Pune,Cycle,Full-time,4.68,Y
DP00517,1/24/2025,Rahul K,Chennai,Scooter,Full-time,4.08,Y
DP02941,1/23/2025,Suresh S,Chennai,Scooter,Full-time,4.23,Y
DP09276,1/4/2025,Rakesh F,Pune,Cycle,Part-time,4.38,Y
DP12225,1/15/2025,Ravi F,Hyderabad,Car,Contract,3.96,Y
DP08263,1/3/2025,Suresh W,Ahmedabad,Bike,Contract,4.36,N
DP14388,1/26/2025,Vikas D,Hyderabad,Bike,Full-time,4.26,Y
DP00563,1/5/2025,Suresh S,Kolkata,Bike,Full-time,3.64,Y
DP00045,1/23/2025,Kiran D,Chennai,Cycle,Part-time,4.35,Y
DP03648,1/9/2025,Shreya S,Delhi,Scooter,Part-time,4.32,Y
DP12535,1/26/2025,Neha J,Bengaluru,Scooter,Full-time,4.37,Y
DP05534,1/19/2025,Pooja G,Mumbai,Scooter,Full-time,3.93,Y
DP13492,1/14/2025,Arjun M,Mumbai,Bike,Part-time,4.67,Y
DP06026,1/19/2025,Santosh D,Pune,Scooter,Contract,3.9,Y
DP10595,1/20/2025,Divya H,Bengaluru,Bike,Full-time,4.07,Y
DP04821,1/26/2025,Ananya V,Kolkata,Scooter,Full-time,4.29,Y
DP06751,1/28/2025,Priya E,Delhi,Scooter,Part-time,4.69,Y
DP11477,1/27/2025,Neha F,Hyderabad,Cycle,Part-time,4.23,Y
DP02416,1/19/2025,Ravi X,Kolkata,Scooter,Full-time,3.97,Y
DP01438,1/1/2025,Kiran F,Bengaluru,Bike,Part-time,4.18,Y
DP05799,12/21/2024,Divya Z,Mumbai,Scooter,Part-time,4.46,Y
DP02191,12/26/2024,Rakesh O,Bengaluru,Bike,Full-time,4.07,N
DP12043,1/23/2025,Shreya B,Ahmedabad,Bike,Full-time,4.12,Y
DP02094,1/15/2025,Pooja N,Chennai,Bike,Full-time,4.36,Y
DP03455,2/4/2025,Shreya F,Chennai,Bike,Full-time,4.18,Y
DP05129,1/23/2025,Divya Z,Bengaluru,Bike,Full-time,4.03,Y
DP07595,1/18/2025,Vikas G,Hyderabad,Scooter,Part-time,4.41,Y
DP03878,1/27/2025,Sneha X,Chennai,Cycle,Part-time,3.82,N
DP09195,1/16/2025,Rakesh K,Delhi,Bike,Part-time,3.84,N
DP09421,1/23/2025,Ravi M,Hyderabad,Bike,Part-time,3.89,Y
DP03014,1/24/2025,Manoj S,Chennai,Car,Part-time,4.56,Y
DP14307,1/22/2025,Neha K,Chennai,Bike,Part-time,4.45,Y
DP01932,2/28/2025,Nikhil H,Delhi,Cycle,Part-time,3.89,Y
DP14077,1/7/2025,Suresh R,Mumbai,Bike,Contract,4.4,Y
DP02687,1/26/2025,Nikhil T,Pune,Bike,Part-time,4.27,Y
DP12560,1/27/2025,Sneha M,Hyderabad,Scooter,Full-time,4.12,Y
DP06659,1/13/2025,Deepak S,Chennai,Scooter,Full-time,3.85,Y
DP07571,1/27/2025,Meena Q,Chennai,Cycle,Full-time,3.81,Y
DP00328,1/22/2025,Santosh J,Kolkata,Scooter,Full-time,4.02,N
DP05467,1/19/2025,Ravi P,Pune,Car,Part-time,4.1,Y
DP12697,1/25/2025,Priya H,Ahmedabad,Bike,Full-time,3.37,Y
DP14961,1/23/2025,Amit H,Chennai,Bike,Full-time,4.07,Y
DP03541,1/20/2025,Sneha O,Pune,Bike,Full-time,3.7,Y
DP05656,1/14/2025,Kiran V,Pune,Cycle,Full-time,4.19,Y
DP12015,1/6/2025,Suresh O,Hyderabad,Bike,Contract,4.33,Y
DP08024,1/22/2025,Arjun N,Hyderabad,Scooter,Full-time,3.76,Y
DP04778,1/17/2025,Divya T,Delhi,Bike,Contract,4.12,Y
DP10713,12/27/2024,Nikhil Q,Bengaluru,Bike,Full-time,3.83,N
DP02350,1/2/2025,Neha W,Pune,Bike,Full-time,4.07,Y
DP13130,1/3/2025,Divya K,Bengaluru,Scooter,Part-time,4.35,N
DP05974,1/27/2025,Arjun U,Mumbai,Car,Part-time,4.77,Y
DP03017,1/16/2025,Sneha N,Bengaluru,Bike,Full-time,4.92,Y
DP04974,3/9/2025,Amit H,Mumbai,Bike,Part-time,4.22,Y
DP07087,12/31/2024,Santosh L,Delhi,Scooter,Full-time,4.3,Y
DP00327,1/15/2025,Shreya T,Mumbai,Bike,Full-time,4.55,N
DP12025,1/10/2025,Ananya S,Kolkata,Scooter,Part-time,4.05,Y
DP04152,1/20/2025,Divya U,Hyderabad,Bike,Contract,4.7,Y
DP01753,1/24/2025,Meena C,Pune,Bike,Contract,3.96,N
DP11771,1/22/2025,Suresh Q,Kolkata,Scooter,Contract,4.85,Y
DP09923,1/14/2025,Shreya Z,Bengaluru,Bike,Contract,4.51,Y
DP00704,12/29/2024,Ravi B,Bengaluru,Bike,Part-time,4.09,Y
DP11563,1/13/2025,Rakesh B,Delhi,Cycle,Full-time,4.56,Y
DP11779,1/29/2025,Shreya R,Pune,Bike,Full-time,4.44,Y
DP10588,1/7/2025,Manoj J,Bengaluru,Bike,Contract,3.92,Y
DP14922,1/16/2025,Vikas E,Bengaluru,Cycle,Full-time,4.73,N
DP01636,1/26/2025,Shreya P,Bengaluru,Cycle,Full-time,3.95,Y
DP01924,1/6/2025,Meena O,Pune,Cycle,Full-time,3.92,Y
DP11064,1/18/2025,Nikhil K,Pune,Bike,Full-time,4.32,Y
DP05442,1/27/2025,Rakesh U,Ahmedabad,Bike,Contract,3.66,N
DP12238,1/22/2025,Ravi B,Bengaluru,Bike,Full-time,4.16,Y
DP13217,12/31/2024,Shreya X,Mumbai,Cycle,Contract,4.08,Y
DP08277,1/10/2025,Priya W,Delhi,Bike,Contract,4.23,Y
DP02842,1/20/2025,Vikas W,Kolkata,Scooter,Full-time,4.35,Y
DP12036,1/15/2025,Rahul U,Delhi,Bike,Part-time,4.37,Y
DP14210,1/13/2025,Meena P,Bengaluru,Scooter,Full-time,3.95,Y
DP14918,1/24/2025,Nikhil N,Chennai,Bike,Full-time,4.46,Y
DP12840,1/28/2025,Shreya M,Chennai,Bike,Contract,4.84,Y
DP14800,12/24/2024,Shreya L,Bengaluru,Cycle,Full-time,3.93,Y
DP11920,1/22/2025,Vikas D,Chennai,Cycle,Part-time,3.97,Y
DP11775,1/24/2025,Amit A,Bengaluru,Car,Part-time,4.25,N
DP10148,1/11/2025,Suresh K,Hyderabad,Scooter,Full-time,4.57,Y
DP11532,1/7/2025,Deepak D,Chennai,Scooter,Full-time,4.31,Y
DP08661,1/21/2025,Sneha Q,Bengaluru,Scooter,Part-time,4.46,Y
DP00677,1/21/2025,Rahul Z,Bengaluru,Bike,Contract,4.44,N
DP01269,1/17/2025,Arjun B,Kolkata,Scooter,Full-time,4.05,Y
DP12745,1/14/2025,Ananya J,Ahmedabad,Bike,Full-time,4.1,Y
DP11821,1/24/2025,Santosh C,Bengaluru,Bike,Contract,3.92,Y
DP10439,1/24/2025,Vikas P,Hyderabad,Bike,Full-time,4.11,Y
DP13704,1/28/2025,Shreya E,Ahmedabad,Bike,Full-time,4.03,Y
DP14769,1/15/2025,Ananya U,Mumbai,Scooter,Part-time,4.2,Y
DP05787,1/11/2025,Ananya N,Hyderabad,Bike,Full-time,4.31,Y
DP11542,12/26/2024,Ananya L,Hyderabad,Bike,Part-time,4.58,Y
DP08332,1/28/2025,Vikas C,Pune,Bike,Contract,4.22,Y
DP11716,1/20/2025,Pooja Q,Delhi,Bike,Full-time,4.09,N
DP10325,1/16/2025,Arjun Z,Delhi,Bike,Full-time,4.08,N
DP06893,1/20/2025,Rakesh F,Pune,Car,Full-time,4.07,Y
DP01646,1/20/2025,Vikas J,Delhi,Bike,Contract,3.81,Y
DP06813,2/22/2025,Priya Z,Bengaluru,Bike,Full-time,4.26,Y
DP03668,1/20/2025,Pooja J,Kolkata,Cycle,Full-time,4.39,Y
DP03369,3/22/2025,Rakesh K,Pune,Scooter,Part-time,3.97,Y
DP09968,12/22/2024,Ravi F,Pune,Scooter,Full-time,3.93,Y
DP01117,1/24/2025,Pooja X,Hyderabad,Scooter,Full-time,4.15,Y
DP10436,1/24/2025,Neha E,Delhi,Scooter,Full-time,4.22,Y
DP12315,1/25/2025,Priya B,Pune,Cycle,Full-time,4.39,Y
DP03331,1/6/2025,Santosh B,Kolkata,Bike,Full-time,4.36,Y
DP04100,1/27/2025,Amit X,Mumbai,Scooter,Full-time,4.79,Y
DP00488,1/22/2025,Deepak X,Pune,Bike,Part-time,3.89,Y
DP01893,1/17/2025,Nikhil T,Ahmedabad,Cycle,Contract,4.6,Y
DP04075,1/20/2025,Ravi B,Mumbai,Cycle,Part-time,4.02,Y
DP00410,1/14/2025,Ananya F,Bengaluru,Scooter,Part-time,4.25,Y
DP10170,1/23/2025,Manoj V,Chennai,Bike,Full-time,3.76,Y
DP06059,1/21/2025,Nikhil E,Ahmedabad,Scooter,Part-time,3.92,Y
DP08205,1/28/2025,Suresh A,Hyderabad,Bike,Full-time,4.07,Y
DP05600,1/24/2025,Santosh Y,Hyderabad,Scooter,Full-time,4.56,Y
DP02175,1/21/2025,Arjun K,Delhi,Bike,Part-time,4.3,N
DP13152,1/27/2025,Amit W,Mumbai,Scooter,Full-time,3.71,Y
DP10622,1/26/2025,Meena W,Mumbai,Scooter,Full-time,4.23,Y
DP11585,1/25/2025,Deepak W,Bengaluru,Bike,Part-time,4.13,Y
DP04111,1/9/2025,Kiran Y,Delhi,Scooter,Contract,3.91,Y
DP05410,1/22/2025,Divya K,Mumbai,Scooter,Part-time,4.91,Y
DP08040,1/21/2025,Deepak T,Mumbai,Bike,Contract,4.24,Y
DP08836,1/20/2025,Rahul Y,Delhi,Car,Part-time,4.72,Y
DP10226,1/11/2025,Shreya A,Mumbai,Scooter,Part-time,4.12,Y
DP07439,12/27/2024,Vikas U,Mumbai,Cycle,Contract,4.04,Y
DP12175,1/7/2025,Ananya G,Delhi,Bike,Full-time,3.99,Y
DP13955,1/22/2025,Pooja E,Delhi,Bike,Contract,4.13,Y
DP01864,1/5/2025,Deepak I,Hyderabad,Cycle,Contract,3.67,Y
DP10958,1/15/2025,Arjun U,Mumbai,Bike,Full-time,3.92,Y
DP02692,1/26/2025,Manoj P,Delhi,Bike,Contract,4.11,Y
DP10417,1/4/2025,Vikas A,Bengaluru,Bike,Full-time,3.61,Y
DP10301,1/27/2025,Shreya D,Delhi,Scooter,Full-time,4.43,Y
DP11972,1/21/2025,Rakesh Y,Mumbai,Cycle,Part-time,4.75,Y
DP11863,1/19/2025,Amit Z,Bengaluru,Cycle,Part-time,4.74,Y
DP06588,12/22/2024,Priya R,Mumbai,Scooter,Full-time,3.94,Y
DP09049,1/28/2025,Sneha W,Pune,Bike,Part-time,4.56,Y
DP02571,1/10/2025,Santosh A,Bengaluru,Scooter,Full-time,4.4,Y
DP13243,1/20/2025,Priya N,Mumbai,Bike,Full-time,4.68,Y
DP13216,1/10/2025,Meena C,Pune,Scooter,Full-time,4.48,Y
DP10241,1/25/2025,Suresh L,Hyderabad,Bike,Full-time,4.75,Y
DP08934,1/18/2025,Meena D,Bengaluru,Scooter,Full-time,3.95,Y
DP08369,1/25/2025,Ananya N,Hyderabad,Cycle,Full-time,4.48,N
DP05640,1/16/2025,Suresh B,Mumbai,Scooter,Part-time,4.33,Y
DP11502,1/25/2025,Kiran L,Pune,Bike,Full-time,4.73,Y
DP13268,1/26/2025,Neha R,Ahmedabad,Bike,Full-time,4.2,Y
DP03631,1/21/2025,Shreya C,Bengaluru,Scooter,Full-time,4.72,N
DP11197,1/11/2025,Santosh O,Ahmedabad,Scooter,Part-time,4.55,Y
DP03278,1/26/2025,Meena Y,Chennai,Scooter,Part-time,4.36,Y
DP04063,1/15/2025,Rahul V,Mumbai,Bike,Contract,4.21,Y
DP08265,1/20/2025,Divya U,Ahmedabad,Car,Full-time,3.93,Y
DP06021,1/23/2025,Meena J,Chennai,Scooter,Full-time,4.33,Y
DP11501,1/22/2025,Divya B,Mumbai,Bike,Contract,3.86,Y
DP11144,1/12/2025,Vikas D,Ahmedabad,Bike,Part-time,3.9,Y
DP09859,1/27/2025,Deepak A,Delhi,Scooter,Part-time,4.51,Y
DP03594,1/10/2025,Ananya V,Mumbai,Bike,Full-time,4.61,N
DP12804,1/20/2025,Pooja T,Pune,Cycle,Contract,3.83,Y
DP02431,1/14/2025,Amit J,Chennai,Car,Full-time,4.17,N
DP14209,1/19/2025,Suresh U,Bengaluru,Scooter,Full-time,4.57,Y
DP01711,1/14/2025,Rahul J,Pune,Scooter,Part-time,3.81,Y
DP11820,1/20/2025,Vikas W,Ahmedabad,Cycle,Full-time,3.51,Y
DP03195,1/18/2025,Ananya K,Hyderabad,Bike,Full-time,4.46,Y
DP05559,1/24/2025,Kiran Q,Hyderabad,Scooter,Part-time,4.85,Y
DP12690,1/18/2025,Sneha D,Bengaluru,Scooter,Contract,4.29,Y
DP10340,12/27/2024,Manoj D,Mumbai,Bike,Full-time,3.89,Y
DP04229,1/23/2025,Divya V,Pune,Bike,Full-time,4.08,Y
DP12992,1/18/2025,Pooja L,Delhi,Bike,Contract,3.94,Y
DP06117,1/7/2025,Pooja A,Bengaluru,Bike,Full-time,4.22,Y
DP09058,12/28/2024,Suresh F,Mumbai,Bike,Full-time,4.16,Y
DP12021,1/26/2025,Santosh T,Hyderabad,Scooter,Part-time,4.13,Y
DP09969,1/17/2025,Neha U,Ahmedabad,Scooter,Part-time,3.69,Y
DP06578,1/20/2025,Manoj W,Delhi,Scooter,Contract,3.46,Y
DP13961,1/24/2025,Amit D,Bengaluru,Car,Contract,3.9,Y
DP00433,1/21/2025,Sneha D,Chennai,Bike,Part-time,3.77,Y
DP13381,1/24/2025,Meena V,Bengaluru,Bike,Part-time,4.06,Y
DP08744,12/30/2024,Suresh B,Kolkata,Scooter,Full-time,4.25,N
DP04621,1/21/2025,Ananya J,Hyderabad,Bike,Full-time,3.81,Y
DP00280,1/27/2025,Santosh F,Bengaluru,Bike,Part-time,4.19,Y
DP01929,1/19/2025,Rakesh P,Pune,Scooter,Full-time,4.67,Y
DP07169,1/13/2025,Suresh H,Mumbai,Scooter,Contract,4.45,Y
DP06857,1/5/2025,Priya W,Pune,Bike,Part-time,4.38,Y
DP00442,1/25/2025,Suresh B,Pune,Scooter,Part-time,4.47,Y
DP06970,2/9/2025,Amit Q,Mumbai,Cycle,Full-time,4.39,Y
DP03260,1/25/2025,Manoj Q,Delhi,Scooter,Part-time,4.92,Y
DP01001,1/22/2025,Rahul Z,Mumbai,Bike,Full-time,4.31,Y
DP02182,1/24/2025,Ravi C,Kolkata,Cycle,Full-time,4.43,Y
DP14781,1/29/2025,Rahul R,Bengaluru,Cycle,Full-time,4.52,Y
DP02266,1/14/2025,Priya V,Pune,Car,Part-time,4.17,Y
DP06433,1/21/2025,Priya I,Pune,Bike,Part-time,4.67,Y
DP00807,1/20/2025,Arjun P,Bengaluru,Bike,Full-time,4.01,Y
DP08487,5/12/2025,Kiran G,Mumbai,Bike,Full-time,4.09,Y
DP11435,1/24/2025,Pooja D,Ahmedabad,Bike,Part-time,4.07,Y
DP10399,12/30/2024,Arjun F,Chennai,Scooter,Full-time,3.86,Y
DP02226,1/23/2025,Rakesh X,Chennai,Bike,Full-time,4.17,Y
DP14594,12/12/2024,Priya U,Chennai,Scooter,Contract,4.45,Y
DP13061,1/26/2025,Rahul V,Bengaluru,Scooter,Part-time,4.16,Y
DP09566,1/28/2025,Divya S,Ahmedabad,Scooter,Full-time,3.84,Y
DP08208,1/16/2025,Ravi T,Delhi,Bike,Full-time,4.24,N
DP07492,1/22/2025,Amit X,Pune,Scooter,Contract,3.96,Y
DP07333,1/27/2025,Kiran K,Delhi,Bike,Full-time,4.13,Y
DP05308,1/20/2025,Priya A,Delhi,Bike,Part-time,4.05,Y
DP03216,1/23/2025,Amit Q,Bengaluru,Bike,Full-time,4.51,N
DP08261,1/20/2025,Manoj Z,Chennai,Bike,Part-time,4.22,Y
DP08044,1/25/2025,Vikas N,Bengaluru,Scooter,Contract,4.33,Y
DP13160,1/29/2025,Neha N,Kolkata,Car,Full-time,4.71,Y
DP11932,1/15/2025,Rahul K,Delhi,Scooter,Part-time,4.14,Y
DP00747,1/29/2025,Neha S,Delhi,Cycle,Full-time,3.86,Y
DP06412,1/25/2025,Rahul A,Pune,Bike,Full-time,4.21,Y
DP09709,1/5/2025,Pooja R,Delhi,Scooter,Part-time,3.55,Y
DP07452,1/27/2025,Divya L,Mumbai,Cycle,Full-time,3.63,N
DP00183,1/18/2025,Divya P,Bengaluru,Bike,Full-time,4.29,Y
DP12613,1/17/2025,Pooja M,Pune,Bike,Contract,4.22,Y
DP09413,1/29/2025,Kiran D,Hyderabad,Scooter,Full-time,4.16,N
DP05653,1/13/2025,Pooja B,Kolkata,Bike,Part-time,4.27,Y
DP06249,1/13/2025,Nikhil G,Chennai,Scooter,Full-time,4.08,Y
DP14461,1/11/2025,Sneha G,Bengaluru,Scooter,Part-time,3.96,Y
DP09068,1/26/2025,Arjun M,Ahmedabad,Scooter,Full-time,4.11,Y
DP11068,1/6/2025,Sneha L,Pune,Bike,Full-time,3.86,Y
DP04683,1/15/2025,Rakesh Z,Delhi,Scooter,Full-time,4.53,Y
DP10220,1/25/2025,Nikhil T,Bengaluru,Bike,Contract,4.09,Y
DP08182,1/23/2025,Pooja F,Hyderabad,Bike,Contract,4.39,Y
DP00643,2/2/2025,Ananya Y,Bengaluru,Bike,Full-time,4.03,Y
DP00098,1/24/2025,Amit D,Ahmedabad,Cycle,Full-time,4.3,Y
DP09224,1/18/2025,Vikas E,Pune,Car,Contract,4.39,Y
DP04133,1/29/2025,Arjun F,Kolkata,Bike,Contract,3.44,Y
DP10530,1/29/2025,Divya H,Bengaluru,Bike,Full-time,3.84,Y
DP09975,1/19/2025,Rakesh K,Bengaluru,Scooter,Full-time,4.39,Y
DP11530,1/14/2025,Arjun L,Pune,Scooter,Contract,4.19,Y
DP01375,1/22/2025,Deepak D,Bengaluru,Scooter,Part-time,4.38,Y
DP12777,1/1/2025,Neha M,Pune,Scooter,Part-time,3.75,Y
DP10743,1/12/2025,Priya F,Kolkata,Car,Full-time,4.31,Y
DP13262,1/2/2025,Amit J,Kolkata,Scooter,Full-time,4.46,N
DP01042,1/12/2025,Kiran H,Ahmedabad,Bike,Contract,4.2,Y
DP06814,1/20/2025,Rakesh P,Bengaluru,Scooter,Contract,4.18,Y
DP13863,1/4/2025,Suresh D,Mumbai,Bike,Full-time,3.87,Y
DP01565,1/6/2025,Suresh K,Mumbai,Bike,Full-time,3.89,Y
DP10293,1/5/2025,Ananya O,Kolkata,Cycle,Part-time,4.46,Y
DP11891,1/5/2025,Nikhil D,Mumbai,Scooter,Contract,4.22,Y
DP10985,1/29/2025,Pooja R,Bengaluru,Bike,Part-time,4.19,Y
DP07178,1/24/2025,Arjun S,Chennai,Bike,Full-time,3.96,N
DP06704,1/21/2025,Neha J,Bengaluru,Scooter,Part-time,4.15,N
DP02893,1/18/2025,Ravi P,Delhi,Bike,Full-time,3.94,Y
DP10062,1/11/2025,Ravi Q,Ahmedabad,Bike,Full-time,4.02,Y
DP06942,1/8/2025,Rahul R,Mumbai,Car,Full-time,4.33,Y
DP06340,1/8/2025,Meena J,Mumbai,Bike,Full-time,3.71,Y
DP00532,1/15/2025,Arjun I,Bengaluru,Scooter,Part-time,4.33,Y
DP08349,1/28/2025,Divya O,Delhi,Scooter,Full-time,4.22,Y
DP10458,1/30/2025,Kiran V,Delhi,Scooter,Full-time,4.01,Y
DP14254,1/19/2025,Kiran S,Bengaluru,Bike,Contract,3.95,Y
DP01355,1/22/2025,Vikas E,Delhi,Scooter,Part-time,4.75,Y
DP12623,1/21/2025,Suresh L,Mumbai,Scooter,Full-time,3.88,Y
DP01356,1/23/2025,Neha U,Delhi,Cycle,Full-time,4.21,N
DP07295,1/21/2025,Shreya H,Mumbai,Bike,Contract,4.27,Y
DP07361,1/25/2025,Shreya M,Delhi,Bike,Part-time,4.23,Y
DP05650,1/7/2025,Shreya M,Bengaluru,Car,Part-time,4.66,Y
DP00180,1/30/2025,Ananya P,Pune,Bike,Full-time,3.81,Y
DP14885,1/29/2025,Kiran F,Bengaluru,Scooter,Part-time,3.91,Y
DP03008,1/29/2025,Deepak Q,Bengaluru,Bike,Part-time,3.97,Y
DP03583,12/23/2024,Rahul P,Mumbai,Bike,Contract,4.11,Y
DP09310,1/30/2025,Shreya H,Delhi,Bike,Full-time,3.8,Y
DP09588,1/14/2025,Pooja E,Bengaluru,Cycle,Part-time,4.87,N
DP11862,1/18/2025,Ananya X,Delhi,Bike,Full-time,4.25,Y
DP04464,1/28/2025,Santosh F,Mumbai,Scooter,Contract,4.62,Y
DP07806,12/30/2024,Manoj X,Delhi,Bike,Part-time,4.22,Y
DP00499,1/15/2025,Deepak F,Hyderabad,Scooter,Full-time,3.68,Y
DP08011,1/19/2025,Meena P,Bengaluru,Scooter,Part-time,4.43,Y
DP04343,1/17/2025,Amit H,Delhi,Scooter,Part-time,3.88,Y
DP03941,1/22/2025,Vikas L,Bengaluru,Bike,Full-time,4.35,Y
DP00755,1/19/2025,Kiran U,Bengaluru,Car,Full-time,4.56,N
DP00313,1/14/2025,Meena T,Delhi,Scooter,Contract,4.35,Y
DP10088,12/23/2024,Priya D,Hyderabad,Scooter,Full-time,4.52,Y
DP01926,1/12/2025,Ananya M,Mumbai,Bike,Full-time,4.09,Y
DP07867,3/12/2025,Neha M,Pune,Bike,Full-time,4.1,Y
DP00512,1/15/2025,Manoj B,Kolkata,Bike,Full-time,3.92,Y
DP11561,1/20/2025,Ananya N,Delhi,Cycle,Contract,4.25,Y
DP01383,1/26/2025,Deepak D,Pune,Bike,Full-time,4.38,Y
DP01450,1/15/2025,Priya Q,Bengaluru,Scooter,Part-time,4.58,Y
DP04693,1/21/2025,Priya F,Mumbai,Scooter,Contract,4.72,Y
DP10772,1/22/2025,Nikhil R,Mumbai,Cycle,Part-time,3.64,Y
DP12907,2/7/2025,Pooja L,Delhi,Scooter,Contract,4.21,Y
DP07204,1/18/2025,Pooja G,Mumbai,Bike,Full-time,4.21,Y
DP00196,2/28/2025,Santosh Z,Hyderabad,Cycle,Part-time,4.23,Y
DP02290,1/17/2025,Suresh N,Bengaluru,Scooter,Contract,4,Y
DP10700,12/19/2024,Amit U,Chennai,Bike,Full-time,4.3,Y
DP12181,1/15/2025,Rakesh X,Delhi,Bike,Full-time,4.11,Y
DP02467,1/17/2025,Priya U,Mumbai,Car,Part-time,4.16,Y
DP01800,12/29/2024,Sneha I,Delhi,Bike,Contract,3.77,Y
DP14177,2/5/2025,Nikhil B,Mumbai,Bike,Full-time,4.12,Y
DP08158,1/7/2025,Suresh K,Bengaluru,Scooter,Contract,4.73,Y
DP10599,1/26/2025,Suresh F,Bengaluru,Bike,Part-time,3.74,Y
DP06774,1/14/2025,Kiran T,Bengaluru,Bike,Full-time,4.42,Y
DP03225,1/23/2025,Divya M,Bengaluru,Cycle,Contract,3.43,Y
DP14405,1/26/2025,Deepak D,Mumbai,Car,Full-time,4.03,Y
DP03156,12/27/2024,Sneha M,Hyderabad,Bike,Contract,3.99,Y
DP02544,1/24/2025,Ananya U,Hyderabad,Scooter,Full-time,4.15,N
DP03246,1/19/2025,Deepak O,Kolkata,Bike,Full-time,3.99,Y
DP02371,1/1/2025,Priya O,Pune,Cycle,Part-time,3.62,Y
DP02954,1/25/2025,Priya I,Mumbai,Cycle,Contract,4.58,N
DP11369,1/18/2025,Rahul C,Pune,Scooter,Full-time,4.65,N
DP12117,1/15/2025,Divya G,Bengaluru,Scooter,Part-time,4.17,Y
DP01475,1/28/2025,Arjun A,Hyderabad,Scooter,Full-time,3.93,Y
DP04903,1/30/2025,Rahul G,Chennai,Bike,Part-time,4.06,Y
DP09848,1/26/2025,Divya A,Pune,Bike,Full-time,4.03,Y
DP11710,1/22/2025,Pooja L,Delhi,Scooter,Contract,4.3,Y
DP14658,1/27/2025,Neha C,Bengaluru,Bike,Full-time,4.61,Y
DP00119,1/24/2025,Nikhil S,Chennai,Scooter,Full-time,4.23,Y
DP03696,1/27/2025,Ravi B,Hyderabad,Scooter,Contract,4.22,Y
DP13197,1/10/2025,Sneha K,Chennai,Scooter,Full-time,4.36,Y
DP11799,1/25/2025,Amit C,Delhi,Scooter,Contract,4.58,Y
DP06300,1/11/2025,Sneha W,Delhi,Scooter,Full-time,4.06,N
DP04294,1/10/2025,Suresh J,Hyderabad,Bike,Contract,4.56,Y
DP00006,1/19/2025,Divya K,Pune,Scooter,Part-time,4.08,Y
DP09572,1/12/2025,Shreya O,Delhi,Scooter,Full-time,3.74,Y
DP11163,1/16/2025,Manoj L,Bengaluru,Scooter,Full-time,4.03,Y
DP07964,1/15/2025,Rakesh F,Hyderabad,Scooter,Part-time,4.19,Y
DP04077,1/3/2025,Manoj J,Mumbai,Bike,Part-time,4.18,Y
DP06613,1/21/2025,Arjun W,Pune,Car,Full-time,4.52,Y
DP03292,1/18/2025,Manoj A,Delhi,Bike,Part-time,3.89,N
DP05414,1/14/2025,Neha B,Hyderabad,Car,Full-time,4.25,Y
DP08636,1/30/2025,Divya L,Bengaluru,Bike,Full-time,3.92,Y
DP07129,1/24/2025,Shreya Q,Bengaluru,Bike,Contract,3.71,Y
DP10101,1/23/2025,Meena C,Chennai,Scooter,Full-time,4.03,Y
DP11313,1/26/2025,Manoj M,Delhi,Bike,Part-time,4.65,Y
DP11629,1/21/2025,Rakesh M,Bengaluru,Scooter,Full-time,3.96,Y
DP09766,1/24/2025,Amit U,Pune,Bike,Part-time,4.14,Y
DP02593,1/15/2025,Ravi M,Delhi,Scooter,Part-time,5,N
DP08257,1/29/2025,Neha U,Chennai,Bike,Contract,4.54,Y
DP04156,1/13/2025,Priya S,Hyderabad,Bike,Contract,4.65,Y
DP13934,1/21/2025,Pooja R,Bengaluru,Bike,Full-time,5,Y
DP13452,1/27/2025,Ananya R,Chennai,Scooter,Contract,4.44,Y
DP02751,1/25/2025,Ananya V,Mumbai,Car,Full-time,4.09,Y
DP04264,1/23/2025,Divya O,Bengaluru,Car,Full-time,4.26,Y
DP08202,1/27/2025,Priya V,Bengaluru,Bike,Part-time,3.71,Y
DP04427,1/29/2025,Sneha L,Ahmedabad,Bike,Full-time,4.12,Y
DP07274,1/19/2025,Priya D,Ahmedabad,Bike,Full-time,4.37,Y
DP08274,1/24/2025,Amit J,Delhi,Car,Full-time,4.19,Y
DP00145,1/15/2025,Shreya J,Delhi,Car,Full-time,3.84,Y
DP04777,1/29/2025,Nikhil A,Bengaluru,Car,Full-time,4.24,Y
DP09915,1/13/2025,Meena K,Bengaluru,Bike,Contract,4.79,Y
DP10716,1/21/2025,Ananya B,Hyderabad,Scooter,Full-time,4.33,Y
DP12134,1/29/2025,Amit I,Bengaluru,Bike,Part-time,4.7,Y
DP03897,1/23/2025,Vikas J,Bengaluru,Scooter,Part-time,4.26,Y
DP07209,1/29/2025,Amit V,Bengaluru,Bike,Full-time,4.32,Y
DP08378,1/27/2025,Santosh Y,Kolkata,Bike,Full-time,3.97,Y
DP10059,1/21/2025,Shreya Y,Pune,Scooter,Part-time,4.26,Y
DP08240,1/24/2025,Nikhil N,Kolkata,Scooter,Full-time,4,Y
DP00271,12/30/2024,Suresh C,Bengaluru,Scooter,Part-time,4.46,N
DP03864,1/29/2025,Divya G,Pune,Scooter,Contract,4.77,Y
DP05855,1/22/2025,Amit V,Bengaluru,Scooter,Full-time,4.18,Y
DP09883,1/8/2025,Rahul I,Pune,Scooter,Full-time,3.87,Y
DP03189,1/28/2025,Ravi Z,Delhi,Cycle,Full-time,4.32,Y
DP03582,1/21/2025,Manoj I,Mumbai,Bike,Contract,4.02,Y
DP03395,1/18/2025,Ravi P,Hyderabad,Scooter,Full-time,4.36,Y
DP00369,1/10/2025,Divya F,Kolkata,Car,Full-time,3.95,Y
DP11102,12/25/2024,Priya Q,Chennai,Scooter,Part-time,4.41,Y
DP04351,1/2/2025,Arjun Y,Pune,Bike,Full-time,4.29,Y
DP02083,1/25/2025,Vikas C,Bengaluru,Scooter,Full-time,4.38,Y
DP00734,1/25/2025,Vikas F,Hyderabad,Scooter,Full-time,4.48,N
DP03686,1/17/2025,Vikas S,Delhi,Bike,Part-time,4.47,Y
DP05536,1/16/2025,Rahul P,Bengaluru,Scooter,Contract,4.16,Y
DP01737,1/23/2025,Meena O,Mumbai,Bike,Part-time,3.73,Y
DP03761,1/20/2025,Rahul A,Chennai,Scooter,Full-time,4.48,Y
DP04142,1/24/2025,Ananya X,Mumbai,Scooter,Part-time,4.15,Y
DP12538,1/26/2025,Nikhil S,Hyderabad,Scooter,Full-time,4.56,Y
DP02991,1/23/2025,Vikas X,Bengaluru,Cycle,Full-time,4.27,Y
DP00405,1/16/2025,Kiran Q,Kolkata,Scooter,Contract,4.32,Y
DP13456,1/11/2025,Ravi N,Delhi,Cycle,Contract,4.94,Y
DP01397,1/16/2025,Arjun E,Mumbai,Scooter,Full-time,4.19,N
DP12205,12/30/2024,Rakesh W,Mumbai,Cycle,Full-time,4.24,Y
DP01881,1/27/2025,Vikas X,Mumbai,Cycle,Part-time,4.15,Y
DP06110,1/21/2025,Neha C,Ahmedabad,Bike,Full-time,4.57,Y
DP11557,1/16/2025,Deepak N,Mumbai,Bike,Full-time,3.7,Y
DP02777,1/17/2025,Kiran P,Hyderabad,Bike,Part-time,3.49,Y
DP01317,1/22/2025,Ananya H,Ahmedabad,Cycle,Part-time,4.75,Y
DP05184,1/12/2025,Manoj W,Hyderabad,Scooter,Full-time,4.51,Y
DP09028,1/17/2025,Rahul W,Hyderabad,Cycle,Full-time,4.21,Y
DP01261,1/17/2025,Vikas F,Ahmedabad,Scooter,Full-time,4.28,Y
DP14043,1/18/2025,Amit V,Mumbai,Bike,Full-time,3.65,N
DP10982,1/17/2025,Neha O,Chennai,Scooter,Full-time,4.08,Y
DP07771,1/27/2025,Manoj P,Chennai,Scooter,Full-time,4.54,Y
DP03773,2/9/2025,Suresh F,Delhi,Cycle,Full-time,4.32,Y
DP06350,1/25/2025,Rahul C,Chennai,Scooter,Full-time,3.97,Y
DP03827,1/21/2025,Ananya V,Pune,Car,Part-time,4.61,Y
DP04513,1/18/2025,Manoj V,Delhi,Scooter,Part-time,3.66,N
DP03257,1/25/2025,Pooja Z,Delhi,Bike,Part-time,3.87,Y
DP10548,1/25/2025,Meena T,Mumbai,Cycle,Full-time,3.75,N
DP11511,1/12/2025,Neha P,Chennai,Bike,Contract,5,Y
DP11798,1/14/2025,Vikas X,Hyderabad,Cycle,Full-time,4.33,N
DP13032,1/20/2025,Kiran A,Mumbai,Bike,Part-time,4.08,Y
DP00358,1/25/2025,Neha Q,Ahmedabad,Bike,Part-time,4.53,Y
DP07651,1/31/2025,Pooja V,Chennai,Bike,Full-time,4.4,Y
DP08709,12/31/2024,Arjun T,Bengaluru,Scooter,Part-time,4.19,Y
DP11201,1/18/2025,Priya S,Mumbai,Cycle,Full-time,4.43,Y
DP11280,1/31/2025,Ananya T,Bengaluru,Cycle,Full-time,4.53,N
DP02536,1/25/2025,Rahul R,Chennai,Scooter,Full-time,3.67,Y
DP07919,1/20/2025,Sneha B,Mumbai,Scooter,Part-time,4.64,Y
DP02972,1/15/2025,Sneha A,Hyderabad,Cycle,Full-time,3.94,Y
DP05025,1/22/2025,Nikhil O,Kolkata,Scooter,Part-time,3.86,Y
DP11919,1/26/2025,Kiran V,Bengaluru,Bike,Part-time,4.42,Y
DP06018,1/26/2025,Deepak H,Chennai,Car,Full-time,3.88,Y
DP03683,1/19/2025,Santosh M,Delhi,Bike,Full-time,4.43,Y
DP13307,1/17/2025,Neha Z,Bengaluru,Bike,Full-time,4.16,Y
DP07925,1/28/2025,Sneha Z,Chennai,Scooter,Full-time,4.64,Y
DP09704,1/20/2025,Amit Y,Bengaluru,Car,Full-time,3.89,Y
DP09724,12/30/2024,Pooja B,Bengaluru,Bike,Part-time,3.95,Y
DP00900,1/18/2025,Ananya Y,Delhi,Car,Part-time,3.94,Y
DP13535,1/20/2025,Sneha E,Pune,Cycle,Part-time,4.46,N
DP02912,1/20/2025,Pooja H,Kolkata,Bike,Part-time,3.79,Y
DP04451,1/18/2025,Divya E,Mumbai,Cycle,Full-time,4.2,Y
DP10131,1/26/2025,Neha K,Chennai,Scooter,Part-time,4.68,Y
DP06282,1/29/2025,Ravi W,Ahmedabad,Cycle,Part-time,4.71,Y
DP08272,1/25/2025,Divya Q,Bengaluru,Scooter,Full-time,3.91,N
DP01033,1/22/2025,Nikhil H,Bengaluru,Bike,Full-time,3.93,Y
DP11221,1/30/2025,Kiran J,Bengaluru,Cycle,Full-time,3.88,Y
DP12517,1/9/2025,Ananya J,Bengaluru,Bike,Part-time,4.06,Y
DP06998,1/31/2025,Rakesh D,Bengaluru,Bike,Contract,4.76,Y
DP08613,1/24/2025,Rahul E,Kolkata,Bike,Full-time,4.18,Y
DP11188,1/30/2025,Shreya Z,Mumbai,Scooter,Full-time,4.4,Y
DP14493,1/26/2025,Rahul V,Chennai,Cycle,Contract,4.51,N
DP14740,1/28/2025,Ravi A,Bengaluru,Scooter,Full-time,3.98,Y
DP07769,1/20/2025,Manoj T,Ahmedabad,Scooter,Part-time,4.46,Y
DP06015,1/30/2025,Deepak E,Pune,Bike,Full-time,4.07,Y
DP02953,1/25/2025,Shreya G,Delhi,Cycle,Contract,4.42,Y
DP04440,1/17/2025,Priya J,Ahmedabad,Bike,Part-time,4.17,Y
DP00945,1/25/2025,Suresh T,Delhi,Cycle,Part-time,3.86,Y
DP07001,1/22/2025,Divya X,Mumbai,Scooter,Part-time,4.33,Y
DP12746,2/23/2025,Manoj I,Delhi,Scooter,Part-time,4.75,Y
DP00232,1/10/2025,Deepak F,Pune,Bike,Full-time,4.07,Y
DP00565,1/19/2025,Rahul S,Ahmedabad,Scooter,Full-time,4.66,Y
DP03219,1/28/2025,Neha X,Ahmedabad,Scooter,Full-time,4.69,N
DP08579,1/24/2025,Neha O,Mumbai,Cycle,Full-time,4.05,Y
DP09793,1/17/2025,Shreya A,Chennai,Scooter,Part-time,4.71,Y
DP02674,1/15/2025,Sneha Q,Delhi,Bike,Full-time,3.9,Y
DP04360,1/16/2025,Meena I,Mumbai,Car,Contract,3.88,Y
DP00378,1/24/2025,Sneha O,Hyderabad,Scooter,Full-time,4.27,Y
DP10935,1/24/2025,Meena U,Mumbai,Scooter,Contract,4.19,Y
DP07389,1/29/2025,Rahul Y,Delhi,Scooter,Full-time,4.15,Y
DP09548,12/28/2024,Sneha E,Delhi,Cycle,Part-time,4.37,Y
DP05862,1/29/2025,Pooja D,Bengaluru,Bike,Full-time,4.29,Y
DP02005,1/14/2025,Vikas Z,Mumbai,Cycle,Part-time,4.3,Y
DP03729,1/27/2025,Neha I,Kolkata,Bike,Contract,4.08,Y
DP13716,1/25/2025,Ravi U,Ahmedabad,Bike,Part-time,3.69,Y
DP00411,1/17/2025,Priya I,Pune,Bike,Full-time,4.23,Y
DP02437,1/26/2025,Arjun M,Bengaluru,Scooter,Full-time,4.12,Y
DP02816,1/14/2025,Nikhil O,Chennai,Scooter,Full-time,4.01,Y
DP04160,1/28/2025,Suresh P,Mumbai,Cycle,Full-time,4.06,Y
DP12179,1/24/2025,Ananya R,Chennai,Bike,Full-time,4,Y
DP05017,1/25/2025,Manoj M,Delhi,Scooter,Part-time,4.24,Y
DP07442,1/30/2025,Kiran V,Bengaluru,Bike,Full-time,4.26,Y
DP00121,1/29/2025,Rakesh W,Mumbai,Scooter,Full-time,4.17,N
DP05842,1/10/2025,Vikas P,Kolkata,Scooter,Full-time,3.87,Y
DP06932,1/25/2025,Shreya A,Hyderabad,Bike,Part-time,4.11,Y
DP05881,1/26/2025,Divya A,Delhi,Cycle,Full-time,4.28,Y
DP04364,1/8/2025,Neha P,Delhi,Cycle,Part-time,3.99,Y
DP13927,1/27/2025,Ananya C,Bengaluru,Cycle,Full-time,4.28,Y
DP12809,1/27/2025,Vikas G,Hyderabad,Bike,Contract,3.46,Y
DP01833,1/24/2025,Amit E,Bengaluru,Car,Contract,4.01,Y
DP08438,12/18/2024,Pooja G,Chennai,Bike,Contract,3.88,Y
DP01465,1/19/2025,Rahul S,Mumbai,Scooter,Part-time,3.72,Y
DP06339,1/18/2025,Ananya G,Ahmedabad,Scooter,Full-time,3.72,Y
DP09030,1/18/2025,Sneha B,Kolkata,Bike,Contract,3.82,N
DP11464,1/20/2025,Pooja A,Mumbai,Scooter,Full-time,4.14,N
DP03420,1/8/2025,Santosh K,Bengaluru,Scooter,Contract,4.76,Y
DP08336,1/17/2025,Vikas D,Hyderabad,Scooter,Part-time,3.8,N
DP12964,1/7/2025,Shreya M,Delhi,Scooter,Contract,3.86,Y
DP08837,1/26/2025,Divya G,Mumbai,Bike,Full-time,4.27,N
DP08644,1/28/2025,Arjun Y,Kolkata,Scooter,Part-time,5,N
DP14054,1/20/2025,Neha R,Hyderabad,Scooter,Full-time,4.11,Y
DP14111,1/30/2025,Ananya Q,Delhi,Scooter,Full-time,3.93,Y
DP09964,1/28/2025,Manoj B,Bengaluru,Scooter,Contract,4.6,Y
DP08150,1/19/2025,Suresh P,Bengaluru,Bike,Part-time,3.85,Y
DP13465,2/8/2025,Sneha H,Bengaluru,Scooter,Contract,4.14,Y
DP07599,1/30/2025,Rakesh A,Ahmedabad,Bike,Full-time,4.21,Y
DP10190,1/14/2025,Vikas F,Bengaluru,Scooter,Part-time,4.14,Y
DP04433,1/22/2025,Suresh O,Kolkata,Scooter,Part-time,3.95,Y
DP03303,1/24/2025,Sneha N,Bengaluru,Scooter,Full-time,4.15,Y
DP05782,1/28/2025,Manoj Q,Chennai,Bike,Contract,3.66,Y
DP03756,1/23/2025,Kiran J,Kolkata,Bike,Full-time,4.09,Y
DP14656,1/13/2025,Shreya X,Delhi,Bike,Full-time,4.17,Y
DP11770,1/18/2025,Arjun I,Chennai,Scooter,Contract,4.29,Y
DP05812,1/23/2025,Santosh P,Kolkata,Scooter,Full-time,4.48,Y
DP08952,1/28/2025,Rahul K,Bengaluru,Scooter,Part-time,3.94,Y
DP07143,1/25/2025,Suresh B,Kolkata,Scooter,Part-time,4.58,Y
DP11082,1/21/2025,Kiran E,Chennai,Cycle,Full-time,4.75,Y
DP06375,12/22/2024,Rakesh G,Chennai,Cycle,Full-time,4.55,Y
DP01951,1/29/2025,Manoj T,Chennai,Scooter,Full-time,4.32,Y
DP04783,1/21/2025,Sneha O,Mumbai,Bike,Full-time,4.38,Y
DP14174,1/26/2025,Shreya K,Bengaluru,Car,Full-time,3.82,Y
DP01398,1/27/2025,Meena C,Bengaluru,Scooter,Part-time,4.77,Y
DP04801,1/10/2025,Divya P,Delhi,Scooter,Contract,4.17,Y
DP06695,2/17/2025,Nikhil G,Mumbai,Bike,Full-time,3.82,Y
DP06872,1/25/2025,Manoj C,Hyderabad,Scooter,Full-time,4.16,Y
DP00812,1/28/2025,Divya B,Delhi,Scooter,Part-time,4.48,N
DP08720,1/26/2025,Rakesh H,Ahmedabad,Car,Full-time,4.14,Y
DP08377,2/10/2025,Priya H,Ahmedabad,Scooter,Part-time,4.49,Y
DP09107,1/12/2025,Divya D,Delhi,Cycle,Part-time,4.12,Y
DP03187,1/25/2025,Manoj T,Bengaluru,Bike,Contract,3.69,Y
DP06239,1/30/2025,Ananya T,Hyderabad,Scooter,Full-time,4.58,Y
DP11440,2/21/2025,Shreya R,Hyderabad,Car,Full-time,3.72,Y
DP04056,1/30/2025,Shreya C,Ahmedabad,Cycle,Part-time,3.98,Y
DP08145,1/29/2025,Rakesh M,Bengaluru,Bike,Part-time,4.24,Y
DP02903,1/18/2025,Santosh V,Kolkata,Cycle,Part-time,4.49,Y
DP11140,1/25/2025,Nikhil F,Delhi,Bike,Part-time,3.92,Y
DP06082,1/31/2025,Suresh Q,Mumbai,Cycle,Full-time,4.35,N
DP11558,1/24/2025,Amit V,Pune,Car,Part-time,4.25,Y
DP01428,1/19/2025,Shreya O,Ahmedabad,Cycle,Full-time,3.83,Y
DP03781,1/19/2025,Nikhil F,Bengaluru,Scooter,Part-time,3.87,Y
DP00007,1/26/2025,Meena S,Delhi,Scooter,Full-time,3.71,Y
DP05902,1/8/2025,Sneha Q,Ahmedabad,Cycle,Full-time,4.44,N
DP11062,1/15/2025,Santosh L,Delhi,Bike,Full-time,3.97,Y
DP10528,1/12/2025,Deepak F,Bengaluru,Scooter,Full-time,4.41,Y
DP07562,1/30/2025,Vikas S,Mumbai,Cycle,Full-time,4.09,Y
DP08109,1/19/2025,Nikhil C,Delhi,Scooter,Part-time,4.67,Y
DP06221,1/14/2025,Nikhil D,Chennai,Cycle,Full-time,4.58,Y
DP02271,1/21/2025,Rahul A,Hyderabad,Bike,Contract,4.97,Y
DP06025,1/30/2025,Divya I,Bengaluru,Cycle,Part-time,4.11,Y
DP04846,1/17/2025,Sneha L,Delhi,Scooter,Part-time,4.74,Y
DP06884,1/22/2025,Manoj M,Hyderabad,Bike,Contract,4.24,Y
DP05435,1/2/2025,Meena X,Hyderabad,Bike,Part-time,3.99,Y
DP06811,1/22/2025,Divya U,Hyderabad,Scooter,Full-time,3.77,Y
DP10687,1/18/2025,Ravi M,Bengaluru,Scooter,Part-time,3.21,Y
DP07278,1/27/2025,Manoj X,Pune,Scooter,Part-time,4.11,Y
DP13686,1/26/2025,Amit A,Bengaluru,Scooter,Part-time,4.35,Y
DP10707,1/7/2025,Vikas A,Hyderabad,Car,Part-time,4.35,Y
DP14921,1/17/2025,Neha O,Bengaluru,Scooter,Part-time,4.69,Y
DP00995,1/15/2025,Kiran L,Mumbai,Car,Full-time,4.38,Y
DP14141,1/18/2025,Sneha H,Mumbai,Cycle,Part-time,4.21,Y
DP10542,1/25/2025,Neha M,Chennai,Bike,Contract,4.53,N
DP12659,1/18/2025,Kiran H,Kolkata,Car,Full-time,4.46,Y
DP12877,12/30/2024,Manoj L,Mumbai,Bike,Part-time,4.71,Y
DP10126,1/25/2025,Amit K,Pune,Bike,Full-time,4.29,N
DP07860,2/3/2025,Pooja E,Kolkata,Bike,Full-time,4.6,Y
DP02556,1/17/2025,Vikas S,Bengaluru,Scooter,Full-time,3.72,N
DP02044,1/22/2025,Santosh W,Bengaluru,Scooter,Contract,3.94,Y
DP07371,1/8/2025,Ananya U,Mumbai,Scooter,Contract,4.24,Y
DP05997,1/26/2025,Shreya H,Bengaluru,Bike,Full-time,3.86,Y
DP02364,1/5/2025,Santosh G,Hyderabad,Cycle,Contract,3.87,Y
DP03581,1/28/2025,Manoj A,Pune,Bike,Part-time,4.2,Y
DP00356,1/6/2025,Pooja S,Mumbai,Car,Part-time,4.55,Y
DP12254,1/28/2025,Arjun F,Mumbai,Scooter,Full-time,4.67,Y
DP02119,1/20/2025,Deepak F,Bengaluru,Cycle,Full-time,4.16,Y
DP08951,1/18/2025,Rahul I,Delhi,Car,Part-time,4.89,Y
DP01859,1/16/2025,Pooja Q,Pune,Bike,Part-time,3.8,Y
DP11330,1/13/2025,Manoj Q,Delhi,Bike,Contract,4.27,N
DP03689,1/18/2025,Meena F,Delhi,Bike,Full-time,4.34,Y
DP04016,1/13/2025,Rahul C,Hyderabad,Bike,Part-time,4.2,Y
DP08508,4/1/2025,Vikas D,Ahmedabad,Bike,Contract,4.07,Y
DP09534,1/26/2025,Ravi S,Mumbai,Bike,Full-time,3.85,Y
DP03709,1/20/2025,Amit Q,Ahmedabad,Scooter,Contract,4.66,N
DP09339,1/24/2025,Rakesh I,Pune,Car,Full-time,4.44,Y
DP00200,1/30/2025,Santosh P,Chennai,Scooter,Full-time,4.1,Y
DP12663,1/30/2025,Shreya Z,Bengaluru,Scooter,Part-time,3.88,Y
DP11416,1/29/2025,Shreya Y,Delhi,Cycle,Full-time,3.83,Y
DP05388,1/31/2025,Rakesh G,Chennai,Cycle,Full-time,3.97,Y
DP04228,1/31/2025,Shreya A,Mumbai,Scooter,Full-time,4.43,Y
DP02372,1/8/2025,Priya I,Hyderabad,Scooter,Contract,4.11,Y
DP14732,1/24/2025,Amit Y,Pune,Scooter,Part-time,4.37,Y
DP06191,1/18/2025,Manoj N,Mumbai,Bike,Part-time,3.7,Y
DP06388,1/15/2025,Arjun Z,Ahmedabad,Bike,Full-time,4.66,Y
DP05894,1/26/2025,Deepak M,Kolkata,Cycle,Part-time,4.58,Y
DP08500,1/20/2025,Amit J,Hyderabad,Bike,Part-time,4.15,Y
DP05913,1/21/2025,Santosh R,Kolkata,Bike,Part-time,3.95,Y
DP12852,1/30/2025,Meena F,Mumbai,Scooter,Part-time,4.64,Y
DP14816,1/26/2025,Shreya T,Hyderabad,Scooter,Full-time,3.78,N
DP07321,1/28/2025,Pooja R,Ahmedabad,Bike,Full-time,4.19,Y
DP02635,1/23/2025,Ravi G,Delhi,Scooter,Contract,3.84,Y
DP02490,1/26/2025,Manoj Z,Kolkata,Bike,Contract,4.32,Y
DP13316,1/13/2025,Neha K,Hyderabad,Scooter,Contract,4.33,Y
DP12435,3/6/2025,Suresh S,Bengaluru,Bike,Contract,3.9,N
DP12493,2/3/2025,Nikhil W,Hyderabad,Bike,Full-time,3.87,Y
DP09258,1/21/2025,Ravi H,Hyderabad,Cycle,Contract,4.06,Y
DP10631,1/18/2025,Pooja D,Kolkata,Bike,Full-time,4.56,Y
DP06901,1/18/2025,Divya K,Pune,Cycle,Full-time,4.06,Y
DP09237,1/19/2025,Sneha I,Ahmedabad,Cycle,Full-time,3.89,Y
DP08169,1/29/2025,Neha Z,Mumbai,Bike,Full-time,3.61,Y
DP01944,3/1/2025,Kiran E,Mumbai,Scooter,Part-time,3.97,Y
DP02590,1/14/2025,Shreya P,Delhi,Scooter,Full-time,4.04,Y
DP01892,1/23/2025,Rakesh A,Mumbai,Scooter,Full-time,4.52,Y
DP13047,1/26/2025,Sneha V,Bengaluru,Scooter,Part-time,4.51,Y
DP14140,2/3/2025,Kiran R,Bengaluru,Scooter,Full-time,4.02,Y
DP11318,1/24/2025,Manoj Y,Pune,Scooter,Part-time,4.13,Y
DP09494,1/12/2025,Santosh J,Bengaluru,Scooter,Part-time,4.19,Y
DP08948,1/18/2025,Priya H,Chennai,Scooter,Full-time,4.14,Y
DP06720,1/15/2025,Santosh U,Mumbai,Bike,Full-time,4.74,N
DP14665,1/24/2025,Ananya T,Ahmedabad,Cycle,Part-time,4.15,Y
DP10888,1/21/2025,Rakesh K,Mumbai,Scooter,Full-time,4.15,Y
DP02232,1/25/2025,Kiran Y,Hyderabad,Car,Full-time,4.73,Y
DP14192,1/30/2025,Ananya A,Ahmedabad,Scooter,Full-time,4.58,Y
DP11211,1/13/2025,Meena O,Bengaluru,Cycle,Full-time,4.23,Y
DP04315,1/23/2025,Ravi N,Kolkata,Cycle,Contract,4.19,Y
DP09820,1/24/2025,Rakesh S,Kolkata,Scooter,Full-time,3.95,N
DP14585,1/13/2025,Shreya J,Chennai,Scooter,Full-time,4.35,Y
DP03832,1/21/2025,Priya R,Ahmedabad,Scooter,Full-time,4.25,Y
DP06233,1/17/2025,Amit I,Mumbai,Bike,Part-time,4.63,Y
DP10539,1/30/2025,Sneha U,Mumbai,Scooter,Full-time,4.4,Y
DP12859,1/29/2025,Amit G,Bengaluru,Car,Full-time,3.82,Y
DP01272,12/30/2024,Vikas V,Chennai,Scooter,Full-time,4.14,Y
DP04612,1/8/2025,Manoj E,Pune,Bike,Full-time,4.26,Y
DP05779,1/22/2025,Kiran H,Pune,Scooter,Contract,3.68,N
DP14804,1/17/2025,Neha C,Bengaluru,Bike,Part-time,3.71,Y
DP00668,1/19/2025,Suresh Z,Ahmedabad,Bike,Full-time,4.36,Y
DP12078,1/22/2025,Santosh P,Bengaluru,Scooter,Full-time,4.16,Y
DP09827,1/29/2025,Deepak D,Ahmedabad,Bike,Contract,4.35,Y
DP07665,1/27/2025,Manoj F,Bengaluru,Scooter,Full-time,4.2,Y
DP06444,1/25/2025,Santosh T,Mumbai,Scooter,Full-time,3.95,Y
DP00127,1/27/2025,Neha A,Bengaluru,Bike,Part-time,4.73,N
DP10883,1/29/2025,Neha V,Kolkata,Cycle,Full-time,4.21,Y
DP01485,1/20/2025,Sneha W,Pune,Scooter,Contract,4.22,Y
DP03620,1/24/2025,Amit U,Delhi,Bike,Part-time,4.79,Y
DP00511,1/19/2025,Amit B,Mumbai,Scooter,Part-time,4.28,N
DP13807,1/13/2025,Divya G,Kolkata,Bike,Full-time,4.42,Y
DP07176,1/3/2025,Manoj Z,Bengaluru,Bike,Part-time,4.32,N
DP13363,1/15/2025,Arjun W,Mumbai,Cycle,Full-time,4.41,Y
DP14352,1/13/2025,Neha S,Chennai,Scooter,Full-time,4.92,N
DP01425,1/22/2025,Deepak Q,Bengaluru,Cycle,Full-time,3.9,Y
DP07201,2/1/2025,Neha E,Chennai,Bike,Full-time,4.34,Y
DP10045,2/1/2025,Vikas C,Ahmedabad,Bike,Full-time,4.53,Y
DP07206,1/26/2025,Nikhil E,Kolkata,Scooter,Full-time,3.57,Y
DP12925,4/12/2025,Santosh U,Ahmedabad,Bike,Full-time,4.53,Y
DP11869,1/22/2025,Deepak G,Bengaluru,Scooter,Full-time,4.05,Y
DP02200,3/5/2025,Priya Q,Delhi,Bike,Part-time,4.43,Y
DP03296,3/5/2025,Santosh G,Delhi,Cycle,Contract,4.41,N
DP05936,1/29/2025,Amit P,Kolkata,Bike,Full-time,3.98,N
DP06360,1/29/2025,Santosh U,Hyderabad,Bike,Full-time,4.66,Y
DP04779,1/29/2025,Shreya D,Chennai,Scooter,Contract,4.33,Y
DP14858,1/9/2025,Priya Z,Mumbai,Scooter,Full-time,4.36,Y
DP00395,1/1/2025,Divya L,Delhi,Cycle,Part-time,4.57,Y
DP09153,1/17/2025,Ananya X,Kolkata,Cycle,Part-time,4.42,Y
DP04159,12/30/2024,Meena D,Bengaluru,Bike,Full-time,4.5,Y
DP07249,1/24/2025,Priya C,Chennai,Bike,Contract,4.48,Y
DP00095,1/20/2025,Amit S,Hyderabad,Scooter,Contract,4.22,Y
DP00857,1/21/2025,Ananya D,Ahmedabad,Bike,Full-time,4.81,Y
DP11970,1/14/2025,Shreya K,Bengaluru,Scooter,Contract,4.41,Y
DP11787,1/17/2025,Pooja L,Bengaluru,Scooter,Part-time,3.8,Y
DP09888,1/26/2025,Neha S,Bengaluru,Bike,Part-time,4.13,Y
DP13487,1/31/2025,Vikas R,Mumbai,Bike,Full-time,4.18,Y
DP06938,1/7/2025,Ravi U,Bengaluru,Scooter,Contract,4.35,Y
DP07822,1/20/2025,Pooja L,Chennai,Bike,Full-time,3.88,Y
DP09384,1/25/2025,Amit Y,Pune,Bike,Part-time,3.55,Y
DP09836,2/3/2025,Santosh S,Chennai,Bike,Part-time,4.75,Y
DP00735,1/16/2025,Santosh Q,Ahmedabad,Scooter,Contract,4.32,Y
DP09456,1/28/2025,Suresh E,Bengaluru,Bike,Part-time,3.95,Y
DP05424,1/22/2025,Neha O,Hyderabad,Bike,Part-time,4.32,Y
DP03708,1/12/2025,Arjun G,Mumbai,Cycle,Part-time,4.02,Y
DP09780,1/22/2025,Santosh Q,Kolkata,Car,Full-time,4.58,Y
DP04717,1/22/2025,Meena H,Chennai,Bike,Contract,4.24,N
DP06809,1/10/2025,Sneha Q,Hyderabad,Bike,Full-time,4.03,Y
DP09289,1/22/2025,Priya L,Hyderabad,Bike,Part-time,4.94,Y
DP01065,1/19/2025,Neha K,Bengaluru,Cycle,Full-time,4.31,Y
DP08693,1/19/2025,Ravi X,Bengaluru,Bike,Full-time,4.73,Y
DP03928,1/18/2025,Kiran T,Bengaluru,Cycle,Full-time,4.46,Y
DP12759,1/29/2025,Priya G,Delhi,Bike,Part-time,4,Y
DP08135,1/6/2025,Vikas S,Mumbai,Scooter,Part-time,4.51,Y
DP14282,2/21/2025,Vikas Q,Chennai,Scooter,Contract,4.18,Y
DP04045,1/27/2025,Suresh D,Delhi,Cycle,Full-time,4.08,Y
DP14523,2/1/2025,Meena M,Mumbai,Scooter,Part-time,4.32,Y
DP09879,1/27/2025,Neha A,Bengaluru,Scooter,Contract,4.12,Y
DP13585,1/29/2025,Nikhil T,Bengaluru,Bike,Contract,3.76,Y
DP01543,1/17/2025,Sneha Z,Ahmedabad,Scooter,Full-time,4.13,Y
DP06182,1/27/2025,Shreya Y,Chennai,Scooter,Part-time,4.44,Y
DP01981,1/21/2025,Sneha T,Mumbai,Cycle,Part-time,4.32,Y
DP05259,1/30/2025,Sneha C,Chennai,Bike,Contract,4.38,N
DP06309,1/30/2025,Pooja D,Delhi,Bike,Part-time,4.77,Y
DP10949,1/29/2025,Kiran W,Bengaluru,Scooter,Contract,5,Y
DP14958,1/16/2025,Arjun F,Kolkata,Scooter,Part-time,3.61,N
DP11003,1/9/2025,Deepak V,Ahmedabad,Bike,Full-time,4.6,Y
DP01003,1/23/2025,Ananya N,Chennai,Cycle,Full-time,4.36,Y
DP14113,1/30/2025,Ananya G,Hyderabad,Scooter,Full-time,4.16,Y
DP03927,2/10/2025,Ravi T,Chennai,Car,Full-time,4.38,Y
DP04510,1/31/2025,Shreya L,Bengaluru,Scooter,Part-time,4.02,Y
DP06879,1/31/2025,Vikas N,Hyderabad,Scooter,Part-time,4.36,Y
DP11499,1/7/2025,Meena W,Bengaluru,Bike,Full-time,3.49,Y
DP14850,1/20/2025,Vikas S,Bengaluru,Cycle,Full-time,3.87,Y
DP07307,1/28/2025,Pooja B,Delhi,Scooter,Full-time,4.64,Y
DP11605,1/31/2025,Manoj A,Delhi,Car,Full-time,3.99,N
DP06951,2/8/2025,Priya J,Delhi,Car,Full-time,4.33,N
DP02567,1/13/2025,Priya K,Pune,Bike,Full-time,3.47,Y
DP07692,1/4/2025,Priya Y,Hyderabad,Bike,Full-time,4.49,Y
DP07635,4/18/2025,Vikas N,Bengaluru,Bike,Part-time,4.64,N
DP06844,1/26/2025,Ravi C,Hyderabad,Bike,Part-time,4.89,Y
DP05979,1/28/2025,Priya P,Chennai,Bike,Part-time,4.16,Y
DP07580,1/30/2025,Neha K,Bengaluru,Scooter,Contract,4.61,Y
DP14649,1/19/2025,Arjun W,Delhi,Scooter,Full-time,4.31,Y
DP07060,1/31/2025,Shreya A,Kolkata,Bike,Contract,4.5,Y
DP12430,3/20/2025,Sneha J,Chennai,Cycle,Part-time,4.62,N
DP11150,1/23/2025,Ravi W,Bengaluru,Scooter,Contract,3.92,Y
DP13548,1/16/2025,Amit E,Delhi,Scooter,Full-time,3.77,Y
DP04482,2/1/2025,Suresh W,Bengaluru,Scooter,Part-time,4.23,Y
DP07037,1/12/2025,Arjun Z,Kolkata,Scooter,Full-time,3.9,N
DP07182,1/26/2025,Ravi W,Delhi,Scooter,Full-time,3.69,Y
DP05458,1/23/2025,Divya I,Bengaluru,Bike,Contract,4.44,N
DP05943,4/28/2025,Vikas U,Pune,Bike,Full-time,4.42,N
DP12892,2/1/2025,Divya X,Delhi,Bike,Part-time,4.51,Y
DP14247,1/27/2025,Kiran U,Kolkata,Cycle,Full-time,3.96,Y
DP13221,1/22/2025,Ravi K,Chennai,Scooter,Full-time,4.07,N
DP09299,4/2/2025,Nikhil D,Pune,Bike,Full-time,3.95,Y
DP07721,2/13/2025,Shreya C,Hyderabad,Cycle,Part-time,3.65,Y
DP09982,1/15/2025,Shreya G,Bengaluru,Scooter,Part-time,4.29,Y
DP14099,1/11/2025,Santosh Z,Delhi,Scooter,Full-time,3.59,Y
DP07443,1/16/2025,Suresh I,Mumbai,Scooter,Full-time,4.16,Y
DP06109,2/14/2025,Neha B,Ahmedabad,Scooter,Contract,3.92,Y
DP10869,1/2/2025,Deepak I,Chennai,Cycle,Contract,4.46,Y
DP04135,1/29/2025,Kiran F,Bengaluru,Scooter,Contract,4.32,Y
DP07520,1/19/2025,Vikas F,Hyderabad,Cycle,Part-time,4.13,Y
DP11414,1/9/2025,Santosh F,Pune,Cycle,Full-time,4.41,Y
DP13647,1/20/2025,Divya Q,Chennai,Bike,Full-time,4.68,N
DP09682,12/31/2024,Suresh Y,Kolkata,Bike,Full-time,4.23,Y
DP08642,1/23/2025,Neha B,Chennai,Bike,Part-time,4.12,Y
DP10554,1/24/2025,Santosh E,Delhi,Cycle,Part-time,4.59,Y
DP08346,1/25/2025,Neha V,Pune,Car,Part-time,3.96,Y
DP02948,1/30/2025,Rakesh E,Chennai,Scooter,Full-time,4.35,Y
DP14967,2/2/2025,Rakesh E,Kolkata,Scooter,Part-time,3.52,Y
DP03909,1/23/2025,Priya M,Chennai,Scooter,Contract,4.12,N
DP08146,2/10/2025,Rakesh H,Hyderabad,Bike,Full-time,4.51,Y
DP05101,1/20/2025,Santosh P,Bengaluru,Scooter,Part-time,4.55,Y
DP03591,1/26/2025,Rakesh M,Mumbai,Bike,Part-time,4.02,Y
DP03223,1/30/2025,Santosh Z,Hyderabad,Scooter,Part-time,3.61,Y
DP06837,1/21/2025,Manoj O,Mumbai,Scooter,Part-time,4.15,Y
DP13469,12/15/2024,Pooja H,Chennai,Bike,Part-time,4.22,Y
DP05131,1/31/2025,Nikhil H,Ahmedabad,Scooter,Full-time,4.14,Y
DP14815,2/17/2025,Vikas W,Kolkata,Scooter,Part-time,4.45,Y
DP09512,1/28/2025,Nikhil L,Pune,Cycle,Full-time,4.15,Y
DP08003,1/31/2025,Vikas M,Delhi,Scooter,Full-time,4.17,Y
DP05115,1/10/2025,Santosh B,Kolkata,Cycle,Part-time,4,Y
DP03572,1/11/2025,Arjun C,Mumbai,Scooter,Contract,5,Y
DP04472,1/29/2025,Nikhil A,Hyderabad,Scooter,Full-time,4.03,Y
DP07183,1/31/2025,Suresh W,Bengaluru,Scooter,Part-time,3.95,Y
DP01116,1/19/2025,Arjun Q,Hyderabad,Scooter,Contract,4.42,N
DP13975,1/24/2025,Pooja V,Hyderabad,Cycle,Full-time,3.89,Y
DP12100,2/3/2025,Divya C,Pune,Bike,Full-time,3.99,Y
DP00060,1/21/2025,Ravi X,Mumbai,Scooter,Full-time,4.37,Y
DP07313,1/21/2025,Rakesh X,Pune,Bike,Part-time,4.26,Y
DP04547,2/2/2025,Priya X,Ahmedabad,Bike,Full-time,3.82,Y
DP13067,2/4/2025,Arjun C,Mumbai,Bike,Part-time,3.95,Y
DP03787,1/25/2025,Sneha E,Chennai,Scooter,Full-time,3.89,Y
DP05657,1/21/2025,Arjun K,Mumbai,Bike,Full-time,3.96,Y
DP02577,1/23/2025,Shreya S,Delhi,Cycle,Part-time,4.28,N
DP02453,12/25/2024,Deepak T,Bengaluru,Car,Full-time,3.97,Y
DP14084,1/29/2025,Nikhil M,Kolkata,Cycle,Full-time,4.01,Y
DP13948,12/18/2024,Ravi B,Kolkata,Scooter,Contract,4.16,Y
DP14805,1/20/2025,Shreya Q,Ahmedabad,Bike,Part-time,3.87,Y
DP07481,1/31/2025,Neha J,Delhi,Car,Part-time,4.72,Y
DP01058,1/23/2025,Kiran B,Delhi,Cycle,Part-time,3.99,Y
DP13457,1/28/2025,Arjun F,Bengaluru,Scooter,Full-time,3.62,Y
DP00218,1/31/2025,Kiran Z,Bengaluru,Bike,Part-time,4.67,Y
DP13203,1/3/2025,Rakesh T,Delhi,Scooter,Full-time,4.81,Y
DP08027,2/1/2025,Santosh H,Delhi,Cycle,Contract,4.16,N
DP12118,1/27/2025,Meena A,Bengaluru,Cycle,Part-time,4.1,Y
DP11056,1/18/2025,Pooja U,Chennai,Scooter,Full-time,4.49,Y
DP01109,1/11/2025,Kiran C,Bengaluru,Scooter,Contract,3.91,N
DP11923,1/25/2025,Suresh J,Chennai,Bike,Full-time,3.93,N
DP05482,1/7/2025,Suresh O,Bengaluru,Scooter,Full-time,3.82,N
DP03291,1/24/2025,Amit O,Chennai,Scooter,Part-time,4.21,Y
DP04961,1/28/2025,Suresh W,Hyderabad,Scooter,Part-time,4.11,Y
DP13786,12/25/2024,Ananya A,Bengaluru,Scooter,Part-time,4.06,Y
DP13278,12/28/2024,Santosh T,Bengaluru,Scooter,Part-time,3.66,Y
DP12765,2/1/2025,Priya R,Chennai,Bike,Contract,3.73,N
DP11055,1/11/2025,Amit I,Delhi,Cycle,Full-time,4.42,Y
DP01826,1/22/2025,Deepak N,Mumbai,Bike,Full-time,4.11,Y
DP12579,4/21/2025,Ravi B,Bengaluru,Bike,Contract,3.96,Y
DP10021,1/27/2025,Amit H,Ahmedabad,Car,Part-time,4.09,Y
DP02216,1/26/2025,Kiran Q,Delhi,Bike,Full-time,4.12,Y
DP11901,1/26/2025,Arjun Q,Mumbai,Bike,Full-time,4.42,Y
DP05938,1/31/2025,Rakesh F,Ahmedabad,Scooter,Part-time,4.05,Y
DP07234,1/18/2025,Sneha Q,Delhi,Cycle,Part-time,4.47,Y
DP11748,2/12/2025,Ravi W,Kolkata,Bike,Full-time,4.13,N
DP05792,1/29/2025,Deepak M,Bengaluru,Scooter,Full-time,4.35,Y
DP05944,2/1/2025,Manoj S,Bengaluru,Bike,Part-time,4.73,Y
DP12327,1/4/2025,Pooja S,Pune,Cycle,Full-time,3.92,Y
DP13945,1/23/2025,Kiran M,Hyderabad,Cycle,Part-time,4.15,Y
DP14399,1/26/2025,Amit P,Bengaluru,Scooter,Contract,4.13,Y
DP01766,1/29/2025,Pooja K,Bengaluru,Bike,Contract,4.64,Y
DP13695,1/26/2025,Rahul M,Bengaluru,Scooter,Part-time,4.06,Y
DP00228,12/31/2024,Ravi D,Bengaluru,Car,Full-time,4.86,Y
DP07509,1/13/2025,Kiran S,Bengaluru,Cycle,Part-time,4.27,Y
DP02892,1/12/2025,Deepak T,Bengaluru,Scooter,Full-time,4.26,Y
DP04272,1/29/2025,Divya O,Hyderabad,Scooter,Full-time,4.43,Y
DP07423,1/29/2025,Divya R,Mumbai,Bike,Part-time,4.33,Y
DP03286,4/10/2025,Suresh F,Kolkata,Scooter,Contract,4.45,Y
DP06566,5/8/2025,Arjun H,Bengaluru,Scooter,Full-time,4.33,Y
DP00648,1/28/2025,Pooja T,Ahmedabad,Bike,Part-time,3.85,Y
DP13149,2/2/2025,Vikas I,Pune,Bike,Contract,4.07,Y
DP13096,1/26/2025,Pooja A,Chennai,Car,Contract,4.37,Y
DP06075,1/20/2025,Nikhil T,Hyderabad,Bike,Contract,4.12,Y
DP03656,1/21/2025,Rakesh B,Bengaluru,Scooter,Contract,4.08,Y
DP10559,1/2/2025,Suresh E,Hyderabad,Scooter,Full-time,4.67,Y
DP12956,2/1/2025,Pooja K,Bengaluru,Bike,Full-time,3.99,Y
DP03790,1/18/2025,Deepak N,Pune,Scooter,Full-time,4.94,Y
DP11880,1/23/2025,Suresh X,Delhi,Scooter,Contract,3.95,Y
DP01721,1/27/2025,Rahul O,Mumbai,Scooter,Part-time,4.66,Y
DP14642,1/29/2025,Shreya N,Kolkata,Cycle,Contract,3.69,Y
DP08610,1/20/2025,Manoj D,Bengaluru,Scooter,Full-time,3.81,Y
DP10644,1/28/2025,Vikas L,Chennai,Scooter,Contract,4.87,Y
DP04477,1/23/2025,Kiran Y,Bengaluru,Scooter,Full-time,3.94,Y
DP07908,1/6/2025,Nikhil X,Mumbai,Scooter,Contract,3.46,Y
DP13220,1/19/2025,Meena F,Kolkata,Scooter,Full-time,3.66,Y
DP01730,1/27/2025,Arjun A,Chennai,Bike,Part-time,4.14,Y
DP05870,2/3/2025,Rahul E,Mumbai,Cycle,Full-time,4.23,Y
DP08233,1/27/2025,Amit Y,Mumbai,Cycle,Part-time,4.3,Y
DP05224,1/17/2025,Manoj K,Bengaluru,Bike,Part-time,4.37,N
DP06968,1/28/2025,Kiran N,Chennai,Scooter,Full-time,4.37,Y
DP08788,1/4/2025,Pooja V,Delhi,Bike,Full-time,4.2,Y
DP11298,1/13/2025,Amit A,Mumbai,Scooter,Full-time,3.68,Y
DP06786,1/11/2025,Priya F,Mumbai,Bike,Full-time,4.68,Y
DP04787,2/12/2025,Pooja K,Chennai,Bike,Full-time,4.22,Y
DP01132,1/27/2025,Meena P,Bengaluru,Scooter,Full-time,4.36,Y
DP11081,1/17/2025,Sneha Q,Pune,Cycle,Contract,3.69,Y
DP01187,1/7/2025,Divya X,Delhi,Bike,Part-time,4.15,Y
DP10983,1/29/2025,Shreya Q,Chennai,Bike,Full-time,4.36,Y
DP02436,1/13/2025,Kiran Q,Bengaluru,Scooter,Part-time,4.49,Y
DP14103,1/22/2025,Suresh Q,Kolkata,Bike,Full-time,3.99,Y
DP03811,2/7/2025,Meena F,Hyderabad,Bike,Part-time,4.17,Y
DP00690,1/28/2025,Santosh K,Bengaluru,Cycle,Full-time,4.19,Y
DP11075,1/28/2025,Vikas O,Mumbai,Cycle,Part-time,3.75,Y
DP04782,1/7/2025,Priya O,Bengaluru,Scooter,Full-time,4.21,Y
DP09541,2/8/2025,Priya G,Hyderabad,Bike,Full-time,4.22,Y
DP01084,1/9/2025,Suresh D,Mumbai,Bike,Full-time,4.44,Y
DP02236,1/15/2025,Manoj Q,Bengaluru,Scooter,Full-time,3.76,Y
DP11417,1/7/2025,Kiran U,Ahmedabad,Car,Full-time,3.81,Y
DP09484,2/1/2025,Nikhil K,Delhi,Scooter,Full-time,3.82,Y
DP10358,2/12/2025,Meena I,Chennai,Bike,Contract,4.12,Y
DP05857,1/24/2025,Divya Z,Bengaluru,Scooter,Full-time,4.42,Y
DP13396,1/16/2025,Rahul P,Delhi,Scooter,Contract,3.91,Y
DP11010,1/20/2025,Ravi Y,Bengaluru,Bike,Full-time,4.4,Y
DP05012,1/24/2025,Deepak G,Hyderabad,Scooter,Full-time,4,N
DP12742,1/25/2025,Nikhil Q,Pune,Scooter,Contract,4.38,Y
DP09306,1/22/2025,Nikhil K,Delhi,Bike,Contract,4.3,Y
DP12826,1/19/2025,Arjun H,Hyderabad,Scooter,Full-time,3.86,Y
DP05477,1/30/2025,Shreya P,Chennai,Bike,Contract,4.45,Y
DP01045,1/16/2025,Priya A,Hyderabad,Bike,Full-time,3.89,Y
DP03517,1/26/2025,Sneha L,Kolkata,Bike,Full-time,4.39,Y
DP10265,1/21/2025,Vikas J,Pune,Cycle,Full-time,3.92,Y
DP09676,1/19/2025,Suresh Z,Mumbai,Bike,Full-time,4.58,Y
DP01324,1/11/2025,Kiran S,Mumbai,Bike,Full-time,4.51,Y
DP01144,1/29/2025,Deepak C,Bengaluru,Scooter,Full-time,4.72,Y
DP03169,1/20/2025,Rakesh T,Kolkata,Bike,Full-time,4.12,Y
DP12611,1/29/2025,Vikas G,Chennai,Scooter,Part-time,4.12,Y
DP07845,1/1/2025,Vikas S,Bengaluru,Bike,Full-time,3.83,Y
DP13119,12/28/2024,Meena X,Bengaluru,Bike,Contract,3.86,Y
DP13724,1/21/2025,Deepak S,Mumbai,Cycle,Full-time,4.78,Y
DP08255,1/22/2025,Rakesh Q,Chennai,Bike,Full-time,3.66,Y
DP11864,1/29/2025,Ravi B,Hyderabad,Bike,Contract,4.64,Y
DP03699,1/24/2025,Meena Q,Delhi,Scooter,Full-time,4.28,Y
DP13321,1/26/2025,Amit O,Hyderabad,Car,Contract,4.57,Y
DP05658,2/7/2025,Shreya F,Chennai,Bike,Full-time,3.88,Y
DP04015,1/27/2025,Meena M,Delhi,Scooter,Full-time,4.71,Y
DP03388,1/13/2025,Divya Q,Mumbai,Bike,Part-time,3.82,Y
DP00089,12/29/2024,Divya J,Mumbai,Scooter,Full-time,3.76,Y
DP08055,1/27/2025,Deepak M,Delhi,Bike,Full-time,4.92,Y
DP14102,1/24/2025,Vikas R,Ahmedabad,Scooter,Full-time,4.07,Y
DP13180,1/23/2025,Neha A,Chennai,Scooter,Contract,4.68,Y
DP14777,1/30/2025,Meena U,Delhi,Bike,Part-time,3.96,N
DP12120,1/23/2025,Rahul H,Bengaluru,Scooter,Full-time,3.72,Y
DP12206,1/1/2025,Amit C,Ahmedabad,Bike,Full-time,4.55,N
DP03530,1/30/2025,Nikhil I,Mumbai,Car,Contract,4.03,Y
DP11058,1/30/2025,Kiran P,Ahmedabad,Cycle,Part-time,4.24,Y
DP01237,1/27/2025,Santosh V,Ahmedabad,Cycle,Part-time,4.11,Y
DP12081,1/29/2025,Manoj J,Bengaluru,Bike,Full-time,3.78,N
DP01459,1/11/2025,Priya U,Bengaluru,Scooter,Part-time,4.54,Y
DP06006,1/18/2025,Kiran P,Mumbai,Scooter,Part-time,3.99,N
DP02831,1/14/2025,Meena V,Hyderabad,Bike,Full-time,4.54,Y
DP05011,1/18/2025,Shreya P,Mumbai,Scooter,Part-time,4.29,Y
DP01291,1/19/2025,Nikhil T,Mumbai,Bike,Part-time,4.31,Y
DP06600,1/31/2025,Suresh N,Kolkata,Cycle,Part-time,3.67,Y
DP11226,1/21/2025,Ravi V,Bengaluru,Scooter,Contract,4.56,Y
DP03380,1/6/2025,Neha Z,Chennai,Cycle,Part-time,4.72,Y
DP01670,1/30/2025,Deepak S,Kolkata,Car,Full-time,4.54,Y
DP14073,1/9/2025,Priya K,Chennai,Bike,Full-time,4.48,Y
DP05008,2/2/2025,Priya Q,Hyderabad,Cycle,Part-time,4.13,Y
DP13383,1/1/2025,Deepak S,Delhi,Scooter,Contract,3.96,Y
DP12399,1/31/2025,Manoj O,Pune,Scooter,Full-time,4.18,Y
DP03808,1/15/2025,Deepak H,Kolkata,Bike,Contract,4.18,Y
DP11612,1/15/2025,Ravi N,Mumbai,Cycle,Full-time,4.03,Y
DP03408,1/29/2025,Sneha H,Mumbai,Bike,Part-time,4.21,Y
DP11636,1/29/2025,Meena D,Kolkata,Bike,Part-time,4.66,N
DP13693,1/25/2025,Priya I,Ahmedabad,Bike,Contract,4.11,Y
DP05350,1/16/2025,Priya J,Delhi,Bike,Full-time,4.45,N
DP14119,1/26/2025,Priya C,Hyderabad,Scooter,Part-time,4.51,Y
DP03629,1/24/2025,Divya A,Bengaluru,Bike,Part-time,4.32,Y
DP06533,1/30/2025,Neha Q,Delhi,Scooter,Full-time,4.13,Y
DP09461,1/31/2025,Nikhil R,Chennai,Bike,Part-time,3.9,Y
DP12067,1/23/2025,Ravi E,Chennai,Scooter,Part-time,3.73,N
DP14703,1/27/2025,Vikas S,Delhi,Car,Part-time,3.71,Y
DP09950,2/17/2025,Shreya T,Delhi,Bike,Full-time,4.51,Y
DP13156,2/2/2025,Priya V,Ahmedabad,Bike,Contract,4.36,Y
DP11755,1/24/2025,Divya X,Pune,Cycle,Contract,3.82,Y
DP13924,2/10/2025,Deepak S,Delhi,Cycle,Full-time,4.37,Y
DP07269,1/22/2025,Arjun T,Kolkata,Scooter,Contract,3.7,Y
DP09086,1/27/2025,Meena B,Chennai,Cycle,Part-time,3.32,Y
DP06560,2/2/2025,Ananya O,Ahmedabad,Scooter,Full-time,4.07,Y
DP05670,4/17/2025,Neha F,Chennai,Scooter,Full-time,4.16,Y
DP14262,1/31/2025,Nikhil S,Mumbai,Cycle,Full-time,4.35,Y
DP05503,1/22/2025,Meena R,Hyderabad,Cycle,Full-time,4.34,Y
DP10684,1/26/2025,Santosh C,Pune,Scooter,Full-time,3.84,Y
DP09151,1/22/2025,Shreya E,Hyderabad,Scooter,Full-time,4.48,Y
DP10997,1/27/2025,Vikas A,Bengaluru,Scooter,Part-time,4.63,Y
DP14976,2/2/2025,Ananya F,Pune,Scooter,Part-time,4.17,Y
DP06487,1/27/2025,Ravi C,Ahmedabad,Car,Full-time,4.27,Y
DP01939,1/28/2025,Meena T,Mumbai,Scooter,Full-time,4.44,Y
DP13958,1/7/2025,Neha D,Kolkata,Bike,Part-time,3.92,Y
DP13620,1/26/2025,Manoj J,Mumbai,Scooter,Full-time,4.06,Y
DP00418,1/16/2025,Priya G,Bengaluru,Scooter,Contract,4.47,Y
DP00781,1/28/2025,Suresh X,Delhi,Scooter,Contract,4.35,Y
DP14029,1/8/2025,Vikas U,Hyderabad,Bike,Part-time,3.57,Y
DP11047,1/14/2025,Kiran V,Mumbai,Cycle,Part-time,3.78,Y
DP14648,1/30/2025,Meena C,Mumbai,Bike,Full-time,4.49,Y
DP08382,2/1/2025,Ananya T,Bengaluru,Cycle,Contract,4.4,Y
DP14715,1/27/2025,Vikas J,Bengaluru,Bike,Part-time,4.38,Y
DP07074,1/29/2025,Vikas R,Delhi,Bike,Full-time,3.91,Y
DP10662,1/31/2025,Santosh M,Kolkata,Cycle,Part-time,4.58,Y
DP10525,2/6/2025,Priya Z,Bengaluru,Cycle,Full-time,3.83,Y
DP08531,12/27/2024,Divya S,Pune,Bike,Part-time,4.28,N
DP08368,1/14/2025,Meena H,Hyderabad,Cycle,Part-time,4.53,Y
DP01727,1/23/2025,Meena I,Delhi,Cycle,Full-time,3.75,Y
DP04973,1/7/2025,Divya E,Ahmedabad,Bike,Full-time,4.49,Y
DP07874,1/17/2025,Arjun L,Hyderabad,Bike,Contract,3.29,Y
DP05712,1/10/2025,Amit E,Bengaluru,Bike,Full-time,3.92,Y
DP00938,1/14/2025,Arjun H,Bengaluru,Bike,Part-time,3.64,Y
DP04815,3/5/2025,Divya T,Bengaluru,Cycle,Full-time,4.58,Y
DP01407,1/23/2025,Manoj D,Chennai,Bike,Full-time,4.21,Y
DP11620,2/15/2025,Priya R,Delhi,Scooter,Full-time,4.52,N
DP05423,1/28/2025,Vikas I,Bengaluru,Scooter,Full-time,3.82,Y
DP12550,1/27/2025,Kiran C,Delhi,Scooter,Full-time,4.3,Y
DP05395,1/2/2025,Deepak M,Delhi,Cycle,Part-time,4.53,Y
DP12291,1/24/2025,Shreya L,Kolkata,Bike,Contract,4.02,Y
DP14098,1/19/2025,Neha I,Bengaluru,Cycle,Part-time,4.55,Y
DP06766,1/20/2025,Ravi B,Delhi,Bike,Full-time,4.33,Y
DP09705,2/23/2025,Manoj F,Delhi,Car,Full-time,4.54,Y
DP11590,12/26/2024,Arjun A,Chennai,Scooter,Contract,4.21,Y
DP09254,2/3/2025,Deepak Z,Bengaluru,Cycle,Part-time,4.15,Y
DP02974,1/21/2025,Rakesh L,Delhi,Bike,Part-time,4.38,Y
DP02192,1/25/2025,Neha V,Ahmedabad,Scooter,Full-time,4.85,Y
DP00790,2/1/2025,Arjun D,Bengaluru,Scooter,Part-time,4.14,Y
DP05399,1/19/2025,Shreya F,Bengaluru,Bike,Contract,4.49,N
DP01078,1/28/2025,Shreya N,Delhi,Bike,Full-time,3.93,Y
DP05051,1/28/2025,Shreya Y,Ahmedabad,Car,Full-time,4.42,Y
DP01695,1/26/2025,Kiran E,Delhi,Scooter,Full-time,4.75,Y
DP07838,1/31/2025,Pooja P,Mumbai,Cycle,Full-time,4.19,Y
DP06643,1/15/2025,Shreya G,Bengaluru,Cycle,Full-time,4.18,Y
DP06729,1/7/2025,Priya H,Ahmedabad,Bike,Full-time,4.17,Y
DP10091,1/26/2025,Divya L,Delhi,Cycle,Full-time,4.32,Y
DP13732,1/9/2025,Santosh K,Hyderabad,Bike,Full-time,4.44,Y
DP12768,1/17/2025,Kiran H,Mumbai,Bike,Part-time,4.1,N
DP00789,2/1/2025,Ravi T,Pune,Cycle,Part-time,4.39,N
DP06206,1/28/2025,Kiran B,Chennai,Scooter,Part-time,3.73,Y
DP00463,1/15/2025,Vikas I,Chennai,Bike,Part-time,4.3,Y
DP00657,2/3/2025,Neha X,Bengaluru,Car,Full-time,4.38,Y
DP01056,12/29/2024,Meena I,Bengaluru,Bike,Full-time,4.21,Y
DP07208,1/28/2025,Amit C,Mumbai,Scooter,Full-time,3.83,Y
DP07619,1/24/2025,Suresh N,Mumbai,Scooter,Full-time,4.13,Y
DP07729,2/1/2025,Divya S,Pune,Cycle,Full-time,4.29,Y
DP12113,1/30/2025,Priya T,Delhi,Bike,Contract,4.12,Y
DP01854,12/30/2024,Priya K,Bengaluru,Scooter,Full-time,3.94,Y
DP04416,2/3/2025,Santosh R,Chennai,Scooter,Full-time,4.8,Y
DP02925,1/18/2025,Rakesh W,Bengaluru,Bike,Full-time,4.29,Y
DP06851,1/31/2025,Ananya J,Delhi,Scooter,Part-time,4.35,N
DP12211,1/19/2025,Pooja Q,Chennai,Bike,Part-time,3.95,Y
DP11169,1/21/2025,Ravi J,Bengaluru,Bike,Part-time,4.55,N
DP08351,1/16/2025,Ananya W,Chennai,Scooter,Part-time,3.89,N
DP13932,1/15/2025,Meena C,Delhi,Bike,Contract,4.3,Y
DP09004,1/27/2025,Amit W,Delhi,Bike,Contract,3.75,Y
DP14566,1/19/2025,Divya J,Kolkata,Bike,Contract,3.95,Y
DP12503,1/5/2025,Rahul I,Bengaluru,Bike,Full-time,4.13,Y
DP02862,1/16/2025,Pooja C,Mumbai,Bike,Full-time,3.95,Y
DP14158,2/3/2025,Suresh J,Ahmedabad,Scooter,Part-time,3.85,Y
DP10263,1/9/2025,Suresh W,Delhi,Cycle,Part-time,3.64,N
DP00570,1/22/2025,Vikas E,Mumbai,Car,Full-time,3.68,Y
DP05504,1/7/2025,Divya S,Delhi,Bike,Full-time,4.4,N
DP05006,1/26/2025,Suresh J,Delhi,Scooter,Full-time,4.27,Y
DP12299,1/30/2025,Sneha J,Chennai,Scooter,Full-time,4.37,Y
DP01612,1/16/2025,Ravi B,Bengaluru,Scooter,Full-time,3.82,Y
DP13529,1/6/2025,Deepak L,Pune,Scooter,Full-time,4.04,Y
DP06424,2/23/2025,Deepak M,Bengaluru,Bike,Contract,3.99,Y
DP00828,1/29/2025,Arjun F,Pune,Bike,Full-time,4.18,Y
DP01781,1/11/2025,Pooja M,Hyderabad,Scooter,Part-time,3.78,Y
DP13713,1/14/2025,Shreya K,Mumbai,Bike,Full-time,3.89,Y
DP04874,1/28/2025,Rakesh J,Chennai,Scooter,Full-time,4.15,Y
DP09285,1/19/2025,Kiran V,Pune,Car,Contract,4.74,Y
DP10751,1/31/2025,Amit V,Kolkata,Scooter,Contract,3.29,Y
DP10009,1/14/2025,Divya G,Bengaluru,Bike,Full-time,3.77,Y
DP08795,1/25/2025,Arjun C,Bengaluru,Scooter,Full-time,4.4,N
DP10367,1/30/2025,Arjun C,Bengaluru,Cycle,Full-time,4.21,N
DP12199,1/2/2025,Sneha I,Delhi,Scooter,Part-time,4.37,Y
DP12490,2/2/2025,Neha X,Chennai,Scooter,Full-time,3.88,Y
DP08448,1/5/2025,Pooja W,Bengaluru,Bike,Full-time,3.89,Y
DP12340,2/2/2025,Arjun E,Delhi,Cycle,Full-time,4.14,Y
DP00265,1/25/2025,Deepak A,Bengaluru,Scooter,Contract,3.94,N
DP05761,1/17/2025,Shreya D,Hyderabad,Cycle,Full-time,4.35,Y
DP13426,1/19/2025,Santosh X,Chennai,Bike,Full-time,4.05,Y
DP14064,1/25/2025,Ananya E,Delhi,Car,Full-time,3.88,Y
DP04570,1/13/2025,Suresh U,Delhi,Bike,Contract,3.87,Y
DP01095,2/2/2025,Shreya F,Mumbai,Bike,Full-time,4.1,Y
DP11425,1/20/2025,Neha B,Delhi,Bike,Part-time,4.51,Y
DP00049,1/19/2025,Rahul E,Mumbai,Scooter,Part-time,4.53,N
DP01286,1/30/2025,Neha G,Delhi,Scooter,Part-time,3.89,Y
DP09957,1/22/2025,Suresh V,Delhi,Bike,Full-time,4.28,Y
DP04442,2/1/2025,Manoj C,Chennai,Scooter,Contract,4.51,Y
DP07152,1/27/2025,Shreya O,Kolkata,Scooter,Full-time,4.37,N
DP03616,1/26/2025,Amit Y,Bengaluru,Bike,Full-time,3.9,Y
DP01131,1/22/2025,Shreya A,Bengaluru,Bike,Full-time,4.02,Y
DP13296,1/29/2025,Ananya F,Bengaluru,Scooter,Contract,4.85,Y
DP13223,1/7/2025,Nikhil X,Mumbai,Car,Part-time,4.23,Y
DP02117,1/26/2025,Santosh V,Ahmedabad,Bike,Full-time,4.59,Y
DP05003,2/11/2025,Pooja L,Ahmedabad,Scooter,Full-time,3.88,Y
DP07999,1/16/2025,Nikhil Q,Delhi,Bike,Full-time,4.01,Y
DP13648,1/25/2025,Manoj U,Delhi,Cycle,Full-time,4.03,Y
DP08031,1/26/2025,Nikhil H,Mumbai,Scooter,Contract,3.83,Y
DP11006,1/29/2025,Nikhil Z,Pune,Scooter,Full-time,3.84,Y
DP10814,2/6/2025,Priya E,Mumbai,Scooter,Full-time,4.67,Y
DP00430,1/25/2025,Arjun P,Delhi,Scooter,Part-time,4.53,Y
DP08668,1/15/2025,Meena C,Bengaluru,Scooter,Full-time,4.22,Y
DP05622,1/7/2025,Ravi T,Chennai,Scooter,Full-time,4.2,Y
DP13406,1/11/2025,Shreya M,Hyderabad,Cycle,Full-time,4.47,N
DP15000,1/24/2025,Suresh L,Bengaluru,Bike,Contract,3.93,Y
DP09225,1/18/2025,Sneha E,Delhi,Scooter,Full-time,4.21,Y
DP13442,2/1/2025,Rakesh H,Bengaluru,Bike,Full-time,3.86,Y
DP02620,1/16/2025,Santosh L,Delhi,Scooter,Part-time,4.28,Y
DP02095,1/29/2025,Santosh Q,Bengaluru,Bike,Full-time,4.24,Y
DP10763,1/30/2025,Arjun Z,Mumbai,Scooter,Full-time,4.66,Y
DP14542,3/17/2025,Santosh F,Chennai,Cycle,Full-time,4.07,Y
DP11544,1/30/2025,Manoj G,Bengaluru,Scooter,Full-time,4.21,N
DP09241,2/28/2025,Suresh T,Pune,Cycle,Contract,4.34,Y
DP06365,1/26/2025,Santosh D,Chennai,Scooter,Full-time,4.16,Y
DP14235,12/29/2024,Rakesh K,Mumbai,Scooter,Contract,4.78,Y
DP14145,1/31/2025,Arjun T,Bengaluru,Scooter,Full-time,4.29,N
DP09167,1/20/2025,Sneha Q,Bengaluru,Scooter,Full-time,4.49,Y
DP02640,2/2/2025,Nikhil O,Delhi,Bike,Contract,4.4,Y
DP03606,2/3/2025,Sneha P,Chennai,Scooter,Part-time,4.27,Y
DP07084,1/11/2025,Suresh N,Bengaluru,Cycle,Part-time,4.56,Y
DP10697,1/16/2025,Priya U,Delhi,Bike,Full-time,4.62,N
DP06242,1/29/2025,Santosh Y,Mumbai,Cycle,Full-time,4.23,N
DP11463,1/5/2025,Divya S,Bengaluru,Scooter,Contract,3.83,Y
DP11913,2/2/2025,Rakesh U,Bengaluru,Bike,Full-time,4.01,N
DP00813,2/5/2025,Vikas C,Bengaluru,Bike,Part-time,4.04,Y
DP11349,1/31/2025,Deepak K,Kolkata,Bike,Part-time,3.7,Y
DP07078,2/1/2025,Neha J,Kolkata,Bike,Full-time,3.99,Y
DP09317,12/30/2024,Ravi E,Pune,Scooter,Full-time,4.02,Y
DP01843,1/24/2025,Ananya J,Hyderabad,Bike,Part-time,4.03,Y
DP10671,2/2/2025,Ravi Q,Kolkata,Bike,Part-time,4,Y
DP02214,12/29/2024,Divya W,Hyderabad,Scooter,Full-time,3.9,Y
DP00176,1/27/2025,Santosh N,Delhi,Scooter,Contract,4.29,N
DP03012,1/4/2025,Deepak Z,Bengaluru,Scooter,Full-time,4.45,Y
DP06465,12/28/2024,Meena T,Delhi,Cycle,Full-time,4.42,Y
DP04137,1/22/2025,Ananya R,Mumbai,Bike,Full-time,4.27,Y
DP05389,1/3/2025,Manoj T,Mumbai,Scooter,Contract,3.92,Y
DP06447,2/16/2025,Amit C,Delhi,Bike,Part-time,3.58,Y
DP02302,1/19/2025,Kiran Z,Chennai,Scooter,Contract,4.05,Y
DP06773,1/26/2025,Ravi G,Mumbai,Scooter,Full-time,4.01,N
DP06743,2/4/2025,Arjun O,Pune,Scooter,Full-time,4.07,Y
DP14159,2/3/2025,Ananya M,Delhi,Bike,Part-time,4.38,Y
DP03011,1/30/2025,Arjun C,Bengaluru,Bike,Full-time,4.44,Y
DP09925,2/15/2025,Rakesh B,Ahmedabad,Scooter,Full-time,4.45,Y
DP14083,1/20/2025,Pooja H,Mumbai,Bike,Full-time,4.16,Y
DP11436,2/2/2025,Manoj A,Mumbai,Scooter,Part-time,4.32,Y
DP01454,2/1/2025,Santosh G,Bengaluru,Bike,Full-time,4.37,Y
DP01845,1/14/2025,Meena L,Chennai,Scooter,Part-time,3.97,Y
DP10181,1/23/2025,Shreya S,Hyderabad,Cycle,Full-time,4.44,Y
DP00365,1/22/2025,Vikas E,Mumbai,Bike,Part-time,4.52,Y
DP13845,2/27/2025,Nikhil S,Bengaluru,Bike,Part-time,4.95,Y
DP14923,1/31/2025,Rahul M,Bengaluru,Bike,Contract,4.59,Y
DP01111,1/29/2025,Amit A,Kolkata,Scooter,Full-time,4.28,Y
DP01391,2/2/2025,Vikas R,Bengaluru,Cycle,Contract,4.18,Y
DP02055,1/29/2025,Kiran U,Kolkata,Scooter,Part-time,4.27,Y
DP14212,1/14/2025,Kiran X,Bengaluru,Scooter,Full-time,3.68,Y
DP08156,1/21/2025,Vikas Y,Bengaluru,Scooter,Contract,4.82,Y
DP05050,1/26/2025,Rakesh G,Ahmedabad,Bike,Part-time,4.08,Y
DP07686,1/30/2025,Santosh U,Bengaluru,Bike,Full-time,4.26,Y
DP04400,2/10/2025,Ravi I,Bengaluru,Bike,Contract,4.69,Y
DP09130,1/22/2025,Santosh T,Delhi,Scooter,Part-time,4.4,Y
DP08705,3/13/2025,Kiran A,Delhi,Bike,Part-time,4.49,Y
DP00317,12/14/2024,Kiran T,Ahmedabad,Scooter,Contract,4.63,Y
DP08479,2/14/2025,Santosh N,Delhi,Scooter,Full-time,3.98,Y
DP13305,2/3/2025,Neha C,Kolkata,Scooter,Contract,4.31,Y
DP05144,1/31/2025,Divya K,Pune,Bike,Part-time,4.14,Y
DP10670,1/21/2025,Priya P,Delhi,Scooter,Full-time,4.14,Y
DP14454,1/26/2025,Rahul I,Bengaluru,Cycle,Part-time,4.04,Y
DP04589,2/4/2025,Ravi E,Mumbai,Cycle,Part-time,4.26,Y
DP01134,2/2/2025,Pooja F,Hyderabad,Scooter,Part-time,4.46,N
DP02482,1/25/2025,Rakesh G,Hyderabad,Cycle,Full-time,3.74,N
DP02614,2/1/2025,Sneha F,Bengaluru,Cycle,Contract,4.25,Y
DP02667,1/24/2025,Neha B,Delhi,Scooter,Full-time,3.85,Y
DP14991,1/9/2025,Meena H,Hyderabad,Cycle,Full-time,4.27,Y
DP04169,2/1/2025,Manoj B,Bengaluru,Scooter,Part-time,4.2,Y
DP06910,1/25/2025,Nikhil H,Chennai,Bike,Part-time,4.4,Y
DP05367,1/11/2025,Santosh Y,Hyderabad,Cycle,Contract,4.41,Y
DP03952,1/31/2025,Amit J,Chennai,Bike,Contract,4.36,Y
DP05417,1/19/2025,Suresh J,Hyderabad,Cycle,Part-time,4.4,Y
DP01408,1/27/2025,Amit K,Kolkata,Scooter,Full-time,4.5,Y
DP12068,2/2/2025,Ananya X,Hyderabad,Bike,Contract,4.18,Y
DP00556,1/25/2025,Divya B,Hyderabad,Scooter,Contract,4.17,Y
DP01759,1/20/2025,Deepak Z,Chennai,Scooter,Part-time,4.92,Y
DP04882,1/26/2025,Pooja L,Pune,Scooter,Full-time,4.23,Y
DP09563,2/4/2025,Divya O,Delhi,Scooter,Part-time,3.92,Y
DP14164,1/25/2025,Ananya T,Bengaluru,Cycle,Part-time,4.46,N
DP10385,2/1/2025,Suresh J,Delhi,Bike,Part-time,4.71,Y
DP10327,1/27/2025,Nikhil Z,Kolkata,Bike,Part-time,4.16,Y
DP11104,1/22/2025,Sneha O,Bengaluru,Car,Full-time,4.27,Y
DP05269,1/21/2025,Neha W,Bengaluru,Scooter,Full-time,4.1,Y
DP06606,2/4/2025,Nikhil N,Delhi,Scooter,Full-time,4.05,N
DP04123,2/4/2025,Shreya B,Bengaluru,Scooter,Full-time,4.73,Y
DP07687,2/1/2025,Divya C,Mumbai,Scooter,Full-time,4.21,N
DP03470,1/27/2025,Sneha N,Mumbai,Bike,Contract,4.51,Y
DP02591,2/12/2025,Manoj O,Kolkata,Scooter,Part-time,3.92,Y
DP00762,2/2/2025,Deepak C,Ahmedabad,Scooter,Full-time,4.25,Y
DP03978,1/31/2025,Suresh A,Bengaluru,Car,Full-time,3.68,Y
DP02535,1/25/2025,Arjun U,Hyderabad,Car,Full-time,4.53,Y
DP04688,1/31/2025,Rahul C,Delhi,Scooter,Full-time,4.06,Y
DP05336,1/28/2025,Shreya B,Pune,Scooter,Full-time,4.48,Y
DP12069,1/23/2025,Meena G,Mumbai,Bike,Full-time,3.8,Y
DP12867,2/23/2025,Deepak F,Pune,Car,Full-time,4.4,Y
DP11976,1/16/2025,Manoj H,Bengaluru,Bike,Part-time,4.03,Y
DP13140,2/3/2025,Manoj J,Bengaluru,Scooter,Contract,4.45,Y
DP08148,2/2/2025,Meena E,Bengaluru,Cycle,Part-time,4.01,Y
DP09344,1/20/2025,Nikhil B,Mumbai,Car,Full-time,4.45,Y
DP12618,1/29/2025,Neha I,Bengaluru,Cycle,Contract,4.05,Y
DP04489,1/20/2025,Divya U,Chennai,Scooter,Full-time,4.3,Y
DP00124,1/30/2025,Neha S,Chennai,Scooter,Full-time,4.46,Y
DP00300,1/27/2025,Meena W,Mumbai,Bike,Full-time,4.02,Y
DP00017,1/29/2025,Kiran N,Chennai,Bike,Full-time,4.09,Y
DP11744,1/26/2025,Kiran G,Kolkata,Scooter,Full-time,4.53,Y
DP10412,1/23/2025,Deepak W,Chennai,Bike,Part-time,4.62,Y
DP12280,1/18/2025,Arjun I,Bengaluru,Bike,Full-time,4.35,Y
DP10922,1/23/2025,Manoj V,Delhi,Car,Full-time,4.7,Y
DP11969,1/30/2025,Deepak G,Bengaluru,Scooter,Contract,4.05,Y
DP00881,1/24/2025,Meena N,Kolkata,Scooter,Full-time,4.26,Y
DP04479,1/20/2025,Neha I,Hyderabad,Bike,Part-time,4.07,Y
DP06719,1/18/2025,Ravi G,Bengaluru,Scooter,Full-time,4.22,Y
DP05294,1/6/2025,Deepak R,Pune,Scooter,Contract,3.85,N
DP14995,1/27/2025,Deepak G,Chennai,Bike,Full-time,3.69,Y
DP14495,1/23/2025,Vikas V,Bengaluru,Cycle,Full-time,4.12,Y
DP09352,1/17/2025,Rahul I,Hyderabad,Bike,Part-time,4.05,Y
DP07414,1/22/2025,Arjun T,Bengaluru,Car,Part-time,3.79,Y
DP11372,1/20/2025,Sneha H,Bengaluru,Scooter,Part-time,4.55,Y
DP12658,2/1/2025,Divya X,Ahmedabad,Scooter,Contract,4.22,Y
DP02049,1/17/2025,Priya P,Bengaluru,Scooter,Part-time,4.53,Y
DP03409,1/10/2025,Nikhil E,Pune,Bike,Full-time,3.92,Y
DP06033,1/17/2025,Neha J,Mumbai,Scooter,Full-time,4.01,Y
DP09292,1/11/2025,Kiran U,Bengaluru,Cycle,Contract,4.16,N
DP09488,1/3/2025,Pooja G,Chennai,Bike,Full-time,4.45,Y
DP04915,1/2/2025,Priya U,Hyderabad,Scooter,Full-time,4.15,Y
DP11472,1/25/2025,Ananya V,Kolkata,Bike,Full-time,4.06,Y
DP12137,1/26/2025,Manoj I,Delhi,Bike,Part-time,3.41,Y
DP09781,1/30/2025,Neha N,Bengaluru,Bike,Full-time,4.7,Y
DP06461,12/18/2024,Ananya W,Bengaluru,Scooter,Contract,4.52,Y
DP06111,2/4/2025,Ravi K,Bengaluru,Bike,Full-time,4.61,Y
DP14396,1/30/2025,Vikas J,Kolkata,Scooter,Part-time,4.77,Y
DP06833,2/1/2025,Rakesh W,Delhi,Bike,Contract,4.55,Y
DP01326,3/10/2025,Divya R,Bengaluru,Cycle,Part-time,3.72,Y
DP07050,1/29/2025,Kiran L,Bengaluru,Bike,Contract,4.02,Y
DP02009,1/23/2025,Suresh W,Mumbai,Car,Full-time,3.73,Y
DP03853,2/3/2025,Shreya V,Kolkata,Bike,Full-time,3.96,N
DP00076,12/24/2024,Pooja J,Bengaluru,Scooter,Contract,4.3,N
DP12449,1/29/2025,Vikas S,Bengaluru,Bike,Contract,3.84,Y
DP03760,2/3/2025,Priya A,Mumbai,Scooter,Contract,4.31,Y
DP10614,1/10/2025,Rakesh U,Pune,Bike,Full-time,4.12,Y
DP02282,1/25/2025,Sneha U,Bengaluru,Scooter,Full-time,4.1,N
DP00500,2/3/2025,Rakesh I,Hyderabad,Bike,Part-time,4.12,Y
DP08894,1/12/2025,Shreya G,Hyderabad,Bike,Full-time,3.65,Y
DP14148,2/1/2025,Neha V,Delhi,Bike,Contract,4.25,Y
DP13776,2/2/2025,Pooja M,Bengaluru,Scooter,Full-time,3.98,Y
DP12545,1/29/2025,Ravi Q,Delhi,Bike,Part-time,3.54,Y
DP01862,1/28/2025,Suresh Z,Mumbai,Cycle,Part-time,4.59,N
DP08537,1/29/2025,Divya Z,Bengaluru,Scooter,Part-time,4.19,Y
DP05638,1/18/2025,Divya U,Bengaluru,Scooter,Full-time,4,Y
DP06121,1/15/2025,Kiran L,Hyderabad,Bike,Full-time,4.05,Y
DP07723,1/28/2025,Vikas Q,Delhi,Bike,Full-time,4.71,Y
DP04501,1/31/2025,Rahul O,Bengaluru,Bike,Contract,3.82,N
DP10330,1/29/2025,Amit U,Mumbai,Scooter,Full-time,4.25,Y
DP12245,1/28/2025,Deepak V,Delhi,Bike,Part-time,4.06,Y
DP02279,1/29/2025,Neha O,Ahmedabad,Scooter,Full-time,4.1,N
DP14582,1/24/2025,Amit L,Bengaluru,Bike,Full-time,4.76,Y
DP09790,3/10/2025,Sneha U,Delhi,Bike,Full-time,3.8,Y
DP02924,1/22/2025,Arjun P,Hyderabad,Scooter,Full-time,4.56,Y
DP10505,1/27/2025,Sneha S,Delhi,Scooter,Full-time,4.64,Y
DP01959,1/19/2025,Rahul W,Pune,Cycle,Full-time,3.88,Y
DP09843,1/27/2025,Vikas I,Ahmedabad,Bike,Part-time,4.45,Y
DP00063,3/5/2025,Santosh B,Ahmedabad,Bike,Contract,4.18,Y
DP08726,1/25/2025,Suresh H,Bengaluru,Bike,Full-time,4.2,Y
DP13828,1/21/2025,Nikhil F,Hyderabad,Bike,Full-time,4.23,Y
DP14767,1/28/2025,Pooja K,Kolkata,Scooter,Part-time,4,Y
DP01189,1/27/2025,Ananya W,Kolkata,Scooter,Part-time,4.48,Y
DP03954,2/1/2025,Suresh Q,Chennai,Bike,Full-time,4.45,N
DP02708,1/19/2025,Nikhil D,Delhi,Scooter,Part-time,4.61,N
DP05073,1/2/2025,Ananya W,Kolkata,Cycle,Contract,4.49,Y
DP03908,2/3/2025,Deepak U,Kolkata,Bike,Part-time,4.25,Y
DP13794,2/2/2025,Divya L,Kolkata,Bike,Full-time,4.24,Y
DP13572,2/1/2025,Manoj I,Kolkata,Bike,Contract,4.05,N
DP08073,1/19/2025,Pooja T,Mumbai,Bike,Full-time,4.08,Y
DP12669,1/26/2025,Amit Q,Mumbai,Bike,Contract,3.92,Y
DP06812,1/30/2025,Rahul I,Pune,Scooter,Contract,4.13,Y
DP11747,1/23/2025,Priya W,Mumbai,Scooter,Part-time,4.03,Y
DP11841,1/23/2025,Kiran M,Hyderabad,Cycle,Full-time,4.33,Y
DP01392,1/1/2025,Meena I,Bengaluru,Scooter,Full-time,3.69,Y
DP07440,1/28/2025,Deepak X,Kolkata,Scooter,Full-time,4.16,Y
DP05409,1/4/2025,Amit T,Delhi,Scooter,Full-time,4.51,Y
DP03111,12/28/2024,Santosh F,Bengaluru,Scooter,Contract,4.3,Y
DP09934,1/25/2025,Kiran B,Delhi,Car,Full-time,4.4,Y
DP02444,1/30/2025,Arjun E,Ahmedabad,Cycle,Part-time,4.49,Y
DP09626,1/31/2025,Sneha V,Mumbai,Cycle,Full-time,4.08,Y
DP10519,1/31/2025,Divya F,Delhi,Cycle,Full-time,3.99,Y
DP00033,1/16/2025,Suresh G,Pune,Bike,Part-time,4.31,Y
DP05373,12/26/2024,Vikas N,Delhi,Scooter,Part-time,4.33,Y
DP01201,2/4/2025,Neha V,Pune,Bike,Full-time,4.32,Y
DP06429,2/4/2025,Pooja U,Chennai,Bike,Contract,4.08,Y
DP12747,1/26/2025,Suresh A,Bengaluru,Scooter,Full-time,4.38,Y
DP11273,2/5/2025,Ananya L,Delhi,Scooter,Part-time,4.24,Y
DP14022,1/31/2025,Santosh F,Mumbai,Scooter,Full-time,4.43,Y
DP05148,1/7/2025,Rahul H,Hyderabad,Bike,Full-time,4.07,Y
DP02072,1/30/2025,Shreya E,Chennai,Scooter,Full-time,3.8,Y
DP02085,1/17/2025,Divya K,Hyderabad,Bike,Part-time,3.98,Y
DP14163,2/2/2025,Ananya G,Bengaluru,Car,Contract,3.76,Y
DP03401,1/10/2025,Meena Z,Chennai,Bike,Full-time,3.88,Y
DP13382,2/3/2025,Santosh X,Mumbai,Cycle,Part-time,3.97,Y
DP05292,1/31/2025,Rakesh J,Bengaluru,Scooter,Contract,4.3,N
DP04188,2/2/2025,Priya O,Ahmedabad,Bike,Full-time,4.31,Y
DP12935,1/22/2025,Priya X,Bengaluru,Bike,Part-time,4.3,Y
DP06759,1/25/2025,Suresh X,Delhi,Scooter,Full-time,4.53,Y
DP10759,1/30/2025,Kiran R,Delhi,Scooter,Full-time,4.05,Y
DP01750,2/5/2025,Ravi K,Kolkata,Scooter,Full-time,4.22,Y
DP13753,1/13/2025,Ravi T,Bengaluru,Scooter,Full-time,4.13,Y
DP11528,1/25/2025,Nikhil A,Ahmedabad,Scooter,Full-time,3.79,Y
DP12259,1/31/2025,Santosh U,Kolkata,Scooter,Part-time,4.26,N
DP04843,2/2/2025,Divya U,Mumbai,Scooter,Full-time,4.51,Y
DP09064,1/19/2025,Rakesh W,Kolkata,Bike,Full-time,4.16,Y
DP12061,1/16/2025,Ravi X,Bengaluru,Scooter,Full-time,4.29,Y
DP05413,2/1/2025,Pooja Q,Pune,Scooter,Part-time,4.08,Y
DP08300,1/14/2025,Shreya B,Ahmedabad,Bike,Contract,4.48,N
DP10138,1/2/2025,Kiran M,Hyderabad,Bike,Full-time,3.85,Y
DP06722,1/29/2025,Deepak I,Kolkata,Scooter,Contract,3.71,N
DP11192,1/31/2025,Nikhil S,Delhi,Bike,Contract,4.27,N
DP07544,1/6/2025,Rahul Z,Delhi,Scooter,Full-time,4.24,Y
DP09921,1/29/2025,Santosh K,Bengaluru,Bike,Full-time,3.8,Y
DP06657,1/30/2025,Shreya O,Ahmedabad,Bike,Contract,4.05,Y
DP07698,1/25/2025,Amit F,Hyderabad,Bike,Full-time,3.95,Y
DP02950,1/3/2025,Vikas K,Pune,Bike,Full-time,3.66,Y
DP03446,1/31/2025,Rakesh X,Delhi,Cycle,Contract,4.35,Y
DP11407,1/23/2025,Deepak U,Delhi,Cycle,Part-time,3.87,Y
DP06887,2/1/2025,Divya K,Delhi,Scooter,Contract,4.3,Y
DP10380,2/1/2025,Pooja C,Mumbai,Car,Contract,4.87,Y
DP06355,1/31/2025,Ravi N,Bengaluru,Scooter,Contract,3.67,Y
DP07958,4/6/2025,Santosh L,Bengaluru,Bike,Contract,4.65,Y
DP10175,1/23/2025,Neha U,Bengaluru,Bike,Full-time,3.59,Y
DP05248,1/27/2025,Nikhil B,Bengaluru,Scooter,Part-time,4.25,N
DP11635,1/25/2025,Rahul P,Delhi,Cycle,Full-time,3.97,Y
DP09429,1/17/2025,Ananya N,Hyderabad,Bike,Full-time,4.41,N
DP06550,2/5/2025,Santosh H,Bengaluru,Scooter,Full-time,4.65,Y
DP04418,1/5/2025,Ananya K,Bengaluru,Bike,Full-time,4.15,Y
DP06046,12/19/2024,Suresh U,Bengaluru,Scooter,Full-time,4.08,Y
DP10425,1/24/2025,Kiran Y,Hyderabad,Bike,Contract,4.99,Y
DP06637,1/25/2025,Divya T,Bengaluru,Scooter,Contract,4.08,Y
DP10803,2/4/2025,Meena N,Bengaluru,Scooter,Part-time,4.07,Y
DP08121,3/29/2025,Pooja T,Mumbai,Scooter,Part-time,4.36,Y
DP01957,1/31/2025,Amit Q,Bengaluru,Bike,Part-time,4.67,Y
DP08891,1/27/2025,Suresh B,Mumbai,Scooter,Contract,4.1,Y
DP05777,1/10/2025,Shreya S,Hyderabad,Scooter,Part-time,4.24,Y
DP04496,2/3/2025,Meena J,Chennai,Scooter,Full-time,4.62,Y
DP13659,1/24/2025,Priya B,Pune,Bike,Full-time,4.35,Y
DP01106,2/1/2025,Neha E,Kolkata,Cycle,Full-time,3.98,N
DP11882,2/1/2025,Ananya T,Pune,Cycle,Full-time,4.15,Y
DP05150,2/9/2025,Sneha U,Pune,Bike,Full-time,4.75,Y
DP04329,1/3/2025,Neha K,Chennai,Bike,Part-time,4.37,Y
DP04224,1/19/2025,Kiran I,Bengaluru,Bike,Full-time,4.43,Y
DP00025,1/31/2025,Divya P,Delhi,Scooter,Full-time,3.37,Y
DP08399,2/4/2025,Neha Q,Bengaluru,Bike,Full-time,4.48,Y
DP12144,1/28/2025,Manoj I,Bengaluru,Bike,Full-time,4.35,Y
DP04383,1/30/2025,Rahul S,Ahmedabad,Bike,Part-time,3.86,Y
DP10852,2/3/2025,Ananya R,Bengaluru,Scooter,Full-time,4.41,Y
DP01940,2/4/2025,Meena K,Chennai,Car,Full-time,3.87,Y
DP04651,1/28/2025,Rahul E,Delhi,Scooter,Full-time,4.63,Y
DP13256,1/22/2025,Ananya E,Kolkata,Bike,Contract,3.56,Y
DP13372,2/1/2025,Ananya H,Ahmedabad,Cycle,Full-time,4.26,Y
DP12835,2/4/2025,Vikas V,Hyderabad,Scooter,Full-time,3.8,Y
DP13971,1/11/2025,Pooja D,Chennai,Cycle,Contract,4.96,Y
DP01819,1/14/2025,Sneha L,Ahmedabad,Bike,Full-time,3.72,Y
DP13040,1/7/2025,Meena N,Hyderabad,Scooter,Contract,3.98,Y
DP04544,1/23/2025,Ravi K,Mumbai,Bike,Full-time,4.52,Y
DP04058,2/2/2025,Ravi W,Bengaluru,Scooter,Part-time,3.45,Y
DP05498,1/27/2025,Vikas S,Delhi,Scooter,Full-time,4.32,Y
DP02139,2/7/2025,Rahul B,Bengaluru,Car,Full-time,4.3,Y
DP05528,1/28/2025,Sneha O,Delhi,Bike,Part-time,3.58,Y
DP13237,1/17/2025,Kiran K,Bengaluru,Cycle,Contract,4.44,Y
DP06229,2/3/2025,Vikas Q,Chennai,Scooter,Full-time,4.41,Y
DP13482,1/25/2025,Deepak G,Ahmedabad,Bike,Full-time,3.95,N
DP14050,2/2/2025,Neha T,Chennai,Bike,Full-time,4.05,Y
DP01195,1/17/2025,Meena M,Delhi,Scooter,Part-time,4.06,Y
DP01580,2/2/2025,Arjun O,Delhi,Bike,Full-time,3.58,N
DP10591,1/30/2025,Priya V,Kolkata,Bike,Part-time,4.24,Y
DP06885,2/1/2025,Vikas O,Bengaluru,Scooter,Contract,4.43,Y
DP00895,1/15/2025,Priya X,Mumbai,Car,Full-time,4.53,Y
DP14583,1/23/2025,Amit Z,Delhi,Car,Full-time,3.74,Y
DP02408,1/30/2025,Meena Y,Bengaluru,Bike,Full-time,3.88,Y
DP08144,1/27/2025,Sneha J,Bengaluru,Bike,Part-time,4.46,N
DP01515,1/23/2025,Amit N,Pune,Bike,Part-time,3.97,Y
DP12461,2/5/2025,Meena T,Bengaluru,Cycle,Contract,4.7,Y
DP02496,1/22/2025,Santosh A,Kolkata,Scooter,Contract,4.4,Y
DP13450,1/17/2025,Meena G,Mumbai,Bike,Contract,4.49,Y
DP04502,1/31/2025,Nikhil Q,Delhi,Bike,Full-time,4.64,Y
DP07828,2/5/2025,Vikas K,Ahmedabad,Bike,Part-time,4.55,Y
DP13614,12/29/2024,Rakesh V,Delhi,Bike,Full-time,4.04,Y
DP05954,1/24/2025,Suresh I,Pune,Cycle,Contract,3.73,N
DP13117,1/31/2025,Divya J,Pune,Bike,Contract,4.01,Y
DP07498,1/13/2025,Meena X,Pune,Bike,Part-time,3.94,Y
DP04795,1/25/2025,Sneha A,Bengaluru,Scooter,Part-time,4.37,Y
DP12070,2/5/2025,Manoj F,Mumbai,Scooter,Contract,3.9,Y
DP04377,2/3/2025,Ananya P,Hyderabad,Bike,Full-time,4.48,Y
DP10669,1/26/2025,Santosh F,Kolkata,Scooter,Full-time,4.51,Y
DP02081,1/26/2025,Rahul M,Mumbai,Bike,Contract,4.26,Y
DP11393,1/6/2025,Rahul O,Hyderabad,Scooter,Part-time,4.36,Y
DP05759,1/15/2025,Manoj G,Bengaluru,Bike,Full-time,4.02,Y
DP07422,1/17/2025,Nikhil P,Bengaluru,Cycle,Full-time,4.04,Y
DP01245,1/24/2025,Vikas B,Chennai,Scooter,Full-time,4.31,Y
DP04811,1/25/2025,Amit S,Hyderabad,Cycle,Part-time,3.86,Y
DP01560,1/17/2025,Ananya K,Delhi,Bike,Full-time,4.43,Y
DP04125,1/22/2025,Meena P,Bengaluru,Cycle,Full-time,4.44,Y
DP11004,2/3/2025,Vikas P,Chennai,Cycle,Contract,4.42,Y
DP10851,1/25/2025,Kiran X,Chennai,Bike,Full-time,4.35,Y
DP06993,1/25/2025,Suresh Y,Hyderabad,Bike,Full-time,4.11,N
DP09362,1/24/2025,Divya V,Mumbai,Cycle,Contract,4.28,Y
DP04405,1/16/2025,Ananya Q,Mumbai,Car,Full-time,4.52,Y
DP08502,1/26/2025,Amit O,Kolkata,Scooter,Full-time,3.93,Y
DP03389,1/20/2025,Meena K,Bengaluru,Bike,Full-time,4.88,Y
DP05035,1/30/2025,Ananya O,Bengaluru,Scooter,Full-time,3.94,Y
DP09434,2/3/2025,Divya S,Bengaluru,Bike,Full-time,4.22,Y
DP10195,1/28/2025,Vikas D,Delhi,Scooter,Contract,4.08,Y
DP12788,1/30/2025,Vikas H,Kolkata,Scooter,Full-time,4.08,N
DP01661,1/23/2025,Rakesh R,Bengaluru,Bike,Part-time,3.7,N
DP14168,1/17/2025,Ananya P,Kolkata,Bike,Full-time,3.96,Y
DP13743,1/21/2025,Neha S,Mumbai,Scooter,Full-time,3.95,Y
DP07598,1/26/2025,Divya N,Kolkata,Bike,Part-time,4.37,Y
DP10087,1/31/2025,Kiran G,Hyderabad,Scooter,Contract,4.63,Y
DP06804,1/22/2025,Nikhil J,Delhi,Scooter,Part-time,4.06,Y
DP03421,1/24/2025,Meena C,Delhi,Bike,Part-time,4.46,Y
DP11516,1/25/2025,Deepak S,Bengaluru,Scooter,Part-time,4.14,Y
DP07096,2/4/2025,Amit Z,Hyderabad,Scooter,Part-time,3.88,Y
DP08713,1/30/2025,Rahul A,Ahmedabad,Car,Full-time,4.01,Y
DP10132,2/23/2025,Ananya B,Delhi,Bike,Full-time,4.09,Y
DP09228,12/29/2024,Kiran Z,Bengaluru,Bike,Part-time,3.67,Y
DP08079,3/11/2025,Divya I,Bengaluru,Scooter,Full-time,4.33,Y
DP11498,2/9/2025,Meena T,Kolkata,Cycle,Contract,4.16,Y
DP00067,1/8/2025,Rakesh V,Pune,Scooter,Part-time,4.27,Y
DP07232,1/26/2025,Deepak L,Chennai,Bike,Full-time,4.76,Y
DP08357,1/22/2025,Pooja Z,Mumbai,Bike,Contract,3.93,Y
DP01642,1/10/2025,Santosh Q,Mumbai,Scooter,Full-time,4.4,Y
DP04468,1/7/2025,Rahul J,Hyderabad,Bike,Full-time,4.18,N
DP00915,2/2/2025,Amit L,Kolkata,Bike,Part-time,4.36,Y
DP10483,1/28/2025,Nikhil W,Mumbai,Scooter,Contract,3.7,Y
DP11347,1/26/2025,Neha C,Delhi,Scooter,Full-time,4.1,Y
DP14611,1/13/2025,Neha Z,Mumbai,Scooter,Part-time,3.99,N
DP05321,1/19/2025,Pooja T,Kolkata,Bike,Part-time,4.52,Y
DP02265,2/5/2025,Santosh O,Ahmedabad,Cycle,Part-time,3.91,Y
DP06500,1/18/2025,Rakesh O,Bengaluru,Bike,Full-time,4.79,Y
DP01638,1/31/2025,Arjun M,Delhi,Scooter,Full-time,4.83,Y
DP08342,1/9/2025,Sneha A,Bengaluru,Scooter,Part-time,3.98,Y
DP02432,2/2/2025,Nikhil H,Delhi,Scooter,Full-time,4.15,Y
DP08279,1/28/2025,Arjun K,Chennai,Scooter,Contract,3.84,Y
DP09378,1/26/2025,Suresh X,Bengaluru,Car,Contract,3.95,N
DP10943,1/10/2025,Manoj Z,Kolkata,Scooter,Full-time,4.45,N
DP03870,1/17/2025,Ananya X,Bengaluru,Bike,Part-time,4.16,N
DP13064,2/5/2025,Manoj O,Chennai,Bike,Full-time,3.89,Y
DP01478,1/20/2025,Kiran C,Chennai,Bike,Full-time,4.21,Y
DP11663,2/2/2025,Kiran V,Kolkata,Bike,Full-time,4.29,Y
DP11837,1/9/2025,Neha S,Kolkata,Cycle,Part-time,3.98,N
DP08151,1/29/2025,Nikhil R,Kolkata,Car,Full-time,4.1,Y
DP06737,1/31/2025,Amit L,Delhi,Scooter,Part-time,4.51,Y
DP14879,1/31/2025,Amit G,Ahmedabad,Scooter,Full-time,5,Y
DP13179,1/17/2025,Rahul A,Chennai,Bike,Part-time,4.11,Y
DP05189,4/7/2025,Ananya Q,Hyderabad,Bike,Part-time,4.31,Y
DP11225,1/16/2025,Priya G,Bengaluru,Scooter,Full-time,4.2,Y
DP03371,2/2/2025,Manoj P,Hyderabad,Scooter,Full-time,3.86,Y
DP06625,2/2/2025,Ananya M,Ahmedabad,Bike,Part-time,4.73,Y
DP11857,1/20/2025,Priya Z,Bengaluru,Scooter,Part-time,4.22,Y
DP13260,1/25/2025,Ravi T,Mumbai,Scooter,Full-time,3.91,Y
DP05617,6/20/2025,Rakesh A,Bengaluru,Cycle,Full-time,4.08,N
DP14593,1/8/2025,Arjun I,Kolkata,Scooter,Full-time,4.35,Y
DP01255,2/28/2025,Divya B,Pune,Bike,Part-time,4.19,Y
DP10656,2/3/2025,Neha L,Ahmedabad,Scooter,Full-time,4.08,N
DP03364,1/19/2025,Priya V,Delhi,Bike,Full-time,4.57,Y
DP03671,1/28/2025,Divya S,Hyderabad,Scooter,Full-time,4.24,Y
DP09171,1/22/2025,Pooja C,Bengaluru,Bike,Part-time,4.16,N
DP09415,1/26/2025,Meena K,Mumbai,Cycle,Full-time,4.35,Y
DP12514,1/21/2025,Ravi U,Mumbai,Bike,Part-time,3.78,Y
DP09087,1/14/2025,Vikas M,Mumbai,Bike,Full-time,4.02,Y
DP05474,1/31/2025,Shreya I,Mumbai,Cycle,Full-time,4.31,Y
DP04144,2/4/2025,Rahul R,Bengaluru,Cycle,Part-time,4.62,Y
DP07101,1/20/2025,Arjun O,Mumbai,Scooter,Full-time,4.05,Y
DP12983,2/4/2025,Meena B,Delhi,Bike,Part-time,4.57,Y
DP10280,2/1/2025,Divya L,Delhi,Cycle,Contract,4.27,Y
DP01288,1/28/2025,Neha Q,Bengaluru,Scooter,Full-time,3.8,Y
DP13030,2/3/2025,Pooja T,Bengaluru,Cycle,Full-time,4.06,Y
DP10765,1/13/2025,Rakesh P,Bengaluru,Scooter,Part-time,4.45,Y
DP01607,1/31/2025,Amit H,Bengaluru,Bike,Full-time,4,Y
DP05690,1/30/2025,Priya A,Bengaluru,Bike,Part-time,4.07,N
DP06477,1/20/2025,Shreya A,Kolkata,Scooter,Full-time,4.95,N
DP12943,2/9/2025,Nikhil M,Bengaluru,Car,Part-time,4.02,Y
DP10158,1/25/2025,Santosh A,Mumbai,Scooter,Full-time,4.05,Y
DP07271,2/3/2025,Rahul D,Bengaluru,Scooter,Full-time,4.28,Y
DP12209,2/2/2025,Santosh A,Ahmedabad,Scooter,Full-time,4.04,Y
DP02910,1/30/2025,Pooja G,Ahmedabad,Bike,Full-time,4.52,Y
DP08986,1/26/2025,Manoj E,Bengaluru,Bike,Part-time,3.73,Y
DP06835,1/28/2025,Priya T,Delhi,Bike,Full-time,4.37,Y
DP06734,2/2/2025,Ravi A,Pune,Bike,Contract,3.84,Y
DP10401,1/24/2025,Ananya V,Bengaluru,Scooter,Part-time,4.25,N
DP06936,2/5/2025,Rahul W,Delhi,Cycle,Part-time,4.25,Y
DP08926,1/6/2025,Amit W,Pune,Bike,Contract,4.48,Y
DP02929,1/26/2025,Ravi R,Chennai,Cycle,Full-time,4.23,Y
DP09642,2/3/2025,Amit Z,Delhi,Bike,Part-time,4.41,Y
DP02230,1/25/2025,Shreya K,Mumbai,Cycle,Full-time,4.57,Y
DP08821,1/23/2025,Neha L,Bengaluru,Bike,Contract,3.84,N
DP14467,1/21/2025,Amit V,Mumbai,Bike,Full-time,4.23,N
DP13116,2/20/2025,Divya R,Hyderabad,Scooter,Full-time,4.11,Y
DP05265,1/26/2025,Deepak C,Delhi,Scooter,Full-time,4.23,Y
DP14299,1/10/2025,Manoj U,Hyderabad,Bike,Full-time,4.2,Y
DP08712,1/14/2025,Ravi H,Mumbai,Bike,Contract,4.27,Y
DP12316,2/5/2025,Amit I,Kolkata,Cycle,Part-time,4.44,Y
DP07394,1/12/2025,Shreya U,Chennai,Scooter,Full-time,3.64,N
DP05645,1/29/2025,Pooja S,Bengaluru,Scooter,Part-time,4.04,Y
DP00957,1/27/2025,Divya R,Chennai,Bike,Full-time,4.01,Y
DP02291,1/30/2025,Deepak O,Ahmedabad,Bike,Full-time,3.57,Y
DP03615,2/4/2025,Pooja H,Pune,Bike,Full-time,4.34,Y
DP06565,2/1/2025,Nikhil X,Kolkata,Scooter,Part-time,4.17,Y
DP04729,2/1/2025,Priya R,Delhi,Scooter,Part-time,3.88,Y
DP07957,2/6/2025,Divya Y,Bengaluru,Bike,Full-time,3.88,Y
DP06219,1/1/2025,Pooja G,Chennai,Scooter,Contract,4.6,N
DP08283,2/5/2025,Ravi B,Kolkata,Scooter,Full-time,4.15,Y
DP00413,12/31/2024,Vikas M,Bengaluru,Scooter,Full-time,4.01,Y
DP00283,2/24/2025,Priya Q,Bengaluru,Cycle,Part-time,4.37,N
DP12135,1/4/2025,Santosh I,Mumbai,Scooter,Full-time,4.21,Y
DP04726,1/20/2025,Vikas O,Ahmedabad,Car,Full-time,3.92,N
DP08199,2/1/2025,Priya C,Bengaluru,Scooter,Full-time,3.97,Y
DP10552,1/27/2025,Deepak M,Bengaluru,Bike,Part-time,4.02,N
DP06635,2/6/2025,Sneha S,Pune,Bike,Part-time,4.48,Y
DP05941,1/20/2025,Vikas F,Delhi,Scooter,Part-time,4.11,Y
DP06534,1/26/2025,Amit J,Hyderabad,Scooter,Contract,4.43,Y
DP01555,1/28/2025,Shreya F,Mumbai,Scooter,Full-time,4.34,Y
DP12651,1/24/2025,Amit J,Bengaluru,Bike,Full-time,3.96,Y
DP14404,1/31/2025,Ravi H,Bengaluru,Bike,Full-time,4.51,Y
DP05110,2/2/2025,Pooja L,Pune,Cycle,Full-time,4.22,Y
DP09021,3/15/2025,Arjun O,Hyderabad,Bike,Contract,4.03,Y
DP06120,1/31/2025,Ananya R,Ahmedabad,Cycle,Part-time,4.04,Y
DP00963,2/5/2025,Divya D,Hyderabad,Scooter,Full-time,4.48,Y
DP11846,2/5/2025,Arjun Q,Ahmedabad,Scooter,Contract,4.27,Y
DP10153,2/2/2025,Deepak U,Bengaluru,Bike,Contract,4.89,Y
DP13336,1/18/2025,Neha F,Hyderabad,Scooter,Full-time,4.12,Y
DP12098,1/24/2025,Nikhil D,Delhi,Cycle,Full-time,3.78,Y
DP12796,2/5/2025,Sneha W,Mumbai,Scooter,Full-time,4.25,N
DP13599,1/26/2025,Divya S,Bengaluru,Scooter,Full-time,4.66,Y
DP03038,1/5/2025,Ananya L,Mumbai,Scooter,Contract,3.45,Y
DP03896,2/2/2025,Divya M,Mumbai,Bike,Contract,4.6,N
DP09057,1/30/2025,Vikas M,Bengaluru,Bike,Full-time,4.1,Y
DP11310,2/6/2025,Ananya E,Hyderabad,Scooter,Contract,3.92,Y
DP02632,2/1/2025,Vikas S,Delhi,Scooter,Part-time,3.67,Y
DP09712,1/31/2025,Deepak P,Hyderabad,Cycle,Full-time,4.68,Y
DP07936,2/6/2025,Ananya G,Mumbai,Cycle,Part-time,3.94,Y
DP01806,1/28/2025,Neha G,Kolkata,Bike,Part-time,3.91,N
DP12064,2/6/2025,Rahul I,Bengaluru,Bike,Full-time,4.33,Y
DP00008,1/20/2025,Rakesh R,Bengaluru,Bike,Full-time,4.65,Y
DP10540,1/25/2025,Ananya Z,Hyderabad,Scooter,Contract,3.85,Y
DP08220,2/1/2025,Arjun J,Mumbai,Bike,Part-time,4.35,Y
DP00933,1/8/2025,Nikhil I,Bengaluru,Bike,Part-time,4.67,Y
DP04628,1/25/2025,Meena Z,Ahmedabad,Scooter,Full-time,3.91,Y
DP04622,12/30/2024,Neha Y,Kolkata,Scooter,Contract,3.83,Y
DP10356,1/31/2025,Rahul V,Chennai,Scooter,Full-time,4.16,Y
DP07463,2/1/2025,Neha I,Kolkata,Scooter,Full-time,4.1,Y
DP08053,1/25/2025,Arjun Q,Hyderabad,Scooter,Part-time,4.64,N
DP02541,1/28/2025,Meena L,Hyderabad,Scooter,Contract,4.14,Y
DP11487,1/26/2025,Meena C,Bengaluru,Bike,Full-time,4.5,Y
DP03235,2/1/2025,Vikas A,Ahmedabad,Cycle,Part-time,4.62,N
DP01188,1/26/2025,Vikas Z,Mumbai,Cycle,Full-time,4.33,N
DP07318,1/17/2025,Santosh Z,Pune,Scooter,Full-time,4.23,Y
DP03411,3/31/2025,Shreya F,Mumbai,Car,Full-time,3.76,Y
DP10351,2/3/2025,Santosh I,Mumbai,Cycle,Full-time,4.52,Y
DP12717,1/29/2025,Divya V,Delhi,Cycle,Full-time,4.3,N
DP12502,1/24/2025,Santosh O,Bengaluru,Bike,Full-time,4.37,Y
DP05378,2/1/2025,Deepak V,Hyderabad,Car,Contract,3.71,Y
DP02721,1/29/2025,Deepak O,Bengaluru,Bike,Part-time,4.1,Y
DP13798,1/19/2025,Sneha S,Delhi,Scooter,Full-time,4.19,Y
DP01393,1/19/2025,Pooja U,Mumbai,Scooter,Part-time,4.21,Y
DP13990,1/16/2025,Priya C,Kolkata,Bike,Part-time,4.36,Y
DP02184,2/4/2025,Suresh I,Hyderabad,Cycle,Part-time,4.35,Y
DP09320,1/24/2025,Meena K,Hyderabad,Scooter,Full-time,3.96,Y
DP10361,1/7/2025,Ravi M,Hyderabad,Cycle,Contract,4.5,N
DP10847,2/5/2025,Sneha J,Bengaluru,Bike,Full-time,4.23,Y
DP03429,1/27/2025,Rakesh A,Bengaluru,Cycle,Part-time,4.4,N
DP01865,1/31/2025,Amit K,Hyderabad,Bike,Part-time,4.26,Y
DP12251,2/2/2025,Shreya J,Bengaluru,Scooter,Part-time,4.46,Y
DP12912,1/26/2025,Nikhil Y,Ahmedabad,Bike,Full-time,4.77,N
DP05646,2/5/2025,Pooja A,Mumbai,Cycle,Full-time,4.86,N
DP02794,1/20/2025,Pooja M,Mumbai,Bike,Part-time,4.41,Y
DP02464,2/24/2025,Deepak W,Bengaluru,Bike,Contract,4.21,N
DP11433,3/11/2025,Santosh N,Mumbai,Scooter,Full-time,4.17,Y
DP07390,1/19/2025,Ravi P,Chennai,Bike,Full-time,4.26,Y
DP14540,2/2/2025,Divya H,Pune,Bike,Contract,4.41,Y
DP08310,2/1/2025,Meena L,Delhi,Scooter,Full-time,4.39,Y
DP05686,1/20/2025,Deepak S,Bengaluru,Cycle,Contract,4.26,Y
DP14471,1/26/2025,Deepak I,Delhi,Bike,Contract,4.01,Y
DP00541,1/22/2025,Suresh T,Chennai,Scooter,Full-time,4.1,Y
DP03154,1/29/2025,Divya G,Pune,Scooter,Part-time,4.33,Y
DP02307,1/15/2025,Priya H,Bengaluru,Bike,Full-time,4.1,N
DP01394,1/17/2025,Santosh I,Pune,Bike,Full-time,4.1,Y
DP12437,2/7/2025,Deepak T,Bengaluru,Scooter,Part-time,4.62,Y
DP11143,1/26/2025,Arjun K,Pune,Bike,Contract,4.09,Y
DP14900,1/8/2025,Sneha X,Mumbai,Cycle,Contract,4.4,Y
DP04928,2/4/2025,Ravi X,Kolkata,Car,Part-time,3.92,Y
DP02168,2/6/2025,Priya G,Kolkata,Bike,Full-time,4.17,Y
DP08116,2/7/2025,Meena J,Bengaluru,Bike,Contract,4.44,Y
DP11573,1/30/2025,Nikhil I,Mumbai,Scooter,Full-time,4.67,Y
DP01594,2/6/2025,Priya H,Mumbai,Bike,Full-time,4.44,Y
DP06846,1/23/2025,Suresh T,Pune,Scooter,Contract,4.45,Y
DP12364,1/24/2025,Vikas O,Chennai,Car,Contract,4.14,Y
DP00031,2/6/2025,Ravi J,Pune,Scooter,Part-time,3.96,Y
DP11117,1/22/2025,Nikhil A,Pune,Bike,Full-time,4.38,Y
DP04312,2/1/2025,Santosh U,Mumbai,Scooter,Contract,4.17,Y
DP01963,2/5/2025,Pooja V,Mumbai,Bike,Contract,3.8,Y
DP05209,1/28/2025,Nikhil S,Mumbai,Scooter,Full-time,4.07,Y
DP02498,1/28/2025,Manoj H,Pune,Bike,Full-time,4.27,Y
DP00432,2/6/2025,Divya N,Pune,Cycle,Full-time,3.67,Y
DP04011,2/6/2025,Kiran T,Kolkata,Bike,Full-time,4.55,Y
DP03622,1/27/2025,Meena P,Delhi,Bike,Part-time,3.82,Y
DP04059,1/26/2025,Manoj G,Ahmedabad,Scooter,Contract,3.74,Y
DP03398,1/18/2025,Ananya K,Delhi,Bike,Part-time,4.28,Y
DP13626,2/4/2025,Amit L,Chennai,Bike,Contract,4.03,Y
DP04068,2/2/2025,Neha R,Chennai,Bike,Contract,4.36,Y
DP06215,1/23/2025,Meena L,Ahmedabad,Scooter,Part-time,4.03,Y
DP02515,2/5/2025,Divya A,Bengaluru,Car,Part-time,4.35,Y
DP00776,4/30/2025,Ravi T,Bengaluru,Scooter,Contract,4.04,Y
DP05848,1/29/2025,Vikas B,Delhi,Scooter,Full-time,4.03,Y
DP08001,1/25/2025,Divya D,Ahmedabad,Scooter,Contract,3.77,Y
DP10143,1/26/2025,Deepak J,Delhi,Bike,Contract,4.25,Y
DP08954,1/20/2025,Pooja M,Chennai,Cycle,Part-time,4.28,Y
DP10275,2/4/2025,Neha F,Ahmedabad,Cycle,Full-time,4.35,Y
DP03288,2/6/2025,Priya R,Mumbai,Bike,Full-time,4.26,Y
DP04586,2/2/2025,Meena Z,Mumbai,Cycle,Contract,4.1,Y
DP02598,1/26/2025,Santosh P,Mumbai,Bike,Contract,4.17,Y
DP06654,1/27/2025,Manoj K,Delhi,Scooter,Full-time,4.31,Y
DP09914,1/28/2025,Nikhil A,Ahmedabad,Scooter,Contract,4.13,Y
DP07480,1/23/2025,Pooja E,Chennai,Bike,Full-time,3.75,Y
DP05021,1/27/2025,Nikhil F,Bengaluru,Scooter,Part-time,4.25,Y
DP04788,1/29/2025,Meena C,Mumbai,Bike,Part-time,4.08,Y
DP03361,1/29/2025,Nikhil O,Pune,Bike,Full-time,4.27,Y
DP06587,1/9/2025,Santosh Z,Bengaluru,Cycle,Full-time,4.31,Y
DP01479,1/4/2025,Neha R,Mumbai,Car,Full-time,3.8,Y
DP10316,2/3/2025,Rahul L,Bengaluru,Scooter,Full-time,4.12,Y
DP00168,1/25/2025,Deepak C,Kolkata,Scooter,Part-time,4.2,Y
DP02668,2/5/2025,Priya D,Pune,Cycle,Full-time,3.94,Y
DP01361,2/3/2025,Priya Q,Delhi,Scooter,Part-time,4.29,Y
DP02043,1/22/2025,Amit S,Delhi,Bike,Part-time,4.23,Y
DP10129,1/28/2025,Amit Z,Bengaluru,Cycle,Full-time,4.17,Y
DP08423,1/17/2025,Divya H,Bengaluru,Scooter,Part-time,4.27,Y
DP07963,3/16/2025,Amit H,Bengaluru,Bike,Full-time,4.07,Y
DP03962,2/5/2025,Vikas G,Delhi,Bike,Full-time,3.98,Y
DP04244,1/29/2025,Priya D,Bengaluru,Scooter,Contract,3.71,Y
DP09447,2/4/2025,Neha P,Mumbai,Scooter,Contract,4.29,Y
DP07539,1/31/2025,Arjun W,Bengaluru,Bike,Contract,3.73,Y
DP03474,2/3/2025,Priya Q,Mumbai,Bike,Part-time,4.05,Y
DP09367,2/7/2025,Ravi P,Bengaluru,Bike,Full-time,4.46,Y
DP13842,2/1/2025,Amit B,Ahmedabad,Bike,Part-time,3.89,Y
DP00002,2/6/2025,Amit D,Kolkata,Cycle,Part-time,4.22,Y
DP12726,1/26/2025,Ravi G,Bengaluru,Scooter,Full-time,4.07,N
DP08957,1/19/2025,Santosh P,Ahmedabad,Bike,Full-time,4.59,Y
DP00604,1/30/2025,Amit I,Delhi,Cycle,Full-time,3.88,Y
DP05492,2/16/2025,Arjun V,Bengaluru,Cycle,Contract,4.33,Y
DP02838,1/3/2025,Ananya T,Bengaluru,Bike,Full-time,3.72,Y
DP14509,3/9/2025,Sneha W,Kolkata,Scooter,Part-time,4.53,Y
DP10686,1/30/2025,Suresh P,Bengaluru,Cycle,Full-time,4.5,N
DP10898,2/28/2025,Deepak T,Mumbai,Scooter,Full-time,4.34,Y
DP03595,1/9/2025,Ravi W,Chennai,Bike,Full-time,4.28,Y
DP00274,1/28/2025,Sneha A,Delhi,Bike,Contract,4.6,Y
DP05164,2/6/2025,Ravi W,Bengaluru,Cycle,Full-time,4.09,Y
DP12795,1/23/2025,Suresh Z,Ahmedabad,Car,Part-time,4.26,Y
DP11706,2/8/2025,Santosh V,Kolkata,Scooter,Full-time,4.27,Y
DP05267,1/7/2025,Shreya P,Bengaluru,Scooter,Part-time,4.74,Y
DP13392,1/26/2025,Kiran I,Bengaluru,Scooter,Part-time,4.06,N
DP01314,1/8/2025,Shreya A,Hyderabad,Bike,Contract,3.62,Y
DP05473,2/28/2025,Ananya V,Chennai,Bike,Contract,4.05,Y
DP14878,1/28/2025,Divya L,Hyderabad,Scooter,Full-time,4.55,Y
DP11678,2/7/2025,Deepak Y,Hyderabad,Scooter,Full-time,3.86,Y
DP08741,3/22/2025,Ravi A,Mumbai,Scooter,Part-time,4.08,Y
DP05677,12/26/2024,Santosh L,Bengaluru,Bike,Full-time,4.16,Y
DP11041,1/23/2025,Suresh D,Chennai,Bike,Full-time,3.99,Y
DP02129,1/24/2025,Shreya H,Chennai,Cycle,Full-time,4.66,N
DP06280,2/6/2025,Neha O,Hyderabad,Cycle,Part-time,4.09,Y
DP14195,1/30/2025,Kiran W,Kolkata,Bike,Part-time,4.47,N
DP06620,1/28/2025,Vikas Z,Bengaluru,Bike,Full-time,4,Y
DP08178,1/30/2025,Rakesh C,Hyderabad,Bike,Contract,4.38,N
DP09385,2/3/2025,Neha Y,Kolkata,Scooter,Part-time,4.37,Y
DP05770,1/23/2025,Amit W,Hyderabad,Bike,Full-time,4.46,N
DP12171,2/10/2025,Divya H,Kolkata,Bike,Part-time,4.65,Y
DP13993,1/22/2025,Manoj T,Bengaluru,Bike,Full-time,4.41,Y
DP06244,1/25/2025,Arjun T,Mumbai,Bike,Part-time,3.49,Y
DP03920,1/11/2025,Ravi E,Mumbai,Bike,Contract,3.89,Y
DP03636,1/29/2025,Arjun E,Mumbai,Cycle,Full-time,3.85,Y
DP10048,2/3/2025,Santosh D,Kolkata,Cycle,Full-time,4.49,N
DP01583,2/8/2025,Pooja K,Mumbai,Bike,Full-time,4.56,Y
DP13129,1/31/2025,Manoj B,Hyderabad,Cycle,Full-time,4.52,N
DP02875,1/30/2025,Santosh H,Delhi,Bike,Contract,4.24,Y
DP01257,1/24/2025,Neha G,Bengaluru,Car,Full-time,4.36,N
DP08510,1/28/2025,Rakesh H,Bengaluru,Scooter,Part-time,3.75,Y
DP02254,2/24/2025,Rahul U,Hyderabad,Bike,Contract,4.1,Y
DP00042,2/7/2025,Ravi R,Bengaluru,Scooter,Full-time,4.05,Y
DP11124,2/6/2025,Ananya H,Chennai,Bike,Part-time,4.44,Y
DP12770,2/5/2025,Amit K,Kolkata,Bike,Full-time,3.85,Y
DP11165,1/25/2025,Pooja C,Bengaluru,Scooter,Contract,3.91,Y
DP04565,1/19/2025,Meena H,Kolkata,Bike,Full-time,4.01,Y
DP10297,1/3/2025,Arjun B,Bengaluru,Scooter,Full-time,3.79,N
DP08061,1/31/2025,Divya W,Chennai,Scooter,Contract,4.09,Y
DP07752,1/15/2025,Nikhil G,Pune,Bike,Full-time,4.37,Y
DP08366,2/7/2025,Pooja G,Hyderabad,Scooter,Contract,4.55,Y
DP13176,2/7/2025,Vikas Y,Bengaluru,Bike,Full-time,3.76,Y
DP07425,2/8/2025,Neha A,Ahmedabad,Bike,Full-time,4.22,Y
DP10033,1/4/2025,Neha Y,Bengaluru,Scooter,Full-time,4.21,Y
DP00427,1/31/2025,Santosh Z,Bengaluru,Scooter,Full-time,4.32,Y
DP14812,2/1/2025,Manoj E,Kolkata,Bike,Full-time,4.37,Y
DP13511,1/8/2025,Nikhil B,Mumbai,Bike,Contract,4.27,Y
DP13928,1/28/2025,Manoj Y,Mumbai,Scooter,Full-time,4.44,Y
DP00885,2/13/2025,Kiran G,Chennai,Cycle,Full-time,3.85,N
DP05530,2/3/2025,Divya I,Chennai,Scooter,Full-time,3.86,Y
DP14317,1/27/2025,Neha I,Hyderabad,Scooter,Full-time,4.37,Y
DP08561,2/1/2025,Manoj A,Hyderabad,Scooter,Part-time,3.99,Y
DP12775,1/27/2025,Vikas T,Chennai,Scooter,Part-time,4.61,Y
DP13546,2/6/2025,Priya F,Chennai,Car,Full-time,3.75,Y
DP01337,1/7/2025,Ananya X,Delhi,Scooter,Contract,4.14,Y
DP01427,3/29/2025,Ravi T,Bengaluru,Cycle,Part-time,4,Y
DP10128,1/24/2025,Meena E,Ahmedabad,Scooter,Full-time,4.47,Y
DP03029,2/1/2025,Arjun K,Chennai,Bike,Contract,5,Y
DP01954,3/11/2025,Santosh N,Delhi,Bike,Part-time,4.6,Y
DP01098,2/7/2025,Rakesh B,Delhi,Car,Part-time,4.33,Y
DP07294,1/27/2025,Rahul A,Ahmedabad,Scooter,Full-time,4.73,Y
DP08029,2/1/2025,Manoj G,Mumbai,Bike,Full-time,3.91,Y
DP07369,4/2/2025,Meena Z,Delhi,Scooter,Contract,4.26,Y
DP02705,2/1/2025,Ananya D,Chennai,Car,Full-time,4.23,Y
DP06941,2/3/2025,Ananya S,Hyderabad,Bike,Part-time,4.38,Y
DP03160,2/16/2025,Kiran X,Hyderabad,Bike,Contract,3.95,Y
DP02270,2/8/2025,Divya V,Bengaluru,Scooter,Part-time,4.03,Y
DP09518,1/31/2025,Arjun D,Delhi,Car,Contract,3.5,Y
DP09742,1/9/2025,Arjun X,Pune,Car,Part-time,4.21,Y
DP06965,2/4/2025,Sneha R,Bengaluru,Scooter,Part-time,4.6,Y
DP10364,1/31/2025,Nikhil H,Kolkata,Scooter,Full-time,4.28,Y
DP09509,1/28/2025,Ananya T,Bengaluru,Scooter,Contract,4.47,Y
DP05564,2/5/2025,Divya W,Chennai,Bike,Contract,4.45,Y
DP05364,1/13/2025,Suresh S,Pune,Scooter,Contract,3.92,Y
DP02121,1/27/2025,Suresh Q,Ahmedabad,Scooter,Full-time,4,Y
DP05991,1/28/2025,Suresh F,Bengaluru,Scooter,Full-time,4.51,Y
DP10442,2/4/2025,Shreya W,Chennai,Bike,Part-time,4.59,Y
DP10978,1/17/2025,Priya L,Bengaluru,Bike,Full-time,4.19,Y
DP00697,1/29/2025,Divya J,Chennai,Bike,Full-time,4.42,Y
DP12841,1/28/2025,Deepak A,Delhi,Scooter,Full-time,4.02,Y
DP05126,2/6/2025,Pooja S,Chennai,Scooter,Full-time,3.87,Y
DP13963,2/6/2025,Rakesh O,Delhi,Scooter,Contract,4.01,Y
DP08774,2/8/2025,Neha G,Hyderabad,Cycle,Part-time,3.95,Y
DP10694,2/8/2025,Rahul Y,Ahmedabad,Bike,Part-time,4.21,Y
DP01634,1/31/2025,Suresh R,Bengaluru,Bike,Full-time,4.19,Y
DP10339,2/17/2025,Priya H,Mumbai,Cycle,Part-time,4.62,Y
DP06666,2/2/2025,Ananya Q,Ahmedabad,Scooter,Full-time,4.09,Y
DP11128,1/26/2025,Meena T,Kolkata,Bike,Full-time,4.1,Y
DP09111,2/8/2025,Priya Z,Delhi,Scooter,Part-time,4.37,Y
DP09967,2/1/2025,Rakesh A,Bengaluru,Bike,Full-time,4.12,Y
DP12980,2/2/2025,Rahul U,Bengaluru,Bike,Full-time,4.1,Y
DP11323,1/20/2025,Sneha K,Bengaluru,Bike,Full-time,4.64,Y
DP13468,1/16/2025,Santosh T,Ahmedabad,Scooter,Part-time,4.48,Y
DP07053,1/30/2025,Amit K,Bengaluru,Scooter,Full-time,3.97,N
DP02303,1/25/2025,Amit O,Ahmedabad,Scooter,Full-time,3.76,Y
DP12346,2/1/2025,Meena R,Hyderabad,Cycle,Full-time,4.25,Y
DP01614,5/8/2025,Shreya N,Mumbai,Scooter,Part-time,4.89,Y
DP01222,1/28/2025,Ananya J,Bengaluru,Cycle,Full-time,3.61,Y
DP07528,1/25/2025,Kiran H,Delhi,Bike,Contract,4.14,Y
DP00374,1/25/2025,Rahul B,Hyderabad,Bike,Full-time,4.46,Y
DP12386,1/28/2025,Vikas W,Ahmedabad,Bike,Part-time,3.83,N
DP02144,2/5/2025,Manoj Y,Pune,Cycle,Full-time,3.94,Y
DP13722,2/2/2025,Vikas J,Bengaluru,Bike,Full-time,3.87,Y
DP07079,1/23/2025,Santosh U,Delhi,Bike,Full-time,3.9,N
DP11401,2/4/2025,Divya H,Kolkata,Bike,Full-time,3.99,Y
DP09324,2/1/2025,Rahul C,Bengaluru,Scooter,Full-time,4.24,N
DP04566,2/6/2025,Ananya C,Bengaluru,Scooter,Part-time,4.18,Y
DP03839,1/4/2025,Arjun H,Kolkata,Cycle,Full-time,4.56,Y
DP07554,2/11/2025,Meena K,Pune,Bike,Part-time,3.82,N
DP09297,2/6/2025,Amit R,Hyderabad,Cycle,Full-time,4.02,Y
DP05291,2/6/2025,Ananya R,Bengaluru,Cycle,Contract,3.83,Y
DP08410,1/25/2025,Amit P,Ahmedabad,Bike,Part-time,4.49,Y
DP05833,2/2/2025,Sneha G,Delhi,Cycle,Full-time,4.36,N
DP04581,2/3/2025,Ananya R,Hyderabad,Scooter,Full-time,4.05,Y
DP06991,1/30/2025,Vikas Z,Ahmedabad,Bike,Full-time,4.51,Y
DP08551,2/1/2025,Shreya M,Kolkata,Scooter,Contract,3.98,Y
DP14429,1/26/2025,Vikas Q,Bengaluru,Scooter,Full-time,3.97,Y
DP10167,2/3/2025,Nikhil R,Bengaluru,Bike,Full-time,4.76,Y
DP09547,1/13/2025,Pooja V,Mumbai,Cycle,Part-time,3.92,Y
DP06047,2/1/2025,Ananya H,Kolkata,Scooter,Full-time,4.34,Y
DP00377,1/25/2025,Priya M,Bengaluru,Scooter,Part-time,4.69,Y
DP08174,2/8/2025,Manoj S,Chennai,Scooter,Full-time,4.05,Y
DP04851,2/4/2025,Kiran J,Hyderabad,Scooter,Part-time,4.55,Y
DP10581,1/29/2025,Ananya Y,Ahmedabad,Scooter,Full-time,3.55,Y
DP03690,1/14/2025,Nikhil F,Delhi,Bike,Part-time,4.47,Y
DP06631,2/6/2025,Amit W,Mumbai,Bike,Part-time,4.69,Y
DP08901,1/21/2025,Priya N,Delhi,Cycle,Full-time,3.98,Y
DP07955,1/25/2025,Deepak T,Pune,Scooter,Full-time,4.08,Y
DP04916,2/5/2025,Ananya C,Bengaluru,Car,Part-time,4.08,Y
DP03207,2/7/2025,Ravi F,Chennai,Scooter,Part-time,4.26,Y
DP05649,2/3/2025,Manoj F,Bengaluru,Car,Contract,4.49,Y
DP12693,1/2/2025,Nikhil N,Hyderabad,Cycle,Full-time,3.78,N
DP08678,1/3/2025,Ravi J,Bengaluru,Bike,Contract,4.45,Y
DP01550,2/7/2025,Santosh L,Hyderabad,Scooter,Full-time,4.33,Y
DP10232,2/5/2025,Arjun A,Kolkata,Scooter,Full-time,4.16,Y
DP01704,2/7/2025,Neha K,Delhi,Car,Part-time,4.23,Y
DP14401,4/18/2025,Kiran T,Mumbai,Scooter,Full-time,4.21,Y
DP08770,1/18/2025,Divya A,Mumbai,Scooter,Full-time,4.3,Y
DP14170,1/23/2025,Ravi X,Ahmedabad,Car,Full-time,4.24,Y
DP01696,2/14/2025,Manoj S,Mumbai,Cycle,Full-time,3.8,Y
DP05850,1/11/2025,Nikhil S,Delhi,Scooter,Part-time,3.8,Y
DP08666,2/4/2025,Suresh K,Delhi,Cycle,Part-time,4.39,Y
DP09433,1/23/2025,Meena F,Bengaluru,Scooter,Part-time,4.1,Y
DP08098,2/7/2025,Divya G,Mumbai,Scooter,Full-time,4.16,Y
DP12419,1/8/2025,Ananya G,Delhi,Bike,Full-time,4.72,Y
DP13637,1/30/2025,Shreya D,Bengaluru,Scooter,Full-time,3.88,Y
DP02210,1/31/2025,Ananya R,Hyderabad,Cycle,Part-time,4.09,Y
DP07526,1/22/2025,Sneha Q,Delhi,Scooter,Full-time,3.89,Y
DP13549,2/5/2025,Santosh I,Mumbai,Scooter,Full-time,4.32,Y
DP00689,12/29/2024,Manoj S,Kolkata,Bike,Part-time,3.73,Y
DP06271,1/3/2025,Divya F,Bengaluru,Bike,Full-time,4.19,Y
DP02088,2/5/2025,Kiran C,Mumbai,Bike,Part-time,4.41,Y
DP07653,1/14/2025,Arjun O,Chennai,Bike,Part-time,3.94,Y
DP04942,1/14/2025,Santosh S,Mumbai,Bike,Part-time,4.1,Y
DP13092,1/17/2025,Shreya U,Hyderabad,Scooter,Part-time,3.58,N
DP00285,2/6/2025,Neha M,Delhi,Bike,Full-time,4.45,Y
DP12794,2/9/2025,Sneha L,Ahmedabad,Bike,Part-time,3.96,Y
DP05554,2/3/2025,Rahul C,Pune,Scooter,Part-time,4.36,Y
DP10221,1/28/2025,Ananya H,Bengaluru,Scooter,Full-time,3.95,N
DP11020,1/29/2025,Shreya Y,Kolkata,Scooter,Contract,3.96,Y
DP11233,1/12/2025,Nikhil H,Delhi,Scooter,Contract,4.36,Y
DP05379,2/6/2025,Nikhil U,Delhi,Bike,Contract,4.75,Y
DP08758,2/2/2025,Arjun S,Mumbai,Scooter,Part-time,4.03,Y
DP02007,2/9/2025,Neha H,Hyderabad,Scooter,Part-time,3.28,N
DP13184,2/6/2025,Priya F,Pune,Scooter,Full-time,4.1,Y
DP05959,2/9/2025,Divya S,Bengaluru,Car,Contract,4,Y
DP09201,1/20/2025,Meena V,Delhi,Scooter,Full-time,4.43,Y
DP01252,2/2/2025,Amit V,Hyderabad,Scooter,Full-time,4.27,Y
DP14152,2/6/2025,Suresh J,Delhi,Bike,Part-time,4.71,Y
DP00262,1/23/2025,Shreya O,Chennai,Bike,Part-time,4.08,N
DP03537,2/5/2025,Rakesh I,Bengaluru,Scooter,Full-time,4.13,N
DP12865,2/7/2025,Ravi Y,Hyderabad,Scooter,Full-time,4.06,N
DP01059,2/8/2025,Nikhil Y,Bengaluru,Cycle,Full-time,4.1,Y
DP06806,1/17/2025,Shreya W,Hyderabad,Scooter,Part-time,4.71,Y
DP12322,2/3/2025,Kiran A,Mumbai,Cycle,Full-time,3.87,Y
DP02907,2/3/2025,Shreya U,Mumbai,Cycle,Part-time,4.2,Y
DP07235,1/24/2025,Amit Q,Chennai,Car,Contract,3.87,Y
DP00749,2/7/2025,Kiran V,Bengaluru,Scooter,Part-time,4.23,Y
DP00217,1/20/2025,Priya U,Chennai,Scooter,Contract,4.27,Y
DP08852,2/9/2025,Suresh C,Bengaluru,Bike,Full-time,4.14,Y
DP02730,1/31/2025,Ravi E,Bengaluru,Bike,Part-time,3.71,Y
DP06557,2/20/2025,Vikas I,Ahmedabad,Cycle,Full-time,3.77,N
DP09349,1/24/2025,Manoj C,Bengaluru,Scooter,Full-time,4.01,Y
DP13401,1/29/2025,Ravi O,Delhi,Scooter,Full-time,4.16,Y
DP13914,3/21/2025,Kiran C,Bengaluru,Scooter,Contract,4.64,Y
DP12079,2/5/2025,Ravi T,Bengaluru,Car,Full-time,4.08,Y
DP08598,2/8/2025,Pooja D,Bengaluru,Scooter,Full-time,3.99,Y
DP09716,1/19/2025,Divya Z,Delhi,Bike,Full-time,4.68,Y
DP14646,1/17/2025,Pooja H,Bengaluru,Bike,Full-time,3.96,Y
DP14989,3/13/2025,Neha N,Kolkata,Car,Contract,4.35,Y
DP00071,2/7/2025,Manoj Z,Hyderabad,Scooter,Part-time,4.56,Y
DP07453,2/7/2025,Sneha C,Pune,Scooter,Contract,3.63,Y
DP12170,2/3/2025,Neha T,Pune,Car,Part-time,3.98,Y
DP06536,2/5/2025,Kiran Q,Ahmedabad,Car,Full-time,4.5,Y
DP05359,1/15/2025,Meena W,Bengaluru,Scooter,Full-time,4.26,Y
DP10387,1/9/2025,Vikas R,Bengaluru,Scooter,Part-time,4.45,Y
DP05149,1/23/2025,Ravi S,Bengaluru,Scooter,Part-time,4.26,Y
DP07089,2/11/2025,Ananya F,Chennai,Scooter,Part-time,4.41,Y
DP08211,1/21/2025,Sneha B,Delhi,Scooter,Full-time,4.55,Y
DP14604,1/19/2025,Kiran F,Ahmedabad,Bike,Contract,3.91,Y
DP09977,2/4/2025,Vikas Q,Ahmedabad,Cycle,Part-time,4.28,Y
DP05629,2/5/2025,Meena L,Chennai,Cycle,Contract,3.95,Y
DP02472,1/26/2025,Ravi N,Mumbai,Bike,Full-time,4.78,Y
DP07118,1/23/2025,Vikas K,Chennai,Scooter,Part-time,3.96,Y
DP02293,1/31/2025,Amit L,Mumbai,Scooter,Contract,4.97,Y
DP14847,2/5/2025,Shreya I,Mumbai,Scooter,Full-time,4.31,Y
DP05453,1/30/2025,Rakesh M,Kolkata,Car,Part-time,4.13,Y
DP01182,1/25/2025,Ananya Z,Delhi,Cycle,Part-time,3.97,Y
DP02509,2/9/2025,Meena U,Bengaluru,Scooter,Full-time,4.22,N
DP06819,2/4/2025,Santosh K,Pune,Cycle,Part-time,3.6,Y
DP00257,2/8/2025,Rakesh N,Chennai,Cycle,Full-time,4.05,Y
DP01273,2/4/2025,Sneha J,Bengaluru,Cycle,Part-time,3.9,N
DP05138,1/28/2025,Santosh R,Delhi,Bike,Part-time,4.34,Y
DP00714,1/24/2025,Nikhil C,Hyderabad,Scooter,Full-time,4.27,Y
DP06859,2/10/2025,Manoj X,Mumbai,Scooter,Full-time,4.68,Y
DP01219,2/2/2025,Arjun A,Bengaluru,Scooter,Full-time,4.86,Y
DP12491,2/1/2025,Divya Z,Bengaluru,Cycle,Part-time,3.57,N
DP06576,2/3/2025,Manoj F,Chennai,Bike,Part-time,3.88,Y
DP01653,2/5/2025,Priya E,Chennai,Scooter,Full-time,4.21,Y
DP12800,3/14/2025,Sneha A,Chennai,Bike,Full-time,3.91,Y
DP12763,2/8/2025,Divya F,Pune,Scooter,Part-time,4.68,Y
DP09778,2/8/2025,Ravi O,Bengaluru,Bike,Part-time,3.49,Y
DP06217,2/7/2025,Neha X,Delhi,Bike,Part-time,3.6,N
DP07789,0,Ravi G,Bengaluru,Scooter,Part-time,4.47,N
DP06794,1/24/2025,Rahul S,Bengaluru,Car,Full-time,4.2,Y
DP12741,1/24/2025,Priya N,Kolkata,Scooter,Contract,4.52,Y
DP13031,1/31/2025,Neha P,Bengaluru,Cycle,Full-time,4.24,Y
DP11819,1/25/2025,Pooja D,Bengaluru,Bike,Contract,4.09,Y
DP03597,2/1/2025,Arjun C,Mumbai,Scooter,Full-time,3.87,Y
DP08034,3/3/2025,Amit N,Pune,Bike,Part-time,4.07,Y
DP06957,1/28/2025,Divya X,Pune,Bike,Full-time,4.34,Y
DP02127,1/17/2025,Nikhil W,Hyderabad,Scooter,Full-time,4.29,Y
DP00548,1/30/2025,Ananya N,Pune,Cycle,Full-time,4.29,N
DP08126,2/1/2025,Manoj Z,Mumbai,Bike,Full-time,4.31,Y
DP03868,1/16/2025,Ananya I,Delhi,Bike,Full-time,4.3,Y
DP04388,1/22/2025,Nikhil E,Mumbai,Cycle,Full-time,4.06,Y
DP00496,1/11/2025,Nikhil F,Bengaluru,Cycle,Part-time,4.8,Y
DP07680,2/4/2025,Amit E,Pune,Scooter,Contract,3.97,Y
DP14948,2/5/2025,Ananya A,Bengaluru,Bike,Full-time,4.42,Y
DP00618,1/19/2025,Ravi P,Bengaluru,Bike,Part-time,4.45,Y
DP13780,1/28/2025,Ananya W,Bengaluru,Scooter,Part-time,4.2,Y
DP08041,2/5/2025,Ananya D,Bengaluru,Car,Full-time,4.22,Y
DP01492,1/24/2025,Arjun K,Delhi,Cycle,Part-time,4.01,N
DP08395,12/30/2024,Ananya J,Bengaluru,Scooter,Contract,3.61,Y
DP09768,1/28/2025,Rakesh X,Ahmedabad,Scooter,Full-time,4.76,Y
DP11000,1/13/2025,Amit T,Kolkata,Bike,Full-time,4.38,Y
DP12894,1/23/2025,Arjun U,Chennai,Bike,Full-time,4.9,Y
DP00976,2/6/2025,Ananya K,Pune,Scooter,Part-time,4.35,Y
DP11895,1/30/2025,Rakesh V,Hyderabad,Scooter,Part-time,3.81,Y
DP00767,2/5/2025,Arjun B,Kolkata,Bike,Full-time,3.97,Y
DP02622,1/29/2025,Amit H,Pune,Scooter,Full-time,4.01,Y
DP05143,1/30/2025,Shreya B,Bengaluru,Bike,Part-time,4.4,Y
DP10609,2/4/2025,Kiran C,Bengaluru,Bike,Part-time,4.26,Y
DP13069,1/13/2025,Amit P,Ahmedabad,Bike,Part-time,4.09,Y
DP00639,2/10/2025,Amit C,Pune,Bike,Contract,4.41,Y
DP05427,2/6/2025,Suresh L,Kolkata,Scooter,Part-time,4.79,Y
DP06917,1/17/2025,Nikhil E,Ahmedabad,Cycle,Part-time,4.91,Y
DP04842,1/19/2025,Manoj L,Bengaluru,Scooter,Full-time,4.77,Y
DP00996,1/22/2025,Sneha J,Delhi,Bike,Full-time,3.97,Y
DP14856,2/4/2025,Rakesh J,Bengaluru,Cycle,Contract,3.91,Y
DP06584,2/8/2025,Rahul Z,Ahmedabad,Scooter,Full-time,4.19,Y
DP11469,1/29/2025,Rahul K,Mumbai,Scooter,Full-time,4.09,Y
DP12469,1/23/2025,Vikas N,Bengaluru,Scooter,Contract,4.28,N
DP03488,1/31/2025,Deepak S,Bengaluru,Scooter,Full-time,3.79,Y
DP11403,1/27/2025,Neha V,Ahmedabad,Scooter,Full-time,4.49,Y
DP08906,1/25/2025,Nikhil B,Mumbai,Car,Contract,4.08,Y
DP08677,2/8/2025,Amit T,Delhi,Bike,Part-time,3.87,Y
DP08968,2/5/2025,Vikas Y,Hyderabad,Scooter,Part-time,4.23,Y
DP10750,2/5/2025,Rakesh Y,Chennai,Bike,Full-time,4.55,Y
DP11903,2/5/2025,Manoj P,Kolkata,Bike,Part-time,4.2,Y
DP02607,1/22/2025,Rahul S,Kolkata,Cycle,Full-time,4.07,N
DP14954,2/3/2025,Amit N,Bengaluru,Bike,Part-time,4.62,Y
DP03706,2/9/2025,Amit F,Mumbai,Bike,Full-time,4.61,Y
DP03747,2/5/2025,Amit M,Kolkata,Bike,Contract,4.38,Y
DP07791,2/1/2025,Santosh K,Mumbai,Bike,Full-time,4.02,Y
DP11177,2/7/2025,Divya P,Bengaluru,Scooter,Full-time,3.69,Y
DP11274,1/13/2025,Sneha J,Hyderabad,Bike,Part-time,4.35,Y
DP05000,1/29/2025,Suresh H,Ahmedabad,Cycle,Full-time,4.76,N
DP01354,2/9/2025,Nikhil T,Mumbai,Bike,Contract,4.06,Y
DP12212,1/23/2025,Deepak T,Delhi,Car,Contract,4.03,N
DP05602,2/9/2025,Vikas X,Delhi,Scooter,Full-time,4.53,Y
DP01502,1/22/2025,Rahul G,Bengaluru,Bike,Full-time,4.16,Y
DP12499,1/30/2025,Vikas W,Bengaluru,Cycle,Full-time,4.27,Y
DP01794,1/27/2025,Neha F,Bengaluru,Scooter,Full-time,4.53,Y
DP00366,1/31/2025,Manoj R,Mumbai,Scooter,Part-time,4.15,Y
DP13737,2/6/2025,Ravi J,Mumbai,Scooter,Part-time,4.05,Y
DP04356,2/9/2025,Rakesh T,Delhi,Bike,Contract,4.18,N
DP14206,2/3/2025,Pooja B,Bengaluru,Bike,Contract,4.31,Y
DP11289,2/6/2025,Shreya Y,Delhi,Bike,Part-time,4.33,Y
DP12127,2/10/2025,Deepak T,Mumbai,Bike,Full-time,4.77,Y
DP13690,2/11/2025,Pooja W,Bengaluru,Scooter,Full-time,4.17,Y
DP13984,2/3/2025,Suresh E,Mumbai,Cycle,Part-time,3.95,Y
DP07946,1/28/2025,Ravi T,Bengaluru,Cycle,Full-time,4.09,Y
DP02706,2/3/2025,Shreya E,Mumbai,Cycle,Contract,4.41,Y
DP05407,2/10/2025,Santosh O,Pune,Cycle,Full-time,3.74,Y
DP08698,2/8/2025,Santosh B,Kolkata,Bike,Part-time,4.23,Y
DP00904,1/15/2025,Rakesh T,Ahmedabad,Scooter,Full-time,3.89,N
DP09573,1/31/2025,Meena V,Bengaluru,Scooter,Part-time,4.44,Y
DP09355,1/31/2025,Arjun X,Bengaluru,Scooter,Full-time,4.66,Y
DP02327,2/25/2025,Rahul P,Bengaluru,Scooter,Part-time,4.35,Y
DP12718,1/23/2025,Divya I,Ahmedabad,Scooter,Contract,4.27,Y
DP08260,2/3/2025,Nikhil F,Mumbai,Bike,Part-time,4.11,Y
DP06393,2/8/2025,Santosh P,Bengaluru,Scooter,Part-time,4.09,Y
DP14873,2/4/2025,Sneha F,Mumbai,Scooter,Full-time,3.67,Y
DP10460,2/3/2025,Arjun F,Hyderabad,Bike,Full-time,4.16,Y
DP07251,1/25/2025,Kiran U,Bengaluru,Scooter,Full-time,3.71,Y
DP13431,1/31/2025,Arjun A,Mumbai,Scooter,Part-time,4.55,Y
DP00447,2/10/2025,Ravi Y,Chennai,Car,Full-time,4.09,N
DP03252,2/7/2025,Nikhil L,Delhi,Scooter,Full-time,4.2,N
DP10873,1/29/2025,Manoj D,Kolkata,Scooter,Full-time,3.86,Y
DP00040,1/11/2025,Kiran J,Chennai,Scooter,Part-time,4.28,Y
DP08658,2/4/2025,Amit Y,Mumbai,Cycle,Full-time,3.7,Y
DP05893,1/7/2025,Meena K,Delhi,Bike,Full-time,3.98,Y
DP09343,1/28/2025,Nikhil I,Bengaluru,Scooter,Part-time,4.28,Y
DP08019,2/13/2025,Ananya S,Bengaluru,Bike,Contract,4.37,Y
DP07357,1/29/2025,Neha Z,Pune,Scooter,Full-time,4.01,Y
DP02484,1/24/2025,Priya Q,Ahmedabad,Bike,Contract,4.84,Y
DP13543,1/27/2025,Meena Z,Ahmedabad,Scooter,Part-time,4.5,N
DP08308,2/5/2025,Vikas T,Bengaluru,Car,Contract,4.15,Y
DP10104,3/15/2025,Neha Q,Mumbai,Bike,Part-time,3.26,Y
DP06775,2/2/2025,Ravi Z,Mumbai,Cycle,Part-time,4.14,Y
DP05946,2/5/2025,Kiran C,Bengaluru,Bike,Part-time,4.49,Y
DP07081,2/1/2025,Pooja U,Pune,Bike,Part-time,4.28,N
DP08888,2/8/2025,Arjun T,Delhi,Car,Full-time,4.56,Y
DP13937,2/21/2025,Shreya S,Bengaluru,Bike,Part-time,4.31,Y
DP13230,1/23/2025,Kiran L,Bengaluru,Bike,Full-time,4.26,Y
DP04295,1/12/2025,Vikas G,Mumbai,Scooter,Full-time,4.01,Y
DP02662,1/23/2025,Priya R,Chennai,Scooter,Contract,3.83,N
DP11879,2/8/2025,Kiran T,Pune,Scooter,Part-time,4.35,Y
DP02288,2/10/2025,Suresh Y,Bengaluru,Bike,Full-time,3.9,Y
DP03602,2/10/2025,Santosh W,Mumbai,Cycle,Part-time,4.31,N
DP04543,2/4/2025,Sneha J,Delhi,Scooter,Part-time,4.02,Y
DP08782,1/27/2025,Sneha O,Bengaluru,Scooter,Full-time,3.5,Y
DP02960,2/7/2025,Divya E,Bengaluru,Bike,Contract,4.25,Y
DP00030,2/11/2025,Amit V,Delhi,Bike,Contract,3.98,Y
DP02328,2/10/2025,Divya X,Hyderabad,Bike,Full-time,3.96,Y
DP03163,2/5/2025,Deepak X,Mumbai,Bike,Part-time,3.97,Y
DP07993,2/10/2025,Ravi O,Pune,Scooter,Full-time,4.11,Y
DP14354,2/6/2025,Vikas K,Chennai,Scooter,Part-time,3.98,Y
DP04663,1/27/2025,Ananya D,Pune,Bike,Full-time,3.8,Y
DP12531,1/30/2025,Divya N,Ahmedabad,Scooter,Full-time,3.78,Y
DP09287,2/9/2025,Sneha Z,Chennai,Scooter,Full-time,4.32,Y
DP08470,1/7/2025,Neha T,Mumbai,Bike,Part-time,4.47,Y
DP14226,2/1/2025,Ravi R,Hyderabad,Scooter,Full-time,3.91,Y
DP09897,2/10/2025,Divya U,Pune,Scooter,Full-time,4.69,Y
DP11078,2/9/2025,Deepak B,Delhi,Scooter,Contract,4.68,N
DP13899,2/8/2025,Deepak M,Mumbai,Cycle,Contract,4.09,Y
DP03940,2/5/2025,Rakesh W,Pune,Scooter,Full-time,3.74,Y
DP04366,1/24/2025,Nikhil K,Bengaluru,Scooter,Full-time,4.09,Y
DP04951,2/7/2025,Manoj H,Hyderabad,Bike,Part-time,4.11,Y
DP13170,2/7/2025,Ravi D,Hyderabad,Scooter,Full-time,4.32,Y
DP03492,1/23/2025,Shreya U,Chennai,Scooter,Part-time,4.43,Y
DP01313,1/17/2025,Ananya Z,Bengaluru,Scooter,Full-time,3.79,Y
DP13089,1/31/2025,Rahul I,Delhi,Car,Contract,3.97,Y
DP10841,2/25/2025,Kiran D,Bengaluru,Cycle,Full-time,4.08,Y
DP14139,2/1/2025,Neha W,Delhi,Bike,Part-time,4.36,Y
DP09868,3/4/2025,Kiran N,Bengaluru,Bike,Full-time,4.79,Y
DP07977,2/4/2025,Pooja V,Bengaluru,Bike,Full-time,4.23,Y
DP07420,1/27/2025,Meena I,Mumbai,Bike,Full-time,4.11,Y
DP13052,2/4/2025,Suresh E,Delhi,Scooter,Part-time,3.94,Y
DP06373,2/8/2025,Sneha B,Mumbai,Scooter,Full-time,4.99,Y
DP11053,2/5/2025,Rahul M,Kolkata,Scooter,Full-time,4.34,Y
DP10343,1/31/2025,Amit L,Chennai,Bike,Contract,4.15,Y
DP04259,1/13/2025,Ananya U,Bengaluru,Cycle,Part-time,4.47,Y
DP14361,2/11/2025,Rahul K,Mumbai,Scooter,Full-time,4.17,Y
DP09143,1/20/2025,Santosh C,Delhi,Scooter,Contract,3.89,Y
DP08484,2/4/2025,Meena K,Bengaluru,Bike,Part-time,4.5,N
DP02858,2/8/2025,Ananya T,Hyderabad,Bike,Contract,4.03,Y
DP14600,3/8/2025,Ravi D,Delhi,Bike,Full-time,3.69,Y
DP05856,1/26/2025,Neha B,Bengaluru,Scooter,Full-time,4.2,Y
DP03717,1/6/2025,Manoj G,Bengaluru,Bike,Full-time,4.4,Y
DP13581,2/6/2025,Manoj P,Bengaluru,Scooter,Full-time,4.69,Y
DP02060,2/11/2025,Divya A,Ahmedabad,Bike,Contract,4.05,Y
DP02273,2/3/2025,Shreya O,Bengaluru,Scooter,Full-time,4.27,Y
DP13669,2/12/2025,Sneha F,Bengaluru,Bike,Full-time,4.71,Y
DP13551,1/23/2025,Priya Y,Bengaluru,Scooter,Part-time,3.93,Y
DP03881,2/9/2025,Santosh L,Bengaluru,Car,Full-time,4.22,Y
DP14620,1/31/2025,Manoj Q,Hyderabad,Cycle,Contract,4.34,Y
DP11720,2/9/2025,Rahul G,Ahmedabad,Bike,Part-time,4.04,Y
DP00833,1/31/2025,Divya Q,Ahmedabad,Scooter,Full-time,4.06,Y
DP08745,1/29/2025,Shreya J,Delhi,Scooter,Contract,4.51,N
DP13590,2/10/2025,Deepak H,Ahmedabad,Scooter,Part-time,3.71,Y
DP12516,2/2/2025,Shreya E,Bengaluru,Cycle,Part-time,3.85,Y
DP14981,1/20/2025,Ananya T,Delhi,Cycle,Part-time,4.52,Y
DP13293,1/26/2025,Rahul N,Delhi,Bike,Full-time,3.78,Y
DP12004,2/8/2025,Kiran B,Hyderabad,Cycle,Full-time,3.91,Y
DP09556,2/7/2025,Sneha L,Ahmedabad,Cycle,Part-time,4.05,N
DP02250,2/19/2025,Kiran G,Hyderabad,Bike,Part-time,4.4,Y
DP03379,1/26/2025,Sneha L,Mumbai,Scooter,Full-time,4.45,Y
DP00402,1/29/2025,Ravi W,Delhi,Bike,Full-time,4.22,Y
DP08084,2/15/2025,Kiran T,Mumbai,Bike,Contract,3.97,Y
DP11491,2/22/2025,Ravi B,Mumbai,Bike,Contract,4.04,Y
DP10578,1/9/2025,Ravi T,Ahmedabad,Scooter,Full-time,4.16,Y
DP05295,2/9/2025,Arjun I,Kolkata,Bike,Part-time,4,Y
DP03533,12/29/2024,Deepak C,Delhi,Bike,Full-time,4.64,Y
DP07288,3/4/2025,Neha Q,Bengaluru,Scooter,Contract,4.35,Y
DP05999,2/9/2025,Amit C,Pune,Scooter,Part-time,3.75,Y
DP01121,1/24/2025,Rakesh X,Bengaluru,Cycle,Full-time,4.26,Y
DP02309,2/8/2025,Rakesh A,Delhi,Bike,Full-time,3.77,Y
DP08217,2/11/2025,Priya T,Hyderabad,Scooter,Full-time,4.21,Y
DP01315,2/5/2025,Divya H,Kolkata,Bike,Full-time,4.46,Y
DP05535,2/11/2025,Vikas R,Ahmedabad,Bike,Contract,4.34,Y
DP07866,1/27/2025,Arjun Z,Ahmedabad,Scooter,Full-time,4.49,N
DP04604,2/9/2025,Pooja T,Mumbai,Scooter,Part-time,3.83,Y
DP10946,2/6/2025,Ravi U,Mumbai,Bike,Full-time,4.49,Y
DP04595,1/20/2025,Kiran P,Mumbai,Scooter,Full-time,4.49,N
DP02755,1/12/2025,Santosh U,Kolkata,Bike,Full-time,3.93,Y
DP10914,1/14/2025,Meena H,Delhi,Bike,Part-time,3.55,Y
DP10224,1/27/2025,Suresh Y,Kolkata,Scooter,Full-time,4.1,Y
DP06792,2/12/2025,Rakesh R,Delhi,Scooter,Full-time,4.17,Y
DP11730,1/23/2025,Deepak T,Delhi,Scooter,Part-time,4.01,Y
DP14993,2/10/2025,Amit Q,Hyderabad,Bike,Full-time,4.02,Y
DP03867,2/4/2025,Vikas H,Bengaluru,Scooter,Full-time,4.38,Y
DP10347,2/6/2025,Divya D,Bengaluru,Car,Contract,4.33,N
DP02092,1/31/2025,Rahul H,Bengaluru,Bike,Part-time,4.22,Y
DP07161,2/7/2025,Nikhil N,Hyderabad,Bike,Full-time,3.86,Y
DP07229,1/25/2025,Kiran E,Ahmedabad,Car,Contract,3.86,Y
DP09115,1/19/2025,Vikas Z,Pune,Bike,Contract,4.72,Y
DP10335,1/24/2025,Amit D,Bengaluru,Bike,Contract,4.42,Y
DP12046,2/11/2025,Shreya T,Ahmedabad,Scooter,Part-time,4.3,N
DP12237,2/7/2025,Rahul C,Hyderabad,Bike,Part-time,4.59,N
DP01037,2/12/2025,Amit S,Mumbai,Scooter,Full-time,3.81,Y
DP04304,2/6/2025,Amit F,Kolkata,Scooter,Full-time,3.96,Y
DP11109,2/8/2025,Santosh A,Kolkata,Cycle,Full-time,4.43,N
DP10564,2/2/2025,Rahul F,Bengaluru,Bike,Full-time,4.62,Y
DP03206,1/26/2025,Rakesh L,Bengaluru,Scooter,Part-time,3.86,Y
DP02975,2/12/2025,Santosh I,Chennai,Scooter,Full-time,4.07,Y
DP06119,1/28/2025,Vikas U,Hyderabad,Scooter,Part-time,4.22,Y
DP14378,2/5/2025,Arjun M,Bengaluru,Bike,Part-time,4.71,Y
DP02427,1/26/2025,Amit M,Pune,Bike,Full-time,4.14,Y
DP10223,2/8/2025,Suresh D,Ahmedabad,Bike,Full-time,4.45,Y
DP09902,1/30/2025,Sneha O,Chennai,Bike,Part-time,4.29,Y
DP01169,2/5/2025,Deepak X,Hyderabad,Scooter,Part-time,4,N
DP00023,1/9/2025,Santosh D,Ahmedabad,Cycle,Full-time,4.47,Y
DP07505,1/10/2025,Vikas R,Kolkata,Cycle,Part-time,4.11,Y
DP00188,1/29/2025,Priya J,Bengaluru,Scooter,Full-time,4.92,Y
DP07793,1/27/2025,Deepak Z,Chennai,Bike,Contract,3.8,Y
DP08545,3/14/2025,Vikas N,Ahmedabad,Scooter,Full-time,3.81,Y
DP12735,2/10/2025,Shreya D,Mumbai,Scooter,Part-time,4.03,Y
DP05916,1/22/2025,Deepak T,Bengaluru,Scooter,Full-time,4.52,Y
DP00519,1/23/2025,Ravi Q,Ahmedabad,Bike,Full-time,3.9,Y
DP03307,1/30/2025,Shreya L,Bengaluru,Bike,Full-time,4.09,Y
DP10811,1/31/2025,Rahul M,Mumbai,Bike,Part-time,4.48,Y
DP04521,1/25/2025,Nikhil V,Kolkata,Bike,Full-time,3.88,Y
DP07190,2/4/2025,Shreya E,Bengaluru,Bike,Full-time,3.91,Y
DP01389,2/5/2025,Ananya A,Hyderabad,Scooter,Part-time,4.31,Y
DP09032,1/29/2025,Neha L,Pune,Scooter,Full-time,4.27,Y
DP14249,2/8/2025,Rakesh Z,Mumbai,Bike,Full-time,4.13,Y
DP02749,2/8/2025,Sneha N,Ahmedabad,Cycle,Part-time,3.65,Y
DP01011,1/21/2025,Sneha S,Chennai,Bike,Full-time,4.29,Y
DP08238,1/29/2025,Rakesh U,Bengaluru,Scooter,Full-time,4.38,Y
DP02987,2/10/2025,Ravi L,Bengaluru,Bike,Full-time,3.88,Y
DP07473,1/12/2025,Manoj F,Bengaluru,Cycle,Contract,4.24,Y
DP03320,2/11/2025,Ravi A,Bengaluru,Scooter,Part-time,4.22,Y
DP12247,2/1/2025,Rakesh U,Mumbai,Scooter,Part-time,4.49,Y
DP05592,1/21/2025,Santosh X,Pune,Cycle,Full-time,4.37,Y
DP07011,2/9/2025,Vikas C,Hyderabad,Cycle,Full-time,4.07,Y
DP05926,2/8/2025,Sneha N,Bengaluru,Scooter,Full-time,3.84,Y
DP02655,1/29/2025,Vikas T,Bengaluru,Scooter,Full-time,3.91,N
DP08038,2/5/2025,Manoj R,Mumbai,Scooter,Full-time,4.57,Y
DP09372,1/26/2025,Meena O,Kolkata,Bike,Full-time,4.38,Y
DP03715,2/5/2025,Manoj E,Kolkata,Bike,Full-time,3.87,Y
DP13504,1/25/2025,Deepak U,Kolkata,Bike,Full-time,3.98,Y
DP04147,2/5/2025,Manoj O,Hyderabad,Scooter,Contract,4.62,Y
DP07195,2/14/2025,Kiran K,Chennai,Bike,Full-time,4.14,Y
DP06380,1/29/2025,Priya J,Bengaluru,Cycle,Contract,4.45,Y
DP11314,2/6/2025,Ravi S,Mumbai,Scooter,Part-time,4.26,Y
DP13111,2/6/2025,Suresh Z,Ahmedabad,Scooter,Part-time,4.36,Y
DP08835,2/6/2025,Ravi V,Bengaluru,Bike,Full-time,4.7,Y
DP04599,1/13/2025,Pooja E,Bengaluru,Cycle,Part-time,4.44,N
DP03383,1/28/2025,Rahul A,Ahmedabad,Bike,Part-time,4.12,Y
DP09188,1/24/2025,Arjun N,Delhi,Bike,Full-time,4.58,Y
DP03498,2/5/2025,Shreya X,Bengaluru,Scooter,Full-time,3.9,Y
DP11207,2/9/2025,Manoj V,Pune,Scooter,Part-time,3.87,Y
DP01903,2/7/2025,Suresh X,Mumbai,Bike,Full-time,4.11,Y
DP09646,2/12/2025,Suresh P,Hyderabad,Bike,Part-time,3.99,Y
DP00615,1/28/2025,Sneha R,Bengaluru,Bike,Full-time,4.31,Y
DP04342,1/29/2025,Shreya F,Kolkata,Bike,Full-time,4.16,Y
DP02071,2/8/2025,Pooja J,Delhi,Bike,Full-time,3.98,Y
DP11774,2/3/2025,Meena Q,Pune,Cycle,Full-time,4.75,Y
DP11921,2/10/2025,Priya P,Delhi,Scooter,Contract,4.72,Y
DP12920,2/9/2025,Rahul Q,Mumbai,Bike,Full-time,4.4,Y
DP00740,2/10/2025,Meena L,Delhi,Bike,Full-time,4.21,Y
DP05717,2/12/2025,Divya I,Bengaluru,Scooter,Full-time,4.35,Y
DP10307,1/27/2025,Santosh I,Ahmedabad,Bike,Full-time,4.14,Y
DP02465,1/22/2025,Meena M,Pune,Scooter,Full-time,4.52,N
DP01958,2/7/2025,Shreya U,Pune,Scooter,Full-time,4.18,Y
DP10490,2/9/2025,Ananya V,Hyderabad,Scooter,Full-time,4.09,Y
DP07193,1/10/2025,Ravi L,Hyderabad,Scooter,Contract,4.69,Y
DP06793,1/25/2025,Shreya N,Hyderabad,Bike,Full-time,4.4,Y
DP02809,1/31/2025,Neha E,Mumbai,Scooter,Contract,4.3,Y
DP09505,1/18/2025,Rakesh E,Pune,Car,Full-time,3.98,Y
DP06878,2/9/2025,Divya L,Ahmedabad,Scooter,Part-time,4.96,Y
DP04640,2/3/2025,Deepak V,Bengaluru,Bike,Full-time,4,Y
DP11703,2/4/2025,Vikas F,Delhi,Bike,Full-time,4.63,Y
DP09871,2/9/2025,Ravi O,Delhi,Scooter,Contract,4.38,Y
DP04844,1/31/2025,Meena O,Delhi,Scooter,Full-time,3.72,Y
DP12729,1/11/2025,Amit T,Hyderabad,Cycle,Full-time,4.25,Y
DP04038,1/19/2025,Deepak E,Ahmedabad,Car,Full-time,4.5,Y
DP11359,2/9/2025,Rahul S,Kolkata,Bike,Full-time,4.34,Y
DP02841,2/8/2025,Neha V,Bengaluru,Cycle,Full-time,4.1,Y
DP14588,2/7/2025,Deepak R,Bengaluru,Scooter,Part-time,4.38,Y
DP09194,2/8/2025,Ravi E,Pune,Bike,Full-time,4.35,Y
DP14095,2/9/2025,Deepak C,Bengaluru,Bike,Full-time,4.27,Y
DP14607,2/6/2025,Pooja Y,Bengaluru,Cycle,Part-time,4.2,Y
DP07518,1/27/2025,Ravi A,Ahmedabad,Scooter,Contract,3.71,Y
DP03458,1/16/2025,Deepak K,Ahmedabad,Scooter,Part-time,4.07,Y
DP07041,2/4/2025,Rahul C,Bengaluru,Bike,Contract,4.33,Y
DP13503,2/3/2025,Kiran G,Hyderabad,Scooter,Full-time,3.96,Y
DP07947,1/7/2025,Meena K,Bengaluru,Bike,Full-time,4.21,Y
DP07666,2/3/2025,Ananya P,Ahmedabad,Scooter,Part-time,4.34,Y
DP07563,1/28/2025,Deepak C,Mumbai,Scooter,Full-time,4.15,Y
DP14882,2/10/2025,Ravi L,Hyderabad,Cycle,Full-time,4.16,Y
DP09864,4/2/2025,Neha U,Hyderabad,Car,Full-time,4.85,N
DP03110,1/19/2025,Deepak I,Kolkata,Cycle,Full-time,3.66,Y
DP11587,3/27/2025,Santosh F,Delhi,Bike,Full-time,4.15,Y
DP14486,2/1/2025,Vikas U,Bengaluru,Scooter,Full-time,4.76,Y
DP06937,1/25/2025,Rakesh F,Bengaluru,Bike,Full-time,4.58,Y
DP09991,1/17/2025,Rahul W,Pune,Cycle,Part-time,4.41,N
DP08010,2/10/2025,Amit W,Bengaluru,Cycle,Full-time,4.15,Y
DP02967,2/11/2025,Sneha V,Bengaluru,Bike,Part-time,3.91,Y
DP13908,1/20/2025,Priya E,Delhi,Scooter,Full-time,4.68,N
DP13844,2/11/2025,Arjun X,Mumbai,Scooter,Full-time,3.75,Y
DP14530,2/3/2025,Rahul A,Chennai,Cycle,Full-time,3.85,Y
DP11285,2/7/2025,Santosh B,Kolkata,Scooter,Part-time,3.76,Y
DP10463,2/8/2025,Vikas K,Bengaluru,Scooter,Part-time,4.05,Y
DP04396,2/6/2025,Arjun C,Bengaluru,Bike,Full-time,4.31,N
DP12985,2/7/2025,Arjun V,Chennai,Bike,Part-time,3.92,Y
DP00786,1/26/2025,Vikas B,Delhi,Scooter,Full-time,3.72,N
DP13616,2/10/2025,Pooja S,Delhi,Scooter,Part-time,4.63,Y
DP09055,2/10/2025,Shreya Q,Bengaluru,Scooter,Full-time,5,N
DP07392,2/12/2025,Pooja Q,Bengaluru,Scooter,Part-time,3.98,Y
DP14512,2/14/2025,Ravi D,Chennai,Scooter,Full-time,4.66,Y
DP02341,1/26/2025,Rahul K,Mumbai,Bike,Full-time,4.32,Y
DP00292,2/6/2025,Shreya H,Hyderabad,Scooter,Part-time,4.69,N
DP14728,2/20/2025,Ravi C,Ahmedabad,Scooter,Part-time,4.58,Y
DP04689,2/4/2025,Ananya W,Bengaluru,Scooter,Contract,3.57,N
DP00355,2/9/2025,Vikas U,Bengaluru,Car,Full-time,3.8,N
DP14178,1/19/2025,Pooja C,Bengaluru,Scooter,Part-time,4.55,Y
DP00961,1/29/2025,Sneha S,Chennai,Scooter,Full-time,4.07,Y
DP10179,2/9/2025,Rakesh O,Delhi,Cycle,Part-time,3.61,Y
DP03521,1/30/2025,Sneha C,Delhi,Bike,Full-time,4.5,Y
DP01126,2/11/2025,Amit N,Ahmedabad,Scooter,Part-time,4.29,Y
DP08588,1/11/2025,Kiran K,Mumbai,Bike,Full-time,4.41,Y
DP12034,2/7/2025,Meena Q,Chennai,Cycle,Part-time,3.93,N
DP14087,2/11/2025,Deepak L,Pune,Cycle,Part-time,4.85,Y
DP11725,1/31/2025,Amit K,Delhi,Bike,Contract,3.93,Y
DP08253,1/26/2025,Rakesh T,Delhi,Scooter,Full-time,3.97,Y
DP02443,1/24/2025,Shreya G,Delhi,Scooter,Full-time,4.51,N
DP12644,2/12/2025,Nikhil R,Pune,Scooter,Part-time,4.69,Y
DP01472,2/14/2025,Vikas X,Bengaluru,Scooter,Part-time,4.89,Y
DP12335,2/6/2025,Priya W,Hyderabad,Cycle,Part-time,4.4,Y
DP09758,2/7/2025,Neha M,Bengaluru,Bike,Full-time,4.48,Y
DP05030,12/30/2024,Sneha X,Hyderabad,Cycle,Contract,4.27,Y
DP02361,2/1/2025,Meena Q,Bengaluru,Bike,Part-time,4.02,Y
DP01358,1/20/2025,Priya E,Hyderabad,Cycle,Full-time,4.29,Y
DP08333,2/3/2025,Arjun A,Kolkata,Scooter,Full-time,3.52,Y
DP08914,2/10/2025,Ravi C,Bengaluru,Bike,Contract,3.97,Y
DP10613,2/7/2025,Rakesh O,Bengaluru,Bike,Contract,3.86,Y
DP11147,2/8/2025,Divya U,Delhi,Bike,Part-time,3.81,Y
DP06912,2/5/2025,Divya I,Mumbai,Bike,Part-time,4.6,Y
DP10890,2/11/2025,Priya K,Bengaluru,Bike,Full-time,4.31,N
DP10509,2/9/2025,Suresh N,Bengaluru,Scooter,Full-time,4.6,N
DP05334,2/5/2025,Rahul E,Bengaluru,Scooter,Full-time,4.1,Y
DP02931,2/11/2025,Rahul D,Bengaluru,Cycle,Full-time,4.12,Y
DP07386,1/16/2025,Pooja I,Kolkata,Car,Full-time,3.71,Y
DP12300,2/1/2025,Kiran F,Bengaluru,Scooter,Part-time,4.74,Y
DP13819,2/10/2025,Neha N,Chennai,Bike,Full-time,4.25,Y
DP01228,2/1/2025,Rahul Y,Pune,Scooter,Contract,4.07,Y
DP11539,1/28/2025,Ravi Y,Bengaluru,Bike,Full-time,4.29,N
DP13941,2/22/2025,Arjun Q,Hyderabad,Bike,Full-time,4.46,N
DP14733,1/21/2025,Kiran Y,Mumbai,Bike,Full-time,3.68,Y
DP07466,1/12/2025,Vikas K,Bengaluru,Bike,Full-time,4.15,Y
DP14155,1/31/2025,Divya S,Hyderabad,Scooter,Contract,4.39,Y
DP12581,2/2/2025,Suresh T,Mumbai,Car,Part-time,5,Y
DP13628,2/7/2025,Divya W,Kolkata,Scooter,Full-time,3.76,Y
DP04284,2/3/2025,Neha V,Chennai,Bike,Part-time,4.85,Y
DP12012,2/9/2025,Meena K,Bengaluru,Bike,Full-time,3.74,Y
DP00015,2/5/2025,Ananya N,Chennai,Bike,Full-time,4.62,Y
DP14521,2/4/2025,Suresh E,Delhi,Bike,Full-time,4.18,Y
DP05639,2/1/2025,Deepak M,Hyderabad,Scooter,Full-time,3.76,N
DP04722,2/12/2025,Nikhil C,Chennai,Scooter,Full-time,4.36,N
DP07119,2/13/2025,Manoj W,Pune,Scooter,Part-time,4.18,Y
DP12719,2/7/2025,Shreya Z,Bengaluru,Cycle,Contract,4.33,Y
DP12150,1/31/2025,Kiran L,Bengaluru,Scooter,Full-time,4.03,Y
DP07844,1/29/2025,Arjun W,Mumbai,Bike,Full-time,4.19,Y
DP02608,1/31/2025,Amit L,Ahmedabad,Scooter,Part-time,4.14,Y
DP04044,2/4/2025,Pooja T,Chennai,Bike,Full-time,3.97,Y
DP02648,2/13/2025,Vikas J,Kolkata,Bike,Contract,4.35,Y
DP14412,2/9/2025,Shreya G,Hyderabad,Bike,Part-time,3.92,Y
DP02008,2/12/2025,Vikas D,Kolkata,Bike,Full-time,3.82,Y
DP01518,2/5/2025,Neha O,Ahmedabad,Bike,Full-time,3.91,Y
DP06029,2/2/2025,Arjun O,Ahmedabad,Bike,Full-time,4.41,Y
DP03044,2/12/2025,Kiran G,Ahmedabad,Scooter,Contract,3.81,Y
DP13978,2/8/2025,Divya U,Mumbai,Bike,Part-time,4.15,Y
DP03876,1/25/2025,Arjun S,Ahmedabad,Scooter,Contract,4.23,Y
DP01380,2/14/2025,Shreya R,Pune,Scooter,Full-time,4.72,Y
DP07141,2/1/2025,Suresh R,Pune,Scooter,Full-time,3.82,Y
DP00539,1/30/2025,Pooja Z,Mumbai,Bike,Contract,4.2,Y
DP08071,2/6/2025,Ravi P,Kolkata,Scooter,Contract,4.33,Y
DP13199,1/28/2025,Ravi R,Bengaluru,Car,Full-time,4.4,Y
DP07028,2/3/2025,Sneha G,Kolkata,Cycle,Full-time,4.01,Y
DP05827,2/13/2025,Amit R,Kolkata,Bike,Part-time,4.1,Y
DP02412,1/23/2025,Nikhil Q,Bengaluru,Bike,Contract,3.91,Y
DP04517,2/14/2025,Vikas U,Ahmedabad,Bike,Contract,4.22,Y
DP05299,1/31/2025,Priya S,Bengaluru,Bike,Part-time,4.25,Y
DP05370,2/6/2025,Sneha Y,Bengaluru,Bike,Contract,4.59,Y
DP09616,1/11/2025,Sneha V,Delhi,Cycle,Full-time,4.23,Y
DP02172,2/5/2025,Suresh W,Hyderabad,Bike,Full-time,3.85,Y
DP10095,2/10/2025,Ananya I,Mumbai,Car,Full-time,3.76,N
DP11702,2/11/2025,Rakesh G,Bengaluru,Scooter,Part-time,4.31,Y
DP10493,1/13/2025,Arjun O,Delhi,Scooter,Full-time,4.8,Y
DP07368,2/2/2025,Divya Y,Delhi,Bike,Contract,4.28,Y
DP06572,2/8/2025,Sneha A,Kolkata,Cycle,Part-time,4.53,N
DP05767,2/11/2025,Ananya Y,Delhi,Cycle,Full-time,3.83,Y
DP11554,2/7/2025,Vikas J,Pune,Cycle,Contract,4.51,Y
DP09308,1/31/2025,Vikas B,Bengaluru,Scooter,Full-time,4.04,Y
DP04444,2/11/2025,Nikhil J,Chennai,Cycle,Full-time,3.78,Y
DP10427,1/24/2025,Ravi J,Bengaluru,Scooter,Part-time,4.23,Y
DP14261,1/30/2025,Shreya H,Kolkata,Cycle,Full-time,4.21,Y
DP05286,2/3/2025,Arjun X,Mumbai,Bike,Part-time,4.17,Y
DP05472,2/9/2025,Manoj J,Bengaluru,Scooter,Part-time,4.19,Y
DP02255,1/7/2025,Priya C,Bengaluru,Cycle,Part-time,4.11,Y
DP08659,1/22/2025,Meena J,Mumbai,Scooter,Full-time,3.95,Y
DP00133,1/31/2025,Priya F,Ahmedabad,Scooter,Part-time,3.98,Y
DP05873,2/9/2025,Divya P,Hyderabad,Bike,Full-time,4.27,Y
DP08447,1/25/2025,Kiran D,Delhi,Bike,Part-time,4.27,Y
DP13297,2/10/2025,Priya G,Chennai,Scooter,Full-time,4.2,N
DP06305,1/30/2025,Ananya F,Bengaluru,Scooter,Part-time,4.4,Y
DP01332,2/3/2025,Deepak N,Bengaluru,Scooter,Contract,4.3,Y
DP10834,2/1/2025,Meena Q,Bengaluru,Cycle,Full-time,3.93,Y
DP12076,1/16/2025,Ravi B,Bengaluru,Bike,Part-time,3.71,Y
DP07567,2/4/2025,Neha Z,Chennai,Scooter,Full-time,4.43,Y
DP06362,2/5/2025,Ravi W,Mumbai,Bike,Full-time,3.73,N
DP05396,1/29/2025,Amit Y,Bengaluru,Bike,Part-time,4.23,Y
DP01810,2/2/2025,Vikas B,Bengaluru,Bike,Full-time,3.95,Y
DP14562,2/7/2025,Nikhil A,Mumbai,Bike,Full-time,4.5,N
DP02233,1/27/2025,Rahul Y,Hyderabad,Car,Full-time,3.88,Y
DP10152,2/14/2025,Divya P,Mumbai,Car,Part-time,3.83,Y
DP02091,1/30/2025,Meena M,Bengaluru,Bike,Part-time,4.55,Y
DP00143,1/29/2025,Divya X,Hyderabad,Car,Part-time,4.26,Y
DP11681,3/11/2025,Vikas M,Mumbai,Scooter,Part-time,3.93,Y
DP07105,2/5/2025,Manoj W,Chennai,Bike,Contract,4.07,Y
DP07346,2/12/2025,Manoj Y,Kolkata,Car,Full-time,3.95,Y
DP09965,2/14/2025,Rakesh B,Mumbai,Scooter,Full-time,4.36,Y
DP09835,2/8/2025,Ravi N,Mumbai,Bike,Part-time,4.48,Y
DP07630,4/22/2025,Divya X,Bengaluru,Bike,Part-time,4.18,Y
DP03685,2/9/2025,Vikas S,Mumbai,Scooter,Part-time,4.51,Y
DP09999,2/1/2025,Amit J,Bengaluru,Scooter,Contract,3.95,Y
DP03226,2/10/2025,Nikhil V,Mumbai,Bike,Full-time,3.8,Y
DP03970,1/31/2025,Sneha Q,Mumbai,Scooter,Full-time,3.91,Y
DP08306,1/18/2025,Divya H,Mumbai,Scooter,Full-time,4.12,N
DP08428,2/12/2025,Vikas O,Mumbai,Bike,Full-time,4.77,Y
DP01688,2/9/2025,Ananya M,Kolkata,Scooter,Full-time,4.35,Y
DP00231,2/12/2025,Neha N,Chennai,Scooter,Part-time,4.3,Y
DP03319,2/12/2025,Meena K,Kolkata,Scooter,Contract,4.06,Y
DP13853,2/7/2025,Pooja D,Hyderabad,Bike,Full-time,4.25,Y
DP03295,2/14/2025,Shreya A,Kolkata,Bike,Part-time,4.23,Y
DP07523,3/25/2025,Priya U,Kolkata,Scooter,Full-time,4.26,Y
DP00534,2/3/2025,Vikas Y,Mumbai,Scooter,Contract,3.62,Y
DP07640,2/13/2025,Manoj Q,Chennai,Bike,Full-time,3.61,Y
DP05089,2/14/2025,Deepak B,Hyderabad,Scooter,Part-time,4.24,Y
DP09517,2/12/2025,Arjun H,Kolkata,Cycle,Part-time,4.44,N
DP11355,2/13/2025,Amit D,Bengaluru,Cycle,Full-time,4.57,Y
DP00349,2/13/2025,Rakesh F,Mumbai,Bike,Full-time,3.77,Y
DP06441,2/8/2025,Suresh I,Bengaluru,Scooter,Full-time,4.32,N
DP12466,2/11/2025,Deepak O,Bengaluru,Bike,Part-time,4.47,Y
DP10976,1/30/2025,Sneha N,Pune,Bike,Full-time,4.65,Y
DP01049,2/3/2025,Ananya Z,Hyderabad,Bike,Contract,4.14,Y
DP06416,1/18/2025,Sneha R,Delhi,Cycle,Full-time,4.36,Y
DP12294,1/28/2025,Arjun S,Chennai,Cycle,Full-time,4.63,Y
DP11950,2/7/2025,Divya O,Mumbai,Bike,Full-time,4.4,Y
DP09298,2/14/2025,Ananya D,Chennai,Bike,Full-time,4.83,Y
DP01129,2/7/2025,Neha J,Chennai,Bike,Part-time,4.59,N
DP05217,2/9/2025,Ananya R,Delhi,Scooter,Contract,4.36,N
DP02319,1/14/2025,Rakesh P,Chennai,Car,Full-time,4.27,Y
DP13876,2/5/2025,Divya C,Chennai,Scooter,Full-time,3.43,Y
DP07990,2/4/2025,Priya O,Chennai,Cycle,Full-time,3.77,Y
DP07726,2/3/2025,Meena T,Chennai,Scooter,Contract,4.08,Y
DP11308,2/8/2025,Pooja E,Bengaluru,Bike,Full-time,4.04,Y
DP03323,2/12/2025,Rahul P,Ahmedabad,Scooter,Part-time,4.81,N
DP13035,2/8/2025,Nikhil C,Bengaluru,Bike,Part-time,4.5,Y
DP12107,2/1/2025,Deepak C,Pune,Scooter,Contract,4.33,Y
DP06795,1/22/2025,Kiran Z,Pune,Scooter,Contract,4.2,Y
DP07961,1/28/2025,Arjun H,Delhi,Bike,Contract,4.5,Y
DP02771,2/7/2025,Arjun V,Hyderabad,Scooter,Contract,4.28,Y
DP10754,2/11/2025,Priya S,Chennai,Cycle,Part-time,3.74,Y
DP01818,1/18/2025,Ravi E,Chennai,Scooter,Contract,3.6,Y
DP10668,1/9/2025,Kiran I,Bengaluru,Bike,Part-time,4,Y
DP05121,2/12/2025,Arjun V,Delhi,Bike,Contract,4.33,Y
DP14957,1/18/2025,Deepak A,Kolkata,Cycle,Full-time,4.24,Y
DP10165,2/13/2025,Suresh Y,Delhi,Bike,Contract,4.22,Y
DP10296,2/9/2025,Ananya B,Bengaluru,Scooter,Contract,4.03,Y
DP10911,2/14/2025,Vikas B,Hyderabad,Bike,Full-time,4.21,Y
DP08955,2/24/2025,Santosh Y,Chennai,Cycle,Contract,4.14,Y
DP00921,1/15/2025,Deepak H,Delhi,Bike,Part-time,3.76,Y
DP11305,2/13/2025,Meena X,Mumbai,Bike,Contract,4.28,Y
DP03714,1/28/2025,Pooja A,Bengaluru,Bike,Contract,3.97,Y
DP09906,2/6/2025,Ravi Z,Bengaluru,Scooter,Contract,4.41,N
DP14120,2/13/2025,Shreya Q,Kolkata,Car,Part-time,4.02,Y
DP03799,2/10/2025,Vikas A,Ahmedabad,Cycle,Part-time,4.25,Y
DP05219,2/7/2025,Ananya D,Ahmedabad,Scooter,Contract,3.91,Y
DP10345,2/11/2025,Suresh H,Ahmedabad,Scooter,Full-time,3.88,Y
DP06471,1/22/2025,Kiran Z,Bengaluru,Bike,Full-time,4.37,N
DP02630,2/4/2025,Priya O,Chennai,Bike,Part-time,4.62,N
DP06227,1/29/2025,Santosh U,Mumbai,Cycle,Part-time,4.31,Y
DP05120,2/4/2025,Kiran P,Bengaluru,Bike,Part-time,3.93,Y
DP11297,2/7/2025,Divya D,Kolkata,Scooter,Full-time,4.36,Y
DP07276,1/31/2025,Shreya J,Delhi,Scooter,Full-time,4.35,Y
DP12463,2/12/2025,Meena C,Chennai,Scooter,Full-time,4.29,Y
DP03439,2/12/2025,Sneha X,Bengaluru,Scooter,Full-time,4.35,Y
DP11410,2/8/2025,Nikhil V,Mumbai,Cycle,Contract,4.07,Y
DP02589,1/27/2025,Ravi T,Pune,Cycle,Part-time,4.48,N
DP03256,2/8/2025,Nikhil B,Kolkata,Bike,Part-time,4.95,Y
DP09539,2/3/2025,Suresh Q,Mumbai,Scooter,Full-time,4.61,Y
DP07725,1/13/2025,Priya E,Ahmedabad,Bike,Contract,4.26,Y
DP08566,2/1/2025,Kiran J,Mumbai,Bike,Full-time,3.61,Y
DP01950,2/3/2025,Deepak F,Mumbai,Scooter,Contract,4.37,Y
DP02339,1/4/2025,Amit F,Chennai,Bike,Full-time,4.23,Y
DP04145,2/13/2025,Shreya W,Pune,Scooter,Full-time,4.79,Y
DP00077,2/10/2025,Kiran E,Kolkata,Cycle,Full-time,3.81,Y
DP02690,2/9/2025,Neha B,Bengaluru,Scooter,Part-time,4.21,Y
DP04917,2/14/2025,Santosh C,Bengaluru,Bike,Full-time,4.38,Y
DP03251,2/17/2025,Vikas H,Delhi,Scooter,Full-time,4.42,Y
DP07477,1/31/2025,Divya P,Pune,Bike,Full-time,3.79,N
DP11944,2/8/2025,Santosh H,Chennai,Cycle,Full-time,3.89,N
DP09654,2/5/2025,Meena H,Chennai,Cycle,Contract,4.19,Y
DP13299,2/1/2025,Neha P,Pune,Bike,Part-time,4.6,Y
DP00815,1/19/2025,Rahul F,Mumbai,Bike,Part-time,4.24,Y
DP01178,3/8/2025,Santosh T,Mumbai,Bike,Full-time,4.04,Y
DP01700,2/12/2025,Pooja T,Chennai,Scooter,Contract,4.45,Y
DP11325,2/13/2025,Suresh Z,Bengaluru,Cycle,Contract,3.88,Y
DP07108,2/13/2025,Nikhil F,Bengaluru,Scooter,Part-time,4.58,Y
DP04541,2/2/2025,Kiran N,Bengaluru,Scooter,Full-time,4.49,Y
DP06358,3/1/2025,Arjun J,Bengaluru,Cycle,Full-time,3.58,Y
DP07308,2/1/2025,Kiran P,Hyderabad,Bike,Full-time,4.15,Y
DP01557,2/10/2025,Deepak F,Pune,Scooter,Full-time,4.27,Y
DP13319,2/15/2025,Rahul B,Delhi,Bike,Part-time,4.15,Y
DP13265,1/17/2025,Vikas G,Bengaluru,Cycle,Full-time,3.73,Y
DP09598,2/9/2025,Ananya P,Mumbai,Bike,Full-time,4.11,Y
DP10197,2/15/2025,Pooja K,Bengaluru,Scooter,Contract,3.69,Y
DP12947,2/6/2025,Neha Y,Kolkata,Bike,Full-time,4.42,Y
DP00111,1/30/2025,Nikhil H,Ahmedabad,Scooter,Full-time,3.83,Y
DP14546,2/11/2025,Manoj P,Ahmedabad,Scooter,Full-time,3.88,Y
DP14199,2/16/2025,Shreya D,Hyderabad,Cycle,Full-time,4.22,Y
DP09335,2/6/2025,Manoj B,Delhi,Car,Part-time,4.62,Y
DP12145,2/10/2025,Shreya X,Delhi,Scooter,Full-time,4.7,Y
DP04972,2/15/2025,Manoj Z,Hyderabad,Scooter,Full-time,3.84,Y
DP00942,2/8/2025,Rakesh D,Delhi,Bike,Full-time,3.83,Y
DP04637,2/9/2025,Shreya E,Bengaluru,Bike,Part-time,4.06,Y
DP05220,2/16/2025,Amit U,Delhi,Scooter,Full-time,4.62,Y
DP10511,2/15/2025,Kiran S,Mumbai,Cycle,Full-time,4.07,Y
DP12473,2/8/2025,Priya Q,Mumbai,Scooter,Part-time,4.45,Y
DP04392,2/1/2025,Nikhil T,Delhi,Scooter,Part-time,4.54,Y
DP07579,2/12/2025,Neha W,Bengaluru,Scooter,Part-time,4.09,Y
DP12926,2/2/2025,Sneha L,Kolkata,Bike,Part-time,3.97,Y
DP02610,2/4/2025,Neha R,Delhi,Scooter,Part-time,4.27,Y
DP06459,1/31/2025,Sneha N,Kolkata,Bike,Full-time,4.44,Y
DP07615,2/11/2025,Neha B,Bengaluru,Scooter,Full-time,4.29,N
DP10333,1/18/2025,Neha C,Bengaluru,Scooter,Part-time,4.28,Y
DP09953,2/12/2025,Suresh R,Bengaluru,Bike,Full-time,4.46,Y
DP08685,1/16/2025,Divya I,Bengaluru,Scooter,Full-time,4.82,Y
DP11065,1/31/2025,Deepak K,Hyderabad,Scooter,Full-time,4.01,N
DP11085,1/22/2025,Vikas B,Pune,Scooter,Full-time,4.05,Y
DP03750,2/15/2025,Ravi R,Mumbai,Bike,Full-time,3.97,N
DP07020,2/6/2025,Priya J,Delhi,Cycle,Full-time,3.99,Y
DP07123,2/14/2025,Rakesh B,Ahmedabad,Bike,Part-time,4.79,Y
DP13682,2/15/2025,Arjun J,Hyderabad,Scooter,Contract,4.41,Y
DP09246,2/13/2025,Meena B,Mumbai,Bike,Part-time,3.81,Y
DP09003,2/12/2025,Santosh D,Kolkata,Scooter,Full-time,3.89,Y
DP07293,2/20/2025,Meena J,Mumbai,Cycle,Full-time,4.44,Y
DP00928,1/28/2025,Rahul A,Bengaluru,Cycle,Full-time,4.29,Y
DP11876,2/12/2025,Sneha P,Delhi,Bike,Part-time,4.09,Y
DP04027,1/17/2025,Ananya Q,Pune,Scooter,Contract,3.71,Y
DP11148,2/3/2025,Nikhil G,Bengaluru,Bike,Part-time,3.88,Y
DP12317,2/11/2025,Pooja Q,Kolkata,Bike,Part-time,4.87,N
DP07106,2/4/2025,Suresh Y,Mumbai,Scooter,Full-time,4.29,Y
DP02864,2/10/2025,Santosh W,Mumbai,Bike,Full-time,3.65,N
DP10065,1/17/2025,Vikas B,Delhi,Bike,Part-time,3.87,Y
DP06676,2/1/2025,Ravi G,Kolkata,Cycle,Full-time,4.39,Y
DP13931,2/5/2025,Kiran V,Kolkata,Bike,Contract,4.1,Y
DP02325,2/20/2025,Priya S,Pune,Scooter,Full-time,4.54,Y
DP03992,2/11/2025,Neha H,Chennai,Bike,Part-time,3.67,Y
DP14759,1/29/2025,Manoj V,Chennai,Bike,Contract,4.39,Y
DP12757,1/30/2025,Shreya H,Pune,Scooter,Full-time,3.89,Y
DP03558,2/13/2025,Sneha G,Bengaluru,Bike,Full-time,4.03,Y
DP14886,2/12/2025,Santosh K,Kolkata,Cycle,Full-time,3.89,Y
DP02108,2/7/2025,Nikhil Q,Bengaluru,Scooter,Part-time,4.49,Y
DP04538,1/14/2025,Sneha M,Hyderabad,Scooter,Part-time,3.54,N
DP05146,2/12/2025,Divya H,Bengaluru,Bike,Part-time,4.03,Y
DP08869,2/5/2025,Rakesh M,Kolkata,Cycle,Full-time,4.23,N
DP09582,2/15/2025,Meena Q,Ahmedabad,Scooter,Full-time,3.76,Y
DP13792,2/1/2025,Suresh J,Mumbai,Cycle,Contract,3.99,Y
DP08249,1/21/2025,Neha X,Delhi,Cycle,Part-time,4.96,Y
DP11619,3/11/2025,Ananya T,Hyderabad,Bike,Full-time,4.69,Y
DP06148,1/30/2025,Kiran Y,Bengaluru,Cycle,Full-time,4.09,N
DP05113,2/12/2025,Santosh N,Chennai,Bike,Full-time,4.18,Y
DP13666,1/16/2025,Suresh N,Delhi,Scooter,Part-time,3.89,Y
DP08352,2/15/2025,Divya R,Mumbai,Bike,Part-time,4.06,Y
DP00718,2/14/2025,Priya S,Mumbai,Cycle,Full-time,4.47,Y
DP06829,2/3/2025,Priya L,Hyderabad,Scooter,Full-time,4.12,Y
DP09638,2/3/2025,Divya V,Bengaluru,Scooter,Full-time,3.45,Y
DP00055,1/27/2025,Meena X,Bengaluru,Cycle,Part-time,4.1,Y
DP14162,2/25/2025,Rahul V,Bengaluru,Cycle,Full-time,4.5,Y
DP07055,2/16/2025,Manoj W,Chennai,Scooter,Full-time,3.87,Y
DP01232,2/10/2025,Suresh L,Bengaluru,Scooter,Full-time,4.23,Y
DP08623,2/15/2025,Nikhil L,Delhi,Cycle,Part-time,3.72,N
DP07299,1/27/2025,Pooja G,Bengaluru,Scooter,Full-time,4.33,N
DP05211,1/18/2025,Suresh B,Hyderabad,Scooter,Full-time,3.96,Y
DP04858,2/4/2025,Priya T,Kolkata,Bike,Contract,4.56,Y
DP01943,2/1/2025,Meena Z,Ahmedabad,Bike,Contract,4.31,Y
DP12836,2/5/2025,Amit P,Hyderabad,Bike,Full-time,4.33,Y
DP02027,1/19/2025,Shreya X,Mumbai,Scooter,Full-time,4.52,Y
DP06644,2/11/2025,Nikhil M,Hyderabad,Scooter,Part-time,4.17,Y
DP07448,2/13/2025,Divya W,Bengaluru,Bike,Full-time,4.19,Y
DP02272,1/21/2025,Pooja B,Bengaluru,Bike,Part-time,4.2,Y
DP12039,2/13/2025,Rahul M,Chennai,Scooter,Full-time,4.16,Y
DP04805,2/15/2025,Ravi I,Mumbai,Car,Full-time,3.97,Y
DP02186,2/8/2025,Neha X,Hyderabad,Bike,Full-time,4.15,Y
DP04293,2/3/2025,Vikas T,Mumbai,Scooter,Full-time,4.08,Y
DP04507,2/9/2025,Shreya X,Ahmedabad,Scooter,Contract,4.33,Y
DP09702,2/3/2025,Deepak W,Bengaluru,Scooter,Full-time,3.87,Y
DP14475,2/5/2025,Sneha Q,Bengaluru,Scooter,Contract,4.04,Y
DP09649,2/1/2025,Kiran F,Mumbai,Scooter,Full-time,4.03,Y
DP01860,2/6/2025,Santosh V,Ahmedabad,Bike,Part-time,4.68,Y
DP03592,2/7/2025,Ananya S,Pune,Scooter,Full-time,4.43,Y
DP11939,2/12/2025,Amit L,Pune,Scooter,Part-time,3.89,Y
DP00456,2/12/2025,Ananya F,Bengaluru,Bike,Full-time,4.16,Y
DP06496,2/11/2025,Pooja N,Bengaluru,Bike,Contract,4.38,Y
DP11432,2/8/2025,Deepak J,Mumbai,Scooter,Part-time,4.07,Y
DP04490,2/17/2025,Rahul I,Delhi,Bike,Full-time,4.52,Y
DP11980,1/27/2025,Ravi S,Mumbai,Scooter,Part-time,4.07,Y
DP10329,2/4/2025,Arjun X,Bengaluru,Car,Part-time,4,N
DP04977,2/15/2025,Priya O,Bengaluru,Cycle,Full-time,4.35,Y
DP01458,2/1/2025,Sneha F,Bengaluru,Scooter,Full-time,3.72,Y
DP12510,2/15/2025,Shreya J,Ahmedabad,Bike,Part-time,3.82,Y
DP12592,2/9/2025,Santosh J,Chennai,Car,Part-time,3.94,Y
DP11050,2/14/2025,Ananya A,Hyderabad,Bike,Full-time,3.61,Y
DP10116,2/15/2025,Rahul J,Bengaluru,Bike,Full-time,4.19,Y
DP07940,1/31/2025,Priya R,Delhi,Bike,Contract,4.1,Y
DP12008,2/6/2025,Pooja L,Bengaluru,Bike,Part-time,4.47,Y
DP14116,2/7/2025,Sneha S,Mumbai,Bike,Full-time,4.6,Y
DP12649,1/20/2025,Deepak R,Hyderabad,Bike,Part-time,4.59,N
DP11813,2/8/2025,Deepak P,Pune,Bike,Full-time,4.15,Y
DP11345,2/21/2025,Vikas F,Pune,Scooter,Full-time,4.38,Y
DP02360,1/20/2025,Nikhil L,Bengaluru,Bike,Part-time,4.17,Y
DP00858,1/29/2025,Ravi D,Kolkata,Bike,Part-time,4.11,Y
DP00182,2/17/2025,Shreya A,Delhi,Bike,Full-time,4.1,Y
DP08569,2/12/2025,Deepak X,Pune,Bike,Full-time,4.15,Y
DP02101,1/31/2025,Santosh J,Chennai,Bike,Part-time,4.22,Y
DP08601,2/11/2025,Santosh L,Mumbai,Scooter,Part-time,3.99,Y
DP04542,2/8/2025,Ravi L,Delhi,Scooter,Full-time,4.1,Y
DP14238,2/3/2025,Ananya N,Hyderabad,Bike,Full-time,4.16,Y
DP03953,2/2/2025,Suresh F,Mumbai,Scooter,Full-time,3.8,Y
DP04660,2/3/2025,Arjun A,Bengaluru,Cycle,Contract,3.93,Y
DP11321,2/13/2025,Santosh M,Hyderabad,Car,Contract,4.36,Y
DP14706,2/8/2025,Deepak O,Delhi,Scooter,Part-time,3.88,Y
DP08210,2/2/2025,Divya Z,Bengaluru,Scooter,Full-time,4.11,Y
DP14384,2/5/2025,Suresh O,Mumbai,Bike,Part-time,4.31,Y
DP09802,2/10/2025,Amit I,Pune,Cycle,Full-time,3.94,Y
DP00426,2/28/2025,Arjun W,Mumbai,Bike,Contract,4.35,N
DP01798,2/7/2025,Kiran X,Bengaluru,Scooter,Full-time,4.29,Y
DP11105,2/17/2025,Rakesh B,Bengaluru,Bike,Full-time,3.88,Y
DP07821,2/11/2025,Shreya B,Bengaluru,Bike,Full-time,3.99,Y
DP10735,2/8/2025,Rakesh J,Chennai,Bike,Full-time,4.09,Y
DP14172,2/7/2025,Neha Q,Ahmedabad,Scooter,Full-time,4.69,N
DP06757,2/5/2025,Kiran Q,Chennai,Scooter,Part-time,4.5,Y
DP13756,2/3/2025,Shreya P,Chennai,Scooter,Full-time,4.26,Y
DP11227,2/2/2025,Manoj O,Mumbai,Bike,Part-time,4.33,Y
DP03098,2/9/2025,Deepak V,Kolkata,Scooter,Full-time,3.85,Y
DP03271,2/13/2025,Meena N,Ahmedabad,Scooter,Part-time,4.56,Y
DP07340,2/12/2025,Ananya L,Chennai,Cycle,Full-time,4.02,Y
DP00267,2/5/2025,Santosh N,Bengaluru,Scooter,Full-time,4.01,Y
DP11993,2/14/2025,Divya D,Pune,Scooter,Full-time,4.72,N
DP01998,2/6/2025,Arjun X,Chennai,Scooter,Part-time,4.19,N
DP05489,2/3/2025,Divya H,Mumbai,Scooter,Full-time,4.02,Y
DP01726,2/14/2025,Meena K,Delhi,Scooter,Full-time,3.82,Y
DP07696,1/26/2025,Amit N,Bengaluru,Scooter,Full-time,4.25,Y
DP07226,2/13/2025,Pooja R,Hyderabad,Scooter,Part-time,4.03,Y
DP04836,2/15/2025,Sneha G,Bengaluru,Bike,Full-time,4.24,Y
DP10247,2/17/2025,Santosh L,Delhi,Scooter,Contract,4.83,Y
DP12815,1/27/2025,Rakesh P,Kolkata,Bike,Full-time,3.93,Y
DP02220,1/31/2025,Amit N,Pune,Bike,Full-time,3.53,Y
DP03816,2/4/2025,Rakesh A,Pune,Car,Part-time,4.03,Y
DP13811,2/11/2025,Manoj I,Hyderabad,Scooter,Full-time,4.06,Y
DP06039,2/7/2025,Meena I,Delhi,Scooter,Part-time,3.51,Y
DP01573,2/6/2025,Meena S,Mumbai,Scooter,Full-time,4.76,Y
DP11756,2/7/2025,Santosh G,Delhi,Bike,Full-time,4.44,Y
DP10322,2/4/2025,Sneha G,Kolkata,Cycle,Full-time,4.27,Y
DP03082,2/3/2025,Rahul K,Kolkata,Scooter,Full-time,4.19,N
DP03873,2/18/2025,Rakesh N,Kolkata,Bike,Full-time,3.82,Y
DP03425,2/4/2025,Rahul M,Bengaluru,Car,Part-time,3.9,Y
DP04296,2/17/2025,Meena L,Hyderabad,Cycle,Part-time,4.53,Y
DP06036,2/11/2025,Rakesh P,Pune,Bike,Full-time,4.2,Y
DP06551,2/15/2025,Arjun R,Delhi,Scooter,Part-time,3.78,Y
DP00179,1/15/2025,Ravi I,Delhi,Scooter,Full-time,4.15,Y
DP07393,2/5/2025,Ravi G,Hyderabad,Cycle,Full-time,4.66,Y
DP00543,2/13/2025,Pooja V,Bengaluru,Scooter,Full-time,3.84,Y
DP13373,2/16/2025,Divya W,Kolkata,Scooter,Part-time,4.38,Y
DP02519,1/21/2025,Suresh I,Delhi,Scooter,Part-time,4.36,Y
DP10209,2/16/2025,Nikhil F,Mumbai,Bike,Full-time,4.3,Y
DP14508,2/17/2025,Priya O,Bengaluru,Bike,Full-time,4.35,Y
DP05165,2/10/2025,Manoj Q,Mumbai,Scooter,Part-time,4.59,Y
DP12566,2/15/2025,Santosh B,Bengaluru,Bike,Full-time,4.43,Y
DP03392,2/16/2025,Santosh B,Hyderabad,Cycle,Full-time,4.52,Y
DP04106,2/14/2025,Pooja H,Ahmedabad,Scooter,Full-time,4.04,Y
DP08590,1/15/2025,Priya E,Bengaluru,Scooter,Full-time,4.38,Y
DP11200,2/12/2025,Sneha A,Chennai,Bike,Part-time,4.59,Y
DP03172,3/28/2025,Kiran A,Delhi,Bike,Contract,4.37,N
DP06556,2/14/2025,Rahul D,Hyderabad,Scooter,Full-time,4.2,N
DP04763,2/12/2025,Shreya P,Mumbai,Cycle,Contract,3.89,Y
DP06139,1/29/2025,Arjun K,Bengaluru,Bike,Part-time,4.31,Y
DP05015,2/5/2025,Meena B,Kolkata,Bike,Full-time,3.84,Y
DP06391,2/14/2025,Arjun P,Delhi,Cycle,Contract,4.7,Y
DP09951,2/5/2025,Kiran R,Mumbai,Cycle,Contract,4.32,Y
DP01684,2/9/2025,Rahul H,Ahmedabad,Scooter,Full-time,3.98,Y
DP10970,2/10/2025,Meena C,Bengaluru,Scooter,Full-time,4.22,Y
DP03024,3/23/2025,Pooja B,Bengaluru,Scooter,Part-time,4.13,Y
DP06947,2/3/2025,Shreya A,Delhi,Cycle,Part-time,4.43,Y
DP09336,2/2/2025,Sneha E,Delhi,Scooter,Full-time,4,Y
DP09585,2/13/2025,Pooja C,Mumbai,Cycle,Full-time,4.01,Y
DP07247,3/9/2025,Ananya Z,Pune,Car,Full-time,3.83,Y
DP04341,2/11/2025,Pooja O,Delhi,Bike,Part-time,3.75,Y
DP08330,2/17/2025,Sneha Q,Delhi,Scooter,Full-time,4.36,Y
DP05834,2/13/2025,Priya H,Mumbai,Bike,Full-time,4.45,Y
DP10144,2/14/2025,Kiran I,Hyderabad,Cycle,Full-time,4.56,Y
DP11133,1/26/2025,Kiran E,Kolkata,Scooter,Full-time,4.3,Y
DP05963,2/11/2025,Neha X,Bengaluru,Car,Full-time,3.99,Y
DP14393,1/15/2025,Deepak R,Kolkata,Scooter,Part-time,3.97,Y
DP14739,2/15/2025,Suresh H,Hyderabad,Scooter,Full-time,3.78,Y
DP10360,2/10/2025,Amit T,Mumbai,Scooter,Part-time,4.31,N
DP02263,2/10/2025,Divya Z,Bengaluru,Bike,Full-time,4.27,Y
DP09536,2/5/2025,Rahul L,Bengaluru,Bike,Full-time,4.41,Y
DP13574,2/11/2025,Shreya U,Kolkata,Bike,Full-time,4.35,N
DP08618,2/16/2025,Deepak E,Ahmedabad,Bike,Full-time,3.95,N
DP07852,2/14/2025,Nikhil J,Bengaluru,Bike,Part-time,4.02,Y
DP07649,2/2/2025,Priya A,Mumbai,Bike,Full-time,3.73,Y
DP04013,2/16/2025,Rakesh B,Chennai,Scooter,Part-time,4.66,Y
DP05304,2/3/2025,Amit T,Bengaluru,Scooter,Full-time,3.92,Y
DP07560,2/17/2025,Rakesh D,Bengaluru,Scooter,Full-time,3.83,Y
DP02107,1/24/2025,Ananya S,Chennai,Bike,Full-time,4.39,Y
DP12186,2/4/2025,Priya K,Kolkata,Bike,Full-time,3.92,Y
DP01760,2/16/2025,Amit I,Pune,Bike,Part-time,4.5,Y
DP04925,1/31/2025,Ravi D,Bengaluru,Cycle,Part-time,4.36,Y
DP10748,2/19/2025,Manoj S,Pune,Bike,Part-time,4.17,Y
DP14718,2/10/2025,Nikhil G,Delhi,Scooter,Full-time,4.21,Y
DP10733,2/15/2025,Suresh R,Mumbai,Scooter,Full-time,4.14,Y
DP12614,2/2/2025,Arjun D,Mumbai,Bike,Contract,4,Y
DP07016,2/16/2025,Pooja A,Mumbai,Bike,Full-time,4.04,N
DP01197,2/11/2025,Rakesh R,Hyderabad,Scooter,Full-time,4.13,Y
DP06389,1/25/2025,Ravi W,Bengaluru,Cycle,Full-time,4.27,Y
DP00446,2/11/2025,Manoj V,Mumbai,Cycle,Full-time,4.13,Y
DP02155,2/15/2025,Vikas M,Bengaluru,Cycle,Full-time,4.08,Y
DP06067,1/23/2025,Meena S,Mumbai,Cycle,Part-time,4.29,Y
DP10348,1/25/2025,Neha V,Chennai,Bike,Full-time,4.06,Y
DP07642,2/4/2025,Meena N,Bengaluru,Cycle,Full-time,4.17,Y
DP10350,2/5/2025,Arjun O,Kolkata,Bike,Full-time,4.56,Y
DP08633,1/20/2025,Neha C,Hyderabad,Scooter,Part-time,4.62,Y
DP14373,1/31/2025,Pooja C,Mumbai,Bike,Full-time,4.09,N
DP11604,1/18/2025,Arjun B,Hyderabad,Bike,Part-time,4.04,Y
DP07677,2/15/2025,Ananya S,Hyderabad,Car,Full-time,4.55,Y
DP02376,2/4/2025,Vikas G,Ahmedabad,Bike,Part-time,4.23,Y
DP14757,1/24/2025,Amit J,Hyderabad,Bike,Full-time,3.91,Y
DP09713,2/9/2025,Meena U,Pune,Bike,Contract,4.48,Y
DP11657,2/6/2025,Suresh C,Bengaluru,Scooter,Full-time,3.92,Y
DP01554,3/11/2025,Arjun D,Delhi,Bike,Part-time,4.08,Y
DP10487,2/4/2025,Suresh K,Chennai,Scooter,Contract,4.45,Y
DP09806,2/4/2025,Ananya I,Bengaluru,Scooter,Full-time,3.78,Y
DP04249,2/17/2025,Amit Q,Delhi,Scooter,Contract,4.11,Y
DP09416,2/17/2025,Nikhil Y,Bengaluru,Cycle,Contract,4.22,Y
DP01838,2/15/2025,Kiran B,Hyderabad,Scooter,Contract,4.54,Y
DP09284,3/12/2025,Pooja S,Ahmedabad,Bike,Full-time,4.42,N
DP12203,2/28/2025,Ananya O,Kolkata,Cycle,Part-time,4.61,Y
DP11125,2/16/2025,Kiran K,Ahmedabad,Bike,Contract,4.29,Y
DP00960,2/14/2025,Priya Q,Mumbai,Cycle,Full-time,3.93,Y
DP09047,1/22/2025,Meena U,Mumbai,Bike,Part-time,3.88,Y
DP04891,2/17/2025,Meena W,Mumbai,Scooter,Part-time,4.1,Y
DP01038,2/7/2025,Santosh H,Pune,Bike,Full-time,3.97,Y
DP11375,1/23/2025,Deepak S,Pune,Scooter,Full-time,4.1,N
DP03734,2/3/2025,Divya P,Pune,Scooter,Full-time,3.92,Y
DP07268,2/5/2025,Priya Z,Mumbai,Bike,Part-time,3.59,Y
DP05874,3/17/2025,Kiran I,Pune,Scooter,Contract,4.26,N
DP03943,1/17/2025,Santosh E,Mumbai,Cycle,Part-time,3.6,Y
DP10146,2/6/2025,Pooja G,Bengaluru,Scooter,Part-time,4.07,Y
DP12242,1/23/2025,Ananya W,Bengaluru,Bike,Full-time,4.05,Y
DP08648,2/19/2025,Suresh A,Chennai,Cycle,Full-time,4.34,Y
DP09091,1/29/2025,Deepak K,Bengaluru,Bike,Part-time,4.88,Y
DP04177,3/4/2025,Meena S,Delhi,Scooter,Part-time,4.14,Y
DP05915,1/9/2025,Suresh W,Ahmedabad,Scooter,Full-time,4.38,Y
DP04073,2/6/2025,Arjun F,Ahmedabad,Scooter,Part-time,4.15,Y
DP04985,1/31/2025,Divya N,Bengaluru,Car,Part-time,4.14,Y
DP06875,1/29/2025,Vikas F,Chennai,Scooter,Full-time,4.05,Y
DP09844,2/19/2025,Deepak C,Kolkata,Scooter,Full-time,4.52,Y
DP09710,2/1/2025,Kiran H,Bengaluru,Scooter,Full-time,4.56,Y
DP14481,2/13/2025,Manoj K,Mumbai,Bike,Part-time,4.1,Y
DP11360,2/3/2025,Deepak R,Bengaluru,Scooter,Contract,4.21,Y
DP02381,1/20/2025,Meena C,Chennai,Scooter,Full-time,4.49,Y
DP10590,1/29/2025,Ravi C,Delhi,Scooter,Full-time,3.7,N
DP04449,2/6/2025,Santosh Y,Kolkata,Scooter,Full-time,3.91,Y
DP12740,2/15/2025,Vikas G,Pune,Scooter,Full-time,4.01,Y
DP00013,2/8/2025,Neha G,Delhi,Scooter,Full-time,4.42,Y
DP00744,1/31/2025,Deepak V,Mumbai,Cycle,Part-time,4.23,Y
DP01663,2/15/2025,Sneha Q,Bengaluru,Scooter,Full-time,4.42,Y
DP01645,2/17/2025,Rakesh K,Bengaluru,Bike,Contract,4.44,N
DP06423,2/14/2025,Manoj R,Bengaluru,Bike,Part-time,4.57,Y
DP04704,2/17/2025,Manoj W,Hyderabad,Bike,Full-time,3.95,Y
DP05607,2/14/2025,Sneha A,Bengaluru,Bike,Part-time,4.13,Y
DP08907,2/5/2025,Neha H,Mumbai,Bike,Full-time,3.92,Y
DP10346,2/17/2025,Pooja X,Bengaluru,Cycle,Full-time,4.2,Y
DP07962,2/15/2025,Arjun K,Delhi,Scooter,Contract,4.23,Y
DP00805,2/18/2025,Priya N,Pune,Car,Full-time,3.83,N
DP07170,2/10/2025,Santosh O,Mumbai,Car,Full-time,4.42,Y
DP14200,2/4/2025,Neha T,Mumbai,Scooter,Full-time,4.14,Y
DP00484,1/31/2025,Divya C,Delhi,Bike,Full-time,4.11,Y
DP00296,3/7/2025,Pooja E,Chennai,Bike,Full-time,4.15,Y
DP00224,2/23/2025,Rahul T,Bengaluru,Scooter,Full-time,4.26,Y
DP13692,2/5/2025,Nikhil A,Mumbai,Bike,Full-time,3.6,N
DP10500,2/4/2025,Rahul F,Delhi,Bike,Full-time,4.64,Y
DP07610,2/9/2025,Suresh Z,Bengaluru,Cycle,Contract,4.08,Y
DP09083,2/12/2025,Nikhil F,Bengaluru,Scooter,Contract,4.23,Y
DP08138,2/10/2025,Deepak T,Delhi,Cycle,Full-time,4.37,N
DP06161,2/12/2025,Arjun A,Pune,Scooter,Part-time,4.42,Y
DP08515,2/9/2025,Divya F,Bengaluru,Bike,Part-time,4.09,Y
DP11156,2/4/2025,Divya Z,Pune,Cycle,Full-time,4.34,Y
DP00177,2/16/2025,Vikas O,Mumbai,Scooter,Full-time,3.93,Y
DP13272,2/17/2025,Deepak M,Pune,Scooter,Part-time,4.42,Y
DP01403,3/10/2025,Manoj Z,Chennai,Scooter,Full-time,4.58,Y
DP02109,2/1/2025,Rahul O,Delhi,Scooter,Full-time,3.5,Y
DP09234,2/7/2025,Ananya I,Delhi,Cycle,Part-time,4.03,Y
DP04885,2/19/2025,Ananya W,Bengaluru,Bike,Contract,4.36,Y
DP05957,2/11/2025,Shreya J,Bengaluru,Scooter,Part-time,3.89,Y
DP11978,2/4/2025,Arjun F,Kolkata,Scooter,Full-time,4.41,Y
DP05140,3/2/2025,Rakesh C,Pune,Bike,Part-time,4.49,Y
DP07632,1/5/2025,Rakesh D,Delhi,Bike,Contract,4.31,Y
DP03072,4/26/2025,Sneha S,Bengaluru,Scooter,Contract,3.92,Y
DP11343,1/29/2025,Arjun C,Kolkata,Bike,Contract,4.39,Y
DP01156,2/16/2025,Pooja V,Ahmedabad,Bike,Full-time,3.94,Y
DP07243,2/19/2025,Santosh D,Kolkata,Bike,Contract,4.73,Y
DP08692,5/7/2025,Kiran G,Chennai,Cycle,Full-time,4.44,Y
DP04798,4/3/2025,Divya C,Bengaluru,Cycle,Contract,4.23,Y
DP07046,2/20/2025,Ravi I,Pune,Scooter,Full-time,4.36,Y
DP10060,2/7/2025,Suresh T,Bengaluru,Car,Full-time,4.06,N
DP05970,2/19/2025,Manoj Z,Bengaluru,Scooter,Full-time,4.85,Y
DP12882,2/11/2025,Ananya L,Ahmedabad,Cycle,Full-time,4.09,Y
DP13142,2/1/2025,Kiran Y,Pune,Bike,Part-time,4.44,Y
DP10005,2/17/2025,Priya C,Hyderabad,Bike,Full-time,4.42,Y
DP08425,2/10/2025,Manoj Z,Ahmedabad,Bike,Full-time,4.57,Y
DP06183,2/6/2025,Santosh Q,Kolkata,Cycle,Full-time,4.08,Y
DP02177,1/27/2025,Pooja G,Chennai,Scooter,Full-time,4.25,Y
DP14505,1/30/2025,Rahul R,Bengaluru,Scooter,Full-time,4.31,Y
DP09256,2/10/2025,Rahul K,Chennai,Bike,Part-time,4.1,Y
DP01377,2/7/2025,Sneha W,Ahmedabad,Bike,Part-time,4.63,Y
DP03829,1/28/2025,Neha H,Mumbai,Scooter,Full-time,4.7,Y
DP09243,3/27/2025,Pooja M,Kolkata,Scooter,Contract,3.92,Y
DP08180,2/11/2025,Nikhil B,Bengaluru,Bike,Full-time,3.92,Y
DP11575,1/29/2025,Ravi D,Pune,Cycle,Contract,4.11,Y
DP13276,1/26/2025,Pooja R,Bengaluru,Cycle,Part-time,3.73,Y
DP01786,2/12/2025,Divya O,Ahmedabad,Bike,Part-time,4.28,Y
DP12564,2/10/2025,Kiran Y,Bengaluru,Cycle,Full-time,3.84,Y
DP14623,2/19/2025,Vikas P,Pune,Scooter,Part-time,4.33,Y
DP12047,2/6/2025,Amit W,Delhi,Cycle,Part-time,4.47,Y
DP00481,2/13/2025,Pooja C,Mumbai,Bike,Contract,4.25,Y
DP01360,2/8/2025,Priya C,Bengaluru,Bike,Part-time,3.95,Y
DP11470,2/20/2025,Ravi J,Bengaluru,Scooter,Part-time,4.21,Y
DP06064,2/11/2025,Vikas L,Bengaluru,Cycle,Contract,3.96,Y
DP01668,2/2/2025,Divya Y,Hyderabad,Cycle,Full-time,4.71,Y
DP13801,2/8/2025,Sneha Z,Delhi,Bike,Full-time,3.79,N
DP14065,2/18/2025,Suresh F,Mumbai,Bike,Full-time,4.37,Y
DP11377,3/28/2025,Nikhil M,Hyderabad,Scooter,Contract,3.54,Y
DP07758,2/20/2025,Divya H,Delhi,Cycle,Part-time,4.25,N
DP13458,2/15/2025,Ravi X,Ahmedabad,Car,Full-time,4.46,Y
DP08086,2/17/2025,Santosh B,Chennai,Bike,Full-time,4.07,Y
DP03372,1/11/2025,Amit G,Delhi,Scooter,Full-time,4.1,Y
DP02883,2/14/2025,Suresh B,Kolkata,Bike,Contract,3.73,Y
DP10541,2/19/2025,Nikhil A,Pune,Bike,Contract,4.06,Y
DP09641,1/31/2025,Pooja D,Delhi,Scooter,Full-time,4.01,Y
DP08039,1/28/2025,Meena I,Chennai,Cycle,Full-time,4.15,Y
DP14001,2/3/2025,Suresh I,Bengaluru,Bike,Full-time,4.34,Y
DP11661,2/18/2025,Arjun D,Chennai,Bike,Full-time,4.49,Y
DP08474,1/30/2025,Kiran M,Mumbai,Scooter,Full-time,3.82,Y
DP11843,2/11/2025,Rakesh Y,Mumbai,Bike,Part-time,4.59,Y
DP00994,2/1/2025,Sneha A,Delhi,Scooter,Contract,4.29,Y
DP10589,2/6/2025,Shreya V,Delhi,Cycle,Part-time,4.07,Y
DP14935,2/9/2025,Amit M,Bengaluru,Scooter,Full-time,4.18,Y
DP10665,2/1/2025,Rakesh M,Bengaluru,Bike,Full-time,4.52,Y
DP14497,1/23/2025,Priya M,Pune,Scooter,Full-time,4.49,N
DP01789,1/28/2025,Neha H,Delhi,Bike,Full-time,4.41,Y
DP12924,2/14/2025,Ravi N,Chennai,Scooter,Full-time,4.1,Y
DP13550,2/12/2025,Santosh K,Mumbai,Scooter,Full-time,3.98,N
DP01790,2/9/2025,Rahul D,Ahmedabad,Scooter,Part-time,4.12,N
DP00238,2/17/2025,Suresh J,Pune,Scooter,Full-time,4.18,Y
DP02207,1/19/2025,Kiran H,Bengaluru,Scooter,Contract,4.45,N
DP04163,1/21/2025,Neha G,Pune,Bike,Part-time,4.24,Y
DP01907,2/16/2025,Manoj N,Pune,Scooter,Contract,4.04,Y
DP00131,2/13/2025,Priya D,Hyderabad,Scooter,Full-time,4.21,Y
DP09804,2/5/2025,Divya H,Bengaluru,Cycle,Contract,4.36,Y
DP12968,2/2/2025,Neha I,Delhi,Car,Contract,4.04,Y
DP05082,2/6/2025,Rahul G,Pune,Cycle,Part-time,3.67,Y
DP05496,2/12/2025,Ananya T,Bengaluru,Car,Full-time,4.44,Y
DP10728,3/30/2025,Vikas B,Bengaluru,Cycle,Full-time,4.18,Y
DP13834,2/13/2025,Rakesh O,Ahmedabad,Bike,Part-time,4.04,Y
DP04914,2/17/2025,Nikhil H,Delhi,Bike,Contract,4.25,Y
DP07996,2/20/2025,Deepak R,Chennai,Scooter,Part-time,4.07,Y
DP12153,2/24/2025,Arjun T,Chennai,Scooter,Part-time,4.28,Y
DP03509,2/9/2025,Vikas G,Hyderabad,Scooter,Part-time,4.13,Y
DP09599,2/11/2025,Deepak Q,Pune,Scooter,Part-time,4.38,Y
DP05204,3/14/2025,Rahul Q,Bengaluru,Cycle,Full-time,4.23,Y
DP00253,2/15/2025,Nikhil Y,Bengaluru,Bike,Full-time,4.04,Y
DP06770,2/15/2025,Arjun L,Kolkata,Bike,Full-time,4.45,Y
DP00894,2/19/2025,Neha M,Chennai,Bike,Part-time,3.71,Y
DP01251,1/13/2025,Arjun L,Chennai,Scooter,Part-time,4.13,Y
DP02384,2/20/2025,Kiran T,Mumbai,Scooter,Part-time,4.23,Y
DP05070,2/19/2025,Suresh J,Delhi,Bike,Part-time,4.44,Y
DP03626,2/12/2025,Priya O,Hyderabad,Scooter,Full-time,4.32,Y
DP04667,2/14/2025,Suresh I,Bengaluru,Scooter,Full-time,4.03,N
DP02946,2/20/2025,Suresh X,Mumbai,Scooter,Part-time,4.73,Y
DP00553,2/15/2025,Neha W,Pune,Scooter,Part-time,4.39,Y
DP09562,2/20/2025,Divya Y,Bengaluru,Scooter,Part-time,4.29,Y
DP11600,2/18/2025,Neha I,Kolkata,Bike,Full-time,4.23,Y
DP14596,2/19/2025,Suresh L,Kolkata,Scooter,Full-time,4.17,Y
DP11738,2/4/2025,Neha A,Ahmedabad,Cycle,Full-time,4.07,Y
DP02872,2/19/2025,Kiran I,Chennai,Scooter,Full-time,4.07,Y
DP02086,2/20/2025,Vikas S,Pune,Bike,Part-time,4.14,Y
DP03243,2/16/2025,Priya W,Ahmedabad,Cycle,Part-time,4.59,Y
DP08192,2/20/2025,Nikhil F,Delhi,Cycle,Full-time,4.01,Y
DP06825,4/16/2025,Nikhil M,Bengaluru,Bike,Part-time,4.19,Y
DP10211,2/4/2025,Vikas R,Ahmedabad,Scooter,Part-time,4.01,N
DP12288,2/21/2025,Kiran Z,Bengaluru,Bike,Contract,4.06,Y
DP12873,2/19/2025,Santosh F,Kolkata,Bike,Part-time,4.43,Y
DP04720,2/16/2025,Kiran K,Kolkata,Car,Full-time,4.03,Y
DP06869,2/12/2025,Rakesh D,Mumbai,Scooter,Part-time,4.13,N
DP10872,2/12/2025,Priya Q,Pune,Bike,Part-time,4.19,Y
DP06982,2/6/2025,Ananya L,Delhi,Cycle,Part-time,4.11,Y
DP01177,2/13/2025,Vikas C,Ahmedabad,Cycle,Part-time,4.09,Y
DP13310,2/17/2025,Priya T,Bengaluru,Car,Full-time,4.41,N
DP10486,5/2/2025,Nikhil Q,Chennai,Bike,Full-time,4.19,Y
DP13661,2/14/2025,Deepak C,Chennai,Cycle,Contract,4.12,Y
DP05183,2/14/2025,Sneha B,Ahmedabad,Bike,Full-time,4.05,Y
DP01679,1/7/2025,Amit Z,Mumbai,Bike,Full-time,4.56,Y
DP08801,2/18/2025,Pooja K,Kolkata,Scooter,Part-time,4.18,Y
DP07652,2/7/2025,Kiran H,Delhi,Scooter,Full-time,3.98,Y
DP07849,2/15/2025,Ravi F,Bengaluru,Bike,Part-time,3.89,Y
DP10712,2/21/2025,Neha R,Hyderabad,Bike,Part-time,4.03,N
DP09809,2/10/2025,Arjun H,Delhi,Scooter,Full-time,4.53,N
DP09280,2/21/2025,Neha R,Delhi,Scooter,Full-time,4.14,Y
DP14686,2/6/2025,Amit M,Ahmedabad,Bike,Part-time,4.47,N
DP02930,2/15/2025,Rahul S,Delhi,Scooter,Contract,4.06,Y
DP06192,2/22/2025,Ravi B,Mumbai,Scooter,Full-time,4.63,Y
DP10156,1/22/2025,Rakesh M,Bengaluru,Scooter,Full-time,4.06,Y
DP06634,2/13/2025,Arjun F,Hyderabad,Bike,Part-time,4.79,Y
DP09093,3/9/2025,Ananya X,Mumbai,Cycle,Full-time,4.84,Y
DP03281,2/14/2025,Santosh S,Hyderabad,Cycle,Full-time,4,Y
DP14783,2/15/2025,Santosh M,Mumbai,Scooter,Full-time,3.99,Y
DP13286,2/16/2025,Ravi Q,Mumbai,Scooter,Full-time,4.11,Y
DP08460,2/15/2025,Vikas S,Bengaluru,Bike,Contract,3.86,Y
DP08627,2/15/2025,Divya Y,Chennai,Bike,Part-time,4.62,Y
DP10112,2/18/2025,Pooja Q,Ahmedabad,Scooter,Part-time,4.18,Y
DP08490,1/31/2025,Vikas R,Bengaluru,Cycle,Part-time,4.19,Y
DP01247,1/27/2025,Deepak N,Delhi,Bike,Full-time,4.1,Y
DP10575,2/11/2025,Pooja Q,Mumbai,Scooter,Full-time,4.37,N
DP12257,2/18/2025,Manoj V,Bengaluru,Scooter,Part-time,4.29,Y
DP05339,2/20/2025,Arjun A,Chennai,Scooter,Full-time,4.46,Y
DP10117,1/31/2025,Amit B,Ahmedabad,Car,Full-time,4.51,Y
DP13173,2/20/2025,Santosh F,Bengaluru,Bike,Full-time,4.64,Y
DP02028,2/18/2025,Neha V,Kolkata,Bike,Contract,4.21,Y
DP12843,2/8/2025,Shreya X,Bengaluru,Scooter,Contract,4.17,Y
DP02314,1/30/2025,Suresh X,Delhi,Scooter,Part-time,4.15,Y
DP02969,2/23/2025,Priya J,Kolkata,Scooter,Part-time,4.7,Y
DP05895,1/19/2025,Kiran N,Kolkata,Scooter,Contract,4.3,Y
DP04634,2/21/2025,Shreya U,Mumbai,Cycle,Contract,4.21,Y
DP09761,2/12/2025,Kiran B,Delhi,Scooter,Part-time,4.51,Y
DP06906,2/16/2025,Manoj J,Delhi,Bike,Contract,4.27,Y
DP09554,2/20/2025,Ravi N,Bengaluru,Bike,Full-time,4.23,Y
DP06746,2/15/2025,Amit W,Mumbai,Bike,Full-time,4.15,Y
DP13138,2/15/2025,Pooja T,Ahmedabad,Bike,Full-time,3.98,N
DP05190,3/1/2025,Pooja M,Bengaluru,Bike,Contract,3.72,Y
DP07279,2/8/2025,Sneha H,Kolkata,Scooter,Full-time,4.25,Y
DP08501,2/14/2025,Kiran F,Hyderabad,Scooter,Contract,4.18,Y
DP06642,1/19/2025,Shreya C,Bengaluru,Bike,Part-time,3.72,Y
DP01264,2/21/2025,Nikhil K,Chennai,Bike,Contract,4.06,Y
DP12302,2/22/2025,Manoj U,Kolkata,Scooter,Part-time,3.97,Y
DP03259,2/18/2025,Pooja M,Ahmedabad,Scooter,Full-time,4.4,Y
DP08995,2/21/2025,Nikhil K,Kolkata,Bike,Full-time,3.94,Y
DP05585,2/15/2025,Vikas T,Ahmedabad,Scooter,Full-time,4.39,Y
DP10392,1/20/2025,Suresh C,Bengaluru,Bike,Full-time,4.4,Y
DP04724,2/6/2025,Priya B,Pune,Bike,Part-time,4.82,Y
DP02151,2/7/2025,Santosh Y,Hyderabad,Car,Part-time,3.54,Y
DP04471,1/27/2025,Shreya C,Chennai,Bike,Full-time,4.6,Y
DP00866,2/15/2025,Rakesh N,Bengaluru,Scooter,Part-time,4.41,Y
DP01779,2/16/2025,Rahul M,Pune,Bike,Full-time,4.21,N
DP06772,2/20/2025,Amit G,Delhi,Cycle,Full-time,4,Y
DP14225,2/18/2025,Amit V,Delhi,Scooter,Contract,4.21,Y
DP10678,1/20/2025,Nikhil R,Pune,Scooter,Contract,3.72,N
DP02926,2/4/2025,Suresh I,Bengaluru,Bike,Part-time,4.53,Y
DP13603,1/24/2025,Manoj W,Bengaluru,Scooter,Full-time,3.91,Y
DP12074,1/20/2025,Ananya S,Ahmedabad,Scooter,Full-time,3.94,Y
DP11481,1/17/2025,Sneha F,Ahmedabad,Bike,Part-time,4.35,N
DP00370,1/27/2025,Arjun T,Delhi,Bike,Part-time,4.42,Y
DP14156,1/27/2025,Manoj P,Pune,Cycle,Contract,4.35,N
DP13577,2/11/2025,Santosh I,Mumbai,Bike,Part-time,3.93,Y
DP08750,3/5/2025,Rahul K,Hyderabad,Scooter,Full-time,4.45,Y
DP14688,2/16/2025,Pooja U,Kolkata,Bike,Full-time,4.42,Y
DP09656,2/27/2025,Suresh I,Delhi,Bike,Full-time,3.99,Y
DP14821,2/16/2025,Rahul K,Mumbai,Bike,Full-time,3.79,Y
DP10336,2/19/2025,Vikas K,Bengaluru,Scooter,Full-time,4.06,Y
DP06334,1/24/2025,Meena K,Ahmedabad,Bike,Full-time,4.43,Y
DP09394,2/12/2025,Meena J,Ahmedabad,Scooter,Full-time,4.03,Y
DP07416,2/7/2025,Amit T,Pune,Scooter,Part-time,4.46,Y
DP04282,2/11/2025,Rahul T,Kolkata,Scooter,Full-time,4.2,Y
DP01509,1/25/2025,Vikas F,Kolkata,Bike,Contract,4.06,Y
DP12684,2/9/2025,Rahul G,Bengaluru,Bike,Full-time,4.49,Y
DP01908,2/15/2025,Sneha D,Mumbai,Scooter,Full-time,4.26,N
DP08682,2/4/2025,Deepak B,Kolkata,Scooter,Part-time,4.32,Y
DP01564,2/16/2025,Shreya R,Bengaluru,Scooter,Full-time,3.91,Y
DP02446,2/23/2025,Suresh B,Bengaluru,Bike,Full-time,4.07,Y
DP10961,2/18/2025,Santosh R,Mumbai,Scooter,Full-time,4.56,Y
DP14498,2/10/2025,Santosh X,Chennai,Scooter,Contract,4.36,Y
DP01086,3/26/2025,Ravi N,Ahmedabad,Bike,Full-time,3.92,Y
DP02474,2/17/2025,Sneha P,Ahmedabad,Bike,Part-time,4.77,Y
DP07256,2/13/2025,Ananya B,Chennai,Bike,Full-time,4.07,Y
DP01956,2/19/2025,Sneha D,Delhi,Bike,Contract,4.81,Y
DP05347,2/15/2025,Nikhil D,Pune,Bike,Part-time,4.28,Y
DP08291,2/6/2025,Vikas M,Delhi,Scooter,Full-time,4.44,Y
DP14242,2/5/2025,Kiran K,Bengaluru,Scooter,Full-time,4.04,Y
DP13911,2/20/2025,Divya W,Hyderabad,Scooter,Full-time,4.56,Y
DP10355,2/8/2025,Divya N,Mumbai,Cycle,Contract,4.18,Y
DP13508,2/10/2025,Ravi J,Hyderabad,Cycle,Part-time,3.79,Y
DP10624,2/21/2025,Ananya X,Bengaluru,Scooter,Part-time,4.12,Y
DP01715,3/18/2025,Suresh F,Chennai,Bike,Full-time,3.72,N
DP03980,4/16/2025,Priya W,Delhi,Cycle,Contract,4.73,Y
DP10159,2/19/2025,Pooja J,Delhi,Scooter,Part-time,3.99,Y
DP08065,2/21/2025,Sneha M,Delhi,Scooter,Full-time,4.07,Y
DP11765,2/20/2025,Neha C,Bengaluru,Scooter,Part-time,4.01,Y
DP09765,2/22/2025,Arjun N,Ahmedabad,Bike,Full-time,4.06,N
DP09717,2/17/2025,Suresh S,Bengaluru,Scooter,Part-time,4.31,Y
DP06714,2/8/2025,Kiran B,Bengaluru,Cycle,Full-time,4.43,N
DP11985,2/14/2025,Shreya V,Kolkata,Scooter,Full-time,4.24,Y
DP05824,2/22/2025,Shreya A,Hyderabad,Bike,Part-time,3.8,Y
DP01538,2/3/2025,Ananya G,Hyderabad,Bike,Full-time,4.38,N
DP14835,2/13/2025,Neha W,Bengaluru,Bike,Part-time,4.16,Y
DP05137,2/23/2025,Pooja Q,Kolkata,Cycle,Part-time,3.73,Y
DP13814,2/19/2025,Sneha N,Mumbai,Scooter,Part-time,3.97,Y
DP11151,2/22/2025,Ravi V,Ahmedabad,Bike,Contract,4.33,Y
DP01365,2/17/2025,Arjun Q,Ahmedabad,Bike,Contract,4.16,Y
DP10082,2/16/2025,Pooja F,Mumbai,Bike,Full-time,3.52,Y
DP09183,2/20/2025,Priya D,Mumbai,Bike,Full-time,3.88,Y
DP09311,2/2/2025,Ravi B,Pune,Bike,Full-time,3.53,N
DP13403,2/13/2025,Neha O,Chennai,Bike,Contract,3.66,Y
DP07120,2/25/2025,Divya U,Mumbai,Scooter,Full-time,3.68,Y
DP00987,2/19/2025,Arjun O,Bengaluru,Scooter,Contract,4.77,Y
DP05889,2/4/2025,Vikas H,Kolkata,Cycle,Part-time,4.16,N
DP10394,2/11/2025,Neha I,Kolkata,Scooter,Part-time,4.24,Y
DP12173,2/23/2025,Rahul U,Mumbai,Bike,Part-time,4.17,Y
DP02315,2/9/2025,Deepak X,Kolkata,Scooter,Contract,4.74,Y
DP14846,2/6/2025,Vikas G,Bengaluru,Cycle,Full-time,4.29,Y
DP14459,2/13/2025,Deepak V,Chennai,Bike,Part-time,4.04,Y
DP03298,1/20/2025,Rahul N,Delhi,Scooter,Full-time,4.53,Y
DP12284,3/6/2025,Vikas D,Bengaluru,Scooter,Part-time,4.55,Y
DP12161,3/28/2025,Ananya F,Bengaluru,Bike,Part-time,4.46,N
DP03601,2/12/2025,Deepak H,Mumbai,Bike,Full-time,3.63,Y
DP01306,2/19/2025,Divya O,Pune,Cycle,Contract,3.71,Y
DP01055,2/10/2025,Manoj Q,Pune,Bike,Part-time,4.19,Y
DP05384,1/28/2025,Sneha N,Bengaluru,Scooter,Full-time,4.48,Y
DP11189,2/22/2025,Pooja O,Kolkata,Scooter,Full-time,4,Y
DP12062,2/23/2025,Vikas L,Delhi,Bike,Full-time,4.18,Y
DP13645,2/23/2025,Shreya O,Hyderabad,Car,Full-time,4.75,Y
DP05696,2/3/2025,Meena P,Delhi,Scooter,Full-time,4.09,Y
DP11938,2/22/2025,Pooja R,Delhi,Cycle,Full-time,4.82,N
DP06363,2/17/2025,Shreya Y,Bengaluru,Bike,Part-time,4.52,Y
DP01048,2/21/2025,Pooja T,Delhi,Scooter,Part-time,4.03,Y
DP08477,2/15/2025,Divya G,Kolkata,Scooter,Full-time,4.52,Y
DP05262,2/6/2025,Nikhil L,Kolkata,Cycle,Full-time,3.58,Y
DP08987,2/21/2025,Vikas G,Kolkata,Bike,Contract,4.76,Y
DP14292,2/23/2025,Amit E,Kolkata,Scooter,Contract,3.92,Y
DP05644,2/6/2025,Divya Z,Kolkata,Scooter,Full-time,3.95,Y
DP00869,2/9/2025,Rahul B,Kolkata,Bike,Full-time,4.45,Y
DP14428,3/1/2025,Kiran F,Bengaluru,Cycle,Part-time,3.99,Y
DP12110,2/20/2025,Deepak H,Bengaluru,Scooter,Full-time,4.25,Y
DP12339,2/16/2025,Manoj J,Bengaluru,Bike,Full-time,4.41,Y
DP02796,2/8/2025,Priya L,Bengaluru,Scooter,Full-time,4.52,Y
DP04211,2/18/2025,Shreya S,Delhi,Bike,Full-time,4.47,Y
DP03114,2/8/2025,Manoj P,Ahmedabad,Bike,Contract,4.19,Y
DP08993,2/12/2025,Shreya P,Mumbai,Bike,Part-time,3.93,Y
DP05226,2/1/2025,Sneha X,Hyderabad,Scooter,Part-time,4.46,Y
DP11802,2/20/2025,Nikhil P,Bengaluru,Scooter,Contract,4.2,Y
DP08339,2/22/2025,Rahul A,Hyderabad,Cycle,Contract,4.25,Y
DP00696,2/2/2025,Shreya Y,Chennai,Scooter,Part-time,4.63,Y
DP01512,2/12/2025,Rakesh B,Kolkata,Scooter,Full-time,4.09,Y
DP02292,2/12/2025,Ananya J,Kolkata,Scooter,Full-time,4.27,Y
DP02417,2/24/2025,Nikhil R,Hyderabad,Bike,Part-time,4.19,Y
DP07146,2/9/2025,Rahul L,Kolkata,Scooter,Full-time,4.26,Y
DP03607,1/11/2025,Divya E,Kolkata,Bike,Part-time,3.32,Y
DP03045,2/10/2025,Nikhil M,Kolkata,Bike,Full-time,4.03,Y
DP02326,2/24/2025,Divya Q,Chennai,Bike,Full-time,3.98,Y
DP09688,2/13/2025,Meena K,Pune,Scooter,Full-time,4.06,Y
DP01292,2/14/2025,Arjun P,Mumbai,Bike,Full-time,4.16,Y
DP13099,2/10/2025,Sneha S,Bengaluru,Scooter,Full-time,4.35,Y
DP06823,2/11/2025,Amit Q,Bengaluru,Car,Part-time,4.28,Y
DP03052,2/5/2025,Sneha Q,Bengaluru,Cycle,Full-time,4.29,Y
DP00937,2/23/2025,Pooja Q,Ahmedabad,Car,Full-time,4.46,Y
DP04458,3/6/2025,Rahul D,Bengaluru,Bike,Full-time,3.73,Y
DP14430,1/21/2025,Priya G,Bengaluru,Bike,Full-time,4.14,Y
DP06377,2/12/2025,Arjun X,Mumbai,Scooter,Contract,4.04,Y
DP02896,2/12/2025,Ravi U,Hyderabad,Bike,Full-time,4.54,Y
DP01088,2/22/2025,Nikhil S,Bengaluru,Bike,Full-time,3.91,Y
DP14284,2/11/2025,Divya V,Bengaluru,Bike,Contract,5,Y
DP02522,2/15/2025,Priya Y,Ahmedabad,Car,Full-time,3.82,N
DP14531,2/23/2025,Meena G,Delhi,Bike,Full-time,4.43,Y
DP04512,2/24/2025,Deepak D,Delhi,Cycle,Contract,4.52,Y
DP02757,3/12/2025,Ravi H,Hyderabad,Scooter,Contract,4.23,Y
DP05361,3/25/2025,Priya H,Delhi,Bike,Full-time,4.26,Y
DP11434,3/23/2025,Santosh U,Delhi,Bike,Full-time,3.77,Y
DP03314,2/22/2025,Ananya Q,Mumbai,Bike,Full-time,4.58,N
DP12590,2/19/2025,Ananya Q,Kolkata,Bike,Contract,4.06,Y
DP07965,2/18/2025,Manoj B,Pune,Scooter,Full-time,4.35,Y
DP13048,2/19/2025,Kiran M,Kolkata,Scooter,Full-time,4.2,Y
DP00401,2/6/2025,Manoj H,Bengaluru,Bike,Full-time,4.09,Y
DP03496,2/19/2025,Kiran T,Mumbai,Scooter,Full-time,4.3,Y
DP07128,2/17/2025,Priya U,Hyderabad,Cycle,Contract,4.2,Y
DP02820,2/15/2025,Ananya U,Hyderabad,Bike,Part-time,3.77,N
DP11675,3/8/2025,Ravi Y,Kolkata,Scooter,Part-time,4.13,N
DP08183,1/21/2025,Sneha W,Pune,Bike,Contract,3.88,Y
DP14535,2/17/2025,Pooja Q,Hyderabad,Scooter,Contract,4,Y
DP03795,2/25/2025,Deepak I,Mumbai,Car,Full-time,4.21,Y
DP04713,2/24/2025,Pooja U,Ahmedabad,Bike,Part-time,4.27,Y
DP05803,2/14/2025,Vikas W,Kolkata,Scooter,Part-time,4.12,N
DP08088,2/14/2025,Vikas R,Chennai,Cycle,Contract,4.09,Y
DP04498,2/26/2025,Pooja A,Mumbai,Scooter,Full-time,4.84,Y
DP06636,2/24/2025,Rakesh Y,Mumbai,Scooter,Contract,4.34,Y
DP05632,2/20/2025,Vikas R,Kolkata,Scooter,Full-time,4.25,Y
DP10035,1/29/2025,Shreya B,Bengaluru,Scooter,Full-time,4.18,Y
DP03846,1/28/2025,Arjun R,Mumbai,Car,Full-time,4.59,Y
DP06105,2/20/2025,Sneha Z,Pune,Cycle,Contract,4.34,Y
DP12780,2/23/2025,Divya C,Pune,Bike,Full-time,4.01,Y
DP02125,2/14/2025,Shreya H,Pune,Scooter,Full-time,3.93,N
DP08043,2/18/2025,Arjun O,Mumbai,Scooter,Contract,4.04,Y
DP11507,2/24/2025,Arjun D,Delhi,Scooter,Full-time,4.72,Y
DP09837,2/16/2025,Deepak C,Mumbai,Bike,Full-time,4.38,Y
DP04432,2/7/2025,Sneha A,Kolkata,Scooter,Full-time,4.08,Y
DP09458,2/15/2025,Kiran H,Pune,Car,Full-time,4.09,Y
DP00011,2/4/2025,Amit G,Chennai,Cycle,Part-time,4.56,Y
DP06154,2/19/2025,Priya D,Hyderabad,Bike,Contract,3.89,Y
DP03742,2/6/2025,Pooja Y,Mumbai,Bike,Full-time,3.65,Y
DP07564,1/29/2025,Vikas H,Hyderabad,Scooter,Full-time,4.12,Y
DP04374,2/13/2025,Shreya Q,Delhi,Cycle,Contract,4.18,Y
DP01268,2/12/2025,Divya N,Ahmedabad,Cycle,Full-time,4.29,Y
DP12195,2/23/2025,Neha Q,Delhi,Cycle,Part-time,4.26,Y
DP06014,2/15/2025,Priya X,Mumbai,Scooter,Part-time,4.03,Y
DP05695,3/5/2025,Sneha J,Ahmedabad,Scooter,Part-time,4.17,Y
DP03721,2/22/2025,Pooja S,Kolkata,Scooter,Part-time,4.29,N
DP11454,3/1/2025,Meena K,Mumbai,Bike,Full-time,4.12,Y
DP10032,1/21/2025,Suresh J,Hyderabad,Bike,Part-time,4.24,Y
DP13681,2/10/2025,Nikhil P,Delhi,Scooter,Contract,4.13,N
DP13983,2/18/2025,Santosh M,Mumbai,Bike,Full-time,4.22,Y
DP14306,2/5/2025,Kiran R,Pune,Cycle,Contract,4.2,Y
DP05735,2/26/2025,Neha J,Ahmedabad,Bike,Part-time,4.05,Y
DP00948,2/17/2025,Neha E,Bengaluru,Bike,Full-time,4.54,Y
DP13201,3/14/2025,Suresh P,Kolkata,Bike,Full-time,4.18,Y
DP08251,2/5/2025,Santosh U,Hyderabad,Scooter,Contract,4.24,Y
DP01167,2/26/2025,Pooja Y,Bengaluru,Bike,Full-time,4.32,Y
DP10317,2/24/2025,Ravi B,Ahmedabad,Car,Full-time,3.87,Y
DP10198,2/21/2025,Sneha Y,Delhi,Scooter,Full-time,3.94,Y
DP10097,2/26/2025,Deepak V,Chennai,Scooter,Full-time,4.2,Y
DP08093,2/22/2025,Neha P,Hyderabad,Cycle,Part-time,4.14,Y
DP05975,2/18/2025,Rahul Y,Pune,Cycle,Full-time,4.17,Y
DP00144,2/25/2025,Neha U,Mumbai,Scooter,Part-time,4.05,Y
DP08916,2/27/2025,Divya T,Bengaluru,Bike,Part-time,4.12,Y
DP12909,2/22/2025,Sneha D,Bengaluru,Bike,Full-time,4.62,Y
DP07277,2/28/2025,Rakesh R,Bengaluru,Bike,Full-time,4.19,Y
DP09892,2/26/2025,Deepak A,Delhi,Cycle,Full-time,4.24,Y
DP11186,1/22/2025,Rahul A,Chennai,Bike,Full-time,4.54,Y
DP04291,2/18/2025,Divya W,Kolkata,Scooter,Part-time,4.23,N
DP10451,2/16/2025,Rakesh O,Pune,Cycle,Full-time,4.37,Y
DP04895,2/1/2025,Neha K,Bengaluru,Bike,Contract,4.17,Y
DP06299,2/18/2025,Manoj U,Mumbai,Bike,Part-time,4.32,Y
DP08459,2/15/2025,Rahul O,Bengaluru,Bike,Full-time,3.93,Y
DP06682,2/5/2025,Shreya W,Kolkata,Bike,Contract,4.32,N
DP14626,2/15/2025,Santosh R,Bengaluru,Car,Contract,4.28,Y
DP02718,2/17/2025,Rakesh W,Delhi,Bike,Contract,4.32,Y
DP06946,2/28/2025,Kiran I,Ahmedabad,Bike,Part-time,3.52,Y
DP09898,2/14/2025,Nikhil E,Kolkata,Cycle,Full-time,4.55,Y
DP14423,2/25/2025,Priya U,Delhi,Cycle,Full-time,4.32,Y
DP04115,2/26/2025,Santosh J,Bengaluru,Cycle,Full-time,4.28,Y
DP13422,2/2/2025,Vikas B,Delhi,Bike,Full-time,4.1,Y
DP06049,2/22/2025,Deepak J,Hyderabad,Bike,Contract,3.96,N
DP05738,2/13/2025,Deepak E,Bengaluru,Cycle,Contract,3.91,N
DP13137,2/15/2025,Manoj L,Bengaluru,Bike,Full-time,4.26,Y
DP05258,2/14/2025,Vikas A,Chennai,Bike,Full-time,4.34,Y
DP04267,2/28/2025,Santosh P,Ahmedabad,Scooter,Full-time,4.41,Y
DP07984,2/23/2025,Rahul H,Chennai,Scooter,Full-time,3.65,Y
DP14571,2/7/2025,Amit M,Ahmedabad,Scooter,Part-time,4.15,Y
DP01440,2/23/2025,Shreya Z,Bengaluru,Cycle,Contract,3.91,Y
DP12871,2/28/2025,Divya L,Bengaluru,Scooter,Full-time,4.85,Y
DP09920,2/25/2025,Santosh K,Kolkata,Bike,Part-time,4.45,N
DP02694,2/5/2025,Sneha K,Delhi,Bike,Full-time,4.37,Y
DP09634,1/30/2025,Vikas F,Delhi,Scooter,Part-time,4.4,Y
DP12994,2/14/2025,Rahul L,Pune,Car,Full-time,4.41,Y
DP05688,2/27/2025,Pooja H,Bengaluru,Bike,Part-time,3.79,Y
DP04624,2/22/2025,Suresh Y,Pune,Bike,Part-time,3.74,Y
DP13421,1/29/2025,Rahul R,Ahmedabad,Scooter,Full-time,4.11,Y
DP00605,2/17/2025,Divya P,Bengaluru,Car,Full-time,4.02,Y
DP11405,2/11/2025,Amit S,Pune,Scooter,Full-time,3.61,Y
DP03332,2/18/2025,Deepak J,Hyderabad,Bike,Full-time,4.31,Y
DP10274,2/27/2025,Priya L,Bengaluru,Scooter,Contract,4.64,Y
DP06432,2/23/2025,Ravi P,Hyderabad,Scooter,Part-time,3.51,Y
DP02173,2/19/2025,Deepak R,Hyderabad,Scooter,Part-time,4.01,Y
DP11220,2/20/2025,Santosh M,Bengaluru,Bike,Contract,3.96,Y
DP05446,2/26/2025,Santosh K,Kolkata,Bike,Part-time,4.27,Y
DP08842,2/20/2025,Rakesh B,Kolkata,Cycle,Contract,3.78,Y
DP02788,2/4/2025,Ravi T,Bengaluru,Scooter,Contract,4.2,Y
DP08555,2/18/2025,Deepak J,Mumbai,Cycle,Full-time,4.45,Y
DP05203,2/28/2025,Suresh M,Bengaluru,Bike,Full-time,3.93,Y
DP05669,3/17/2025,Santosh Z,Delhi,Cycle,Contract,4.65,Y
DP08266,3/9/2025,Neha U,Chennai,Scooter,Full-time,4.36,Y
DP00599,2/21/2025,Santosh G,Delhi,Scooter,Full-time,4.81,Y
DP00985,2/26/2025,Santosh B,Bengaluru,Scooter,Full-time,3.8,Y
DP02369,2/24/2025,Santosh D,Mumbai,Cycle,Part-time,4.15,N
DP11292,2/18/2025,Ravi S,Kolkata,Scooter,Part-time,3.92,Y
DP13050,2/13/2025,Ananya Y,Mumbai,Scooter,Full-time,3.93,Y
DP12362,2/20/2025,Ananya A,Bengaluru,Scooter,Full-time,3.99,Y
DP07970,2/21/2025,Ravi X,Delhi,Scooter,Full-time,4.94,Y
DP09617,2/18/2025,Pooja S,Mumbai,Bike,Contract,4.41,Y
DP02748,2/12/2025,Sneha L,Bengaluru,Bike,Full-time,4.2,Y
DP03161,2/9/2025,Divya K,Ahmedabad,Scooter,Full-time,4.37,Y
DP14901,2/28/2025,Amit D,Chennai,Bike,Part-time,3.92,Y
DP02599,2/28/2025,Amit G,Ahmedabad,Cycle,Contract,3.94,Y
DP14965,2/22/2025,Vikas C,Hyderabad,Scooter,Full-time,4.06,Y
DP12310,2/11/2025,Nikhil D,Hyderabad,Bike,Full-time,4.4,Y
DP09094,2/10/2025,Vikas P,Ahmedabad,Bike,Part-time,4.05,Y
DP03270,3/2/2025,Kiran E,Kolkata,Scooter,Contract,4.48,Y
DP04762,2/16/2025,Neha O,Hyderabad,Cycle,Full-time,4.03,Y
DP07888,2/1/2025,Nikhil E,Mumbai,Scooter,Full-time,4.09,Y
DP13068,2/16/2025,Priya K,Mumbai,Bike,Full-time,4.23,N
DP04755,2/27/2025,Meena H,Delhi,Scooter,Full-time,4.33,N
DP00619,2/6/2025,Amit N,Chennai,Bike,Full-time,4.23,Y
DP13239,1/26/2025,Pooja Y,Hyderabad,Cycle,Part-time,4.29,Y
DP09779,2/16/2025,Arjun H,Mumbai,Scooter,Part-time,4.16,Y
DP09944,2/19/2025,Pooja G,Ahmedabad,Cycle,Part-time,3.82,Y
DP05408,2/27/2025,Priya R,Mumbai,Scooter,Part-time,4.45,Y
DP05826,2/11/2025,Rakesh N,Bengaluru,Cycle,Full-time,4.33,Y
DP09350,2/23/2025,Priya B,Mumbai,Scooter,Part-time,4.32,Y
DP13479,2/7/2025,Kiran M,Chennai,Bike,Full-time,4.18,Y
DP02124,2/8/2025,Sneha H,Bengaluru,Cycle,Contract,4.14,Y
DP01910,2/8/2025,Priya R,Delhi,Bike,Full-time,4.1,N
DP05713,2/27/2025,Deepak J,Ahmedabad,Cycle,Contract,4.45,Y
DP03155,2/13/2025,Amit W,Hyderabad,Bike,Full-time,4.49,N
DP10272,2/19/2025,Rakesh P,Bengaluru,Bike,Full-time,3.95,Y
DP02627,2/26/2025,Ravi I,Bengaluru,Bike,Full-time,4.36,Y
DP05255,2/14/2025,Manoj Y,Hyderabad,Bike,Contract,4.67,N
DP06724,2/19/2025,Meena Y,Delhi,Cycle,Full-time,4.08,Y
DP03579,2/17/2025,Pooja M,Bengaluru,Bike,Full-time,4.08,Y
DP11566,2/27/2025,Kiran I,Bengaluru,Scooter,Part-time,4.01,Y
DP12184,2/18/2025,Amit C,Chennai,Bike,Contract,4.23,Y
DP11510,2/28/2025,Santosh F,Mumbai,Cycle,Full-time,4.68,N
DP00209,2/28/2025,Divya X,Mumbai,Scooter,Full-time,3.7,N
DP01164,3/28/2025,Amit M,Ahmedabad,Scooter,Full-time,4.34,Y
DP07134,2/6/2025,Pooja L,Bengaluru,Bike,Part-time,4,Y
DP13831,2/26/2025,Amit P,Bengaluru,Scooter,Full-time,4.03,Y
DP02722,2/3/2025,Deepak V,Bengaluru,Cycle,Full-time,4.03,Y
DP00216,3/3/2025,Divya U,Kolkata,Bike,Part-time,3.95,Y
DP02802,1/22/2025,Ananya M,Bengaluru,Scooter,Part-time,4.81,Y
DP01585,3/29/2025,Amit G,Bengaluru,Cycle,Part-time,3.73,Y
DP12967,2/26/2025,Rahul U,Delhi,Scooter,Full-time,3.47,Y
DP01412,2/1/2025,Rahul I,Delhi,Bike,Full-time,3.93,Y
DP06095,2/28/2025,Shreya E,Bengaluru,Bike,Part-time,3.74,N
DP14003,3/1/2025,Deepak B,Delhi,Scooter,Contract,4.18,Y
DP01905,1/27/2025,Ananya O,Delhi,Scooter,Full-time,3.71,Y
DP00816,2/23/2025,Santosh P,Delhi,Bike,Full-time,4.17,Y
DP13402,2/19/2025,Priya F,Kolkata,Bike,Part-time,3.77,Y
DP03022,2/26/2025,Manoj Q,Delhi,Bike,Part-time,4.51,Y
DP00897,2/23/2025,Priya U,Bengaluru,Bike,Full-time,3.98,Y
DP09387,2/4/2025,Shreya H,Ahmedabad,Bike,Full-time,4.5,Y
DP14445,2/26/2025,Rakesh N,Kolkata,Bike,Part-time,4.21,Y
DP10636,2/19/2025,Meena U,Delhi,Scooter,Full-time,4.1,Y
DP14246,2/17/2025,Ravi B,Bengaluru,Scooter,Full-time,4.06,Y
DP00203,2/11/2025,Meena G,Bengaluru,Scooter,Full-time,4.33,Y
DP01259,2/25/2025,Kiran O,Mumbai,Scooter,Full-time,4.25,Y
DP02415,3/2/2025,Rakesh H,Bengaluru,Scooter,Full-time,3.98,Y
DP02995,2/28/2025,Priya S,Mumbai,Scooter,Part-time,4.14,Y
DP05804,2/21/2025,Shreya W,Kolkata,Bike,Part-time,4.13,N
DP09211,3/4/2025,Manoj M,Bengaluru,Cycle,Full-time,4.13,N
DP01906,2/25/2025,Ananya C,Ahmedabad,Scooter,Full-time,3.31,Y
DP05549,3/5/2025,Shreya H,Chennai,Cycle,Full-time,4.21,Y
DP12253,2/13/2025,Neha U,Mumbai,Scooter,Part-time,4.23,Y
DP02145,2/2/2025,Priya Y,Kolkata,Bike,Contract,4.1,Y
DP07210,2/15/2025,Kiran D,Mumbai,Bike,Full-time,4.19,Y
DP07865,2/17/2025,Divya G,Kolkata,Scooter,Part-time,4.49,Y
DP06019,2/22/2025,Ananya U,Chennai,Cycle,Part-time,3.65,N
DP10793,2/28/2025,Arjun A,Mumbai,Scooter,Full-time,4.21,Y
DP07292,2/5/2025,Rakesh Y,Bengaluru,Scooter,Contract,4,Y
DP02843,3/1/2025,Shreya J,Delhi,Scooter,Full-time,4.56,Y
DP00870,2/23/2025,Arjun V,Hyderabad,Bike,Part-time,4.26,Y
DP00157,2/27/2025,Priya X,Delhi,Scooter,Part-time,4.55,N
DP00721,3/3/2025,Suresh X,Kolkata,Scooter,Full-time,3.79,Y
DP10815,2/22/2025,Sneha T,Bengaluru,Cycle,Part-time,4.56,Y
DP09584,2/25/2025,Meena L,Kolkata,Scooter,Part-time,4.07,Y
DP02208,2/17/2025,Priya K,Chennai,Scooter,Full-time,4.23,N
DP12457,2/24/2025,Rakesh Y,Delhi,Scooter,Contract,4.19,Y
DP06038,2/26/2025,Divya M,Mumbai,Bike,Full-time,3.83,Y
DP11697,2/26/2025,Rakesh E,Ahmedabad,Scooter,Contract,4.6,Y
DP05171,2/23/2025,Arjun X,Kolkata,Scooter,Part-time,4.11,Y
DP11623,2/23/2025,Ravi D,Bengaluru,Cycle,Part-time,4.34,Y
DP13075,3/2/2025,Ravi L,Chennai,Scooter,Full-time,3.9,Y
DP01505,3/1/2025,Deepak D,Chennai,Bike,Part-time,4.36,Y
DP10423,2/1/2025,Ananya Y,Pune,Scooter,Contract,4.11,Y
DP08524,2/16/2025,Suresh I,Hyderabad,Scooter,Full-time,4.49,N
DP02579,3/3/2025,Pooja P,Bengaluru,Scooter,Contract,3.93,Y
DP12415,2/2/2025,Shreya L,Mumbai,Cycle,Full-time,3.88,Y
DP06147,2/23/2025,Manoj Z,Chennai,Bike,Contract,4.48,Y
DP07588,3/11/2025,Deepak E,Kolkata,Scooter,Contract,4.17,Y
DP11833,2/20/2025,Arjun X,Delhi,Scooter,Part-time,4.12,Y
DP10971,2/22/2025,Manoj V,Hyderabad,Scooter,Contract,4.34,Y
DP06101,3/4/2025,Amit H,Ahmedabad,Scooter,Full-time,4.26,Y
DP07754,2/25/2025,Manoj Y,Mumbai,Bike,Part-time,3.8,Y
DP04132,3/3/2025,Sneha T,Pune,Bike,Full-time,4.32,Y
DP13667,2/24/2025,Shreya N,Pune,Bike,Contract,3.88,Y
DP01266,2/26/2025,Amit R,Pune,Bike,Part-time,3.9,Y
DP08293,1/30/2025,Deepak J,Ahmedabad,Scooter,Full-time,4.2,Y
DP02506,3/4/2025,Nikhil A,Kolkata,Scooter,Full-time,3.87,Y
DP05276,3/5/2025,Shreya S,Ahmedabad,Bike,Part-time,4.7,Y
DP08688,3/1/2025,Priya E,Delhi,Scooter,Part-time,4.31,Y
DP02874,2/4/2025,Sneha J,Pune,Scooter,Contract,4.08,Y
DP00061,3/5/2025,Neha C,Mumbai,Cycle,Part-time,4.28,Y
DP13113,2/22/2025,Suresh M,Kolkata,Bike,Part-time,3.23,Y
DP00109,3/12/2025,Santosh E,Chennai,Car,Contract,3.59,N
DP10865,2/24/2025,Rahul K,Bengaluru,Cycle,Full-time,4.13,N
DP13241,3/2/2025,Shreya F,Delhi,Cycle,Full-time,4.02,Y
DP08131,2/24/2025,Pooja Y,Hyderabad,Bike,Full-time,4.45,Y
DP07801,2/23/2025,Pooja A,Kolkata,Cycle,Full-time,4.04,Y
DP11911,3/3/2025,Rakesh G,Bengaluru,Cycle,Part-time,4.25,N
DP14271,2/27/2025,Ravi T,Pune,Bike,Part-time,4.77,Y
DP13103,2/18/2025,Pooja B,Mumbai,Cycle,Contract,4.45,Y
DP04533,2/27/2025,Divya R,Bengaluru,Cycle,Full-time,4.32,N
DP12278,3/2/2025,Ananya L,Mumbai,Bike,Contract,4.76,Y
DP06213,2/28/2025,Sneha R,Chennai,Cycle,Contract,4.25,Y
DP00251,2/18/2025,Santosh N,Bengaluru,Scooter,Part-time,3.73,Y
DP12197,3/4/2025,Shreya W,Mumbai,Bike,Full-time,3.84,Y
DP06481,3/4/2025,Meena F,Kolkata,Bike,Full-time,4.92,Y
DP12177,2/25/2025,Neha J,Delhi,Bike,Part-time,3.61,Y
DP05191,2/18/2025,Manoj B,Ahmedabad,Bike,Full-time,4.33,Y
DP13837,1/29/2025,Pooja T,Delhi,Bike,Contract,4.11,Y
DP07575,2/15/2025,Amit P,Bengaluru,Scooter,Full-time,4.69,Y
DP12577,2/18/2025,Ananya S,Hyderabad,Bike,Full-time,4.02,Y
DP14675,2/25/2025,Amit L,Chennai,Bike,Full-time,4.09,Y
DP07602,3/2/2025,Amit S,Delhi,Scooter,Contract,4.02,Y
DP04785,1/27/2025,Rakesh S,Delhi,Scooter,Full-time,4.17,Y
DP12732,3/1/2025,Pooja X,Mumbai,Scooter,Part-time,4.66,Y
DP10868,2/6/2025,Sneha C,Pune,Bike,Part-time,4.46,Y
DP01491,3/1/2025,Rakesh U,Pune,Bike,Full-time,4.36,Y
DP07546,3/1/2025,Amit K,Ahmedabad,Car,Full-time,4.62,Y
DP10661,6/13/2025,Manoj C,Pune,Bike,Contract,4.38,N
DP05540,2/2/2025,Santosh V,Bengaluru,Bike,Full-time,4.76,Y
DP06931,3/6/2025,Pooja O,Bengaluru,Scooter,Part-time,4.35,Y
DP02737,3/1/2025,Ravi I,Bengaluru,Scooter,Full-time,4.35,Y
DP04645,3/5/2025,Deepak T,Hyderabad,Bike,Contract,4.31,Y
DP13077,3/3/2025,Rakesh E,Delhi,Bike,Contract,4.09,Y
DP14008,2/27/2025,Shreya E,Hyderabad,Car,Full-time,4.51,N
DP05218,2/21/2025,Deepak A,Mumbai,Bike,Part-time,4.33,Y
DP08193,3/7/2025,Divya T,Chennai,Scooter,Full-time,4.3,Y
DP08819,3/5/2025,Nikhil N,Mumbai,Bike,Full-time,3.99,Y
DP01735,3/3/2025,Divya I,Mumbai,Cycle,Contract,4.64,Y
DP12104,2/26/2025,Shreya O,Mumbai,Car,Part-time,4.73,Y
DP13447,3/20/2025,Ananya J,Bengaluru,Bike,Contract,3.85,Y
DP12540,2/15/2025,Ananya P,Bengaluru,Cycle,Full-time,3.99,N
DP14903,2/26/2025,Pooja I,Delhi,Scooter,Full-time,3.84,Y
DP07300,2/25/2025,Manoj M,Delhi,Scooter,Part-time,4.38,Y
DP11111,3/2/2025,Sneha J,Bengaluru,Cycle,Full-time,4.53,Y
DP02022,3/2/2025,Neha B,Hyderabad,Scooter,Full-time,4.27,N
DP14809,2/22/2025,Ravi D,Ahmedabad,Bike,Contract,4,Y
DP13532,2/21/2025,Deepak G,Bengaluru,Scooter,Full-time,3.94,Y
DP12586,2/3/2025,Deepak W,Bengaluru,Bike,Part-time,3.5,Y
DP14094,2/26/2025,Rakesh H,Bengaluru,Scooter,Full-time,4.42,Y
DP11727,2/20/2025,Sneha R,Hyderabad,Scooter,Part-time,4.31,Y
DP03730,3/9/2025,Rahul M,Mumbai,Bike,Full-time,4.01,Y
DP11496,2/28/2025,Neha G,Kolkata,Car,Part-time,4.27,N
DP09687,3/4/2025,Meena L,Pune,Bike,Full-time,4.5,Y
DP11885,3/1/2025,Amit T,Kolkata,Scooter,Part-time,3.87,Y
DP11296,3/5/2025,Divya F,Chennai,Bike,Part-time,4.37,Y
DP06259,2/22/2025,Amit R,Bengaluru,Car,Part-time,4.54,Y
DP05935,2/8/2025,Santosh T,Kolkata,Bike,Full-time,4.05,Y
DP12119,3/5/2025,Santosh P,Bengaluru,Cycle,Full-time,3.98,N
DP14839,2/10/2025,Manoj J,Bengaluru,Bike,Full-time,4.1,Y
DP14053,3/6/2025,Suresh L,Ahmedabad,Bike,Contract,3.92,Y
DP06649,3/5/2025,Santosh A,Kolkata,Scooter,Full-time,4.37,Y
DP02157,3/7/2025,Rahul G,Ahmedabad,Scooter,Full-time,4.16,Y
DP05631,2/20/2025,Neha H,Delhi,Scooter,Contract,3.78,Y
DP03874,3/8/2025,Santosh F,Chennai,Bike,Full-time,3.57,N
DP04192,3/1/2025,Amit Y,Delhi,Car,Full-time,4.13,Y
DP01842,3/6/2025,Pooja H,Delhi,Bike,Full-time,4.22,N
DP04231,3/1/2025,Kiran X,Delhi,Car,Contract,4.36,Y
DP03680,3/4/2025,Ananya R,Kolkata,Bike,Full-time,4.25,Y
DP08441,2/4/2025,Ananya L,Bengaluru,Cycle,Part-time,3.98,Y
DP02075,3/3/2025,Amit L,Delhi,Bike,Full-time,4.56,Y
DP07784,3/8/2025,Divya M,Bengaluru,Cycle,Full-time,4.38,Y
DP14722,3/5/2025,Arjun N,Bengaluru,Bike,Contract,4.53,Y
DP08973,2/21/2025,Santosh Q,Pune,Scooter,Full-time,4.18,Y
DP13045,2/25/2025,Neha R,Bengaluru,Scooter,Contract,4.35,Y
DP05353,3/5/2025,Arjun G,Bengaluru,Car,Full-time,4.03,Y
DP09462,2/5/2025,Manoj W,Mumbai,Bike,Full-time,3.93,N
DP09216,2/25/2025,Neha F,Kolkata,Bike,Part-time,4.17,Y
DP14746,2/16/2025,Shreya K,Chennai,Scooter,Part-time,3.93,Y
DP13865,3/11/2025,Neha L,Kolkata,Bike,Full-time,4.01,Y
DP10046,3/10/2025,Shreya K,Bengaluru,Scooter,Contract,4.42,Y
DP04057,3/5/2025,Nikhil R,Delhi,Cycle,Full-time,3.58,Y
DP04831,3/2/2025,Pooja Y,Mumbai,Bike,Full-time,3.95,Y
DP00250,1/30/2025,Pooja D,Chennai,Scooter,Contract,4.67,Y
DP06511,2/20/2025,Shreya O,Ahmedabad,Scooter,Full-time,3.87,Y
DP13285,2/19/2025,Ravi X,Bengaluru,Bike,Contract,4.38,Y
DP04212,4/13/2025,Shreya F,Delhi,Scooter,Part-time,3.6,Y
DP05571,3/3/2025,Kiran X,Bengaluru,Scooter,Full-time,4.24,Y
DP12325,2/17/2025,Divya Z,Bengaluru,Cycle,Contract,4.8,Y
DP14613,2/9/2025,Suresh G,Hyderabad,Bike,Full-time,4.84,Y
DP09097,2/21/2025,Ananya E,Chennai,Bike,Contract,3.53,Y
DP00381,3/7/2025,Divya O,Bengaluru,Scooter,Full-time,4.22,N
DP11180,3/8/2025,Nikhil M,Bengaluru,Car,Contract,4.37,Y
DP10202,3/9/2025,Shreya Y,Bengaluru,Cycle,Full-time,3.58,Y
DP14840,2/23/2025,Deepak A,Mumbai,Scooter,Contract,4.76,Y
DP12213,3/3/2025,Pooja Y,Delhi,Bike,Full-time,3.95,Y
DP02068,3/10/2025,Rakesh V,Hyderabad,Bike,Part-time,4.21,Y
DP07973,2/21/2025,Neha A,Kolkata,Scooter,Part-time,3.9,Y
DP05454,2/16/2025,Priya I,Bengaluru,Scooter,Full-time,3.9,N
DP14390,3/1/2025,Pooja X,Pune,Cycle,Full-time,4.02,N
DP03640,2/6/2025,Neha V,Pune,Scooter,Contract,3.94,Y
DP04155,3/7/2025,Divya U,Bengaluru,Scooter,Contract,4.13,Y
DP05457,2/26/2025,Manoj H,Kolkata,Bike,Contract,4.11,Y
DP07316,2/23/2025,Ananya F,Bengaluru,Cycle,Full-time,4.53,N
DP02176,2/25/2025,Deepak L,Delhi,Scooter,Full-time,4.04,N
DP11582,2/26/2025,Neha P,Mumbai,Car,Contract,4.32,Y
DP02880,3/11/2025,Kiran L,Kolkata,Scooter,Full-time,3.58,Y
DP00671,2/23/2025,Ananya J,Delhi,Bike,Part-time,4.3,Y
DP11666,3/6/2025,Divya W,Pune,Cycle,Full-time,4.16,N
DP05757,3/7/2025,Nikhil N,Ahmedabad,Scooter,Full-time,3.87,Y
DP03885,3/8/2025,Shreya K,Delhi,Scooter,Part-time,4.24,Y
DP12324,2/27/2025,Priya V,Pune,Scooter,Part-time,4.04,Y
DP00194,2/27/2025,Deepak Q,Kolkata,Bike,Full-time,4.26,Y
DP04474,3/6/2025,Santosh B,Pune,Car,Full-time,4.15,N
DP11816,2/1/2025,Deepak Y,Chennai,Bike,Full-time,3.92,Y
DP01831,3/4/2025,Neha D,Chennai,Bike,Part-time,4.45,Y
DP12085,2/14/2025,Manoj S,Bengaluru,Cycle,Full-time,4.6,Y
DP12041,3/7/2025,Kiran G,Chennai,Bike,Full-time,4.41,Y
DP09470,3/9/2025,Amit G,Bengaluru,Cycle,Full-time,4.21,Y
DP04484,2/17/2025,Rahul H,Hyderabad,Scooter,Full-time,4.24,Y
DP06510,3/3/2025,Priya V,Kolkata,Scooter,Contract,4.01,Y
DP01119,3/10/2025,Pooja G,Delhi,Scooter,Contract,4.21,Y
DP06530,3/13/2025,Nikhil H,Pune,Bike,Part-time,4.09,Y
DP11210,2/28/2025,Ravi S,Chennai,Scooter,Part-time,3.93,Y
DP07811,2/20/2025,Nikhil R,Bengaluru,Scooter,Contract,4.1,Y
DP00596,3/12/2025,Arjun I,Bengaluru,Bike,Full-time,4.36,Y
DP02370,3/1/2025,Kiran E,Bengaluru,Bike,Part-time,4.48,Y
DP06529,1/30/2025,Meena L,Kolkata,Car,Part-time,3.82,Y
DP02985,3/10/2025,Deepak P,Chennai,Scooter,Contract,3.66,N
DP08834,3/1/2025,Manoj X,Kolkata,Cycle,Part-time,4.33,Y
DP12333,3/2/2025,Divya E,Bengaluru,Cycle,Contract,4.4,Y
DP01979,3/2/2025,Ananya O,Delhi,Cycle,Full-time,4.47,Y
DP10956,3/10/2025,Vikas O,Hyderabad,Bike,Full-time,4.11,N
DP09148,2/11/2025,Ananya Z,Ahmedabad,Bike,Full-time,4.07,Y
DP08267,3/6/2025,Ananya W,Bengaluru,Bike,Part-time,4.41,Y
DP11534,2/11/2025,Meena N,Delhi,Bike,Part-time,3.53,Y
DP07875,2/25/2025,Rahul T,Hyderabad,Scooter,Full-time,4.21,N
DP03073,3/3/2025,Pooja L,Pune,Bike,Full-time,4.74,Y
DP02054,3/10/2025,Ananya M,Ahmedabad,Bike,Part-time,4.6,Y
DP06043,2/25/2025,Kiran U,Bengaluru,Scooter,Contract,3.89,N
DP09334,2/26/2025,Santosh D,Kolkata,Scooter,Full-time,4.21,Y
DP13913,3/8/2025,Ravi E,Delhi,Scooter,Contract,3.74,Y
DP06078,2/16/2025,Kiran K,Mumbai,Bike,Contract,4.09,Y
DP13966,3/5/2025,Priya B,Bengaluru,Bike,Full-time,4.09,Y
DP03184,2/26/2025,Ravi K,Hyderabad,Bike,Full-time,4.37,Y
DP00152,3/14/2025,Vikas V,Bengaluru,Scooter,Part-time,4.12,Y
DP11809,3/4/2025,Manoj X,Chennai,Scooter,Contract,3.7,Y
DP02221,2/20/2025,Ananya U,Mumbai,Bike,Part-time,4.06,Y
DP02345,3/4/2025,Ananya D,Mumbai,Bike,Contract,4.03,Y
DP05891,3/7/2025,Priya R,Hyderabad,Cycle,Part-time,4,Y
DP06502,2/22/2025,Rakesh K,Delhi,Cycle,Contract,4.2,Y
DP01923,3/10/2025,Amit P,Mumbai,Car,Full-time,4.3,N
DP07894,3/6/2025,Sneha R,Chennai,Bike,Contract,4.48,N
DP02597,2/14/2025,Amit F,Pune,Bike,Part-time,4.68,Y
DP09061,2/14/2025,Sneha V,Bengaluru,Bike,Part-time,4.42,Y
DP01486,2/25/2025,Amit D,Pune,Scooter,Part-time,4.48,Y
DP11574,3/5/2025,Nikhil T,Hyderabad,Scooter,Full-time,4.21,Y
DP06251,2/15/2025,Deepak J,Hyderabad,Bike,Full-time,3.83,Y
DP03511,3/8/2025,Arjun I,Mumbai,Scooter,Contract,4.56,N
DP11061,3/6/2025,Shreya I,Bengaluru,Scooter,Part-time,3.97,Y
DP00646,3/14/2025,Manoj C,Ahmedabad,Bike,Full-time,4.5,Y
DP12156,2/20/2025,Sneha G,Mumbai,Scooter,Part-time,3.82,Y
DP02531,2/27/2025,Amit S,Chennai,Scooter,Full-time,4.19,Y
DP10349,3/9/2025,Divya R,Bengaluru,Bike,Contract,3.68,Y
DP05085,3/12/2025,Manoj J,Mumbai,Scooter,Full-time,4.07,Y
DP01912,2/27/2025,Pooja W,Mumbai,Cycle,Full-time,4.44,Y
DP12024,3/8/2025,Vikas E,Pune,Bike,Full-time,4.31,Y
DP10932,2/15/2025,Rakesh Z,Bengaluru,Bike,Contract,4.79,Y
DP11451,3/7/2025,Nikhil Q,Kolkata,Bike,Full-time,4.55,N
DP14403,3/5/2025,Meena Y,Hyderabad,Bike,Full-time,4.43,Y
DP03573,3/9/2025,Pooja Z,Delhi,Scooter,Contract,3.65,Y
DP07140,2/16/2025,Vikas V,Ahmedabad,Cycle,Full-time,4.28,Y
DP01745,3/10/2025,Ravi B,Delhi,Scooter,Full-time,4.09,N
DP05331,3/11/2025,Meena O,Pune,Bike,Part-time,4.34,Y
DP02400,2/21/2025,Kiran X,Delhi,Bike,Full-time,4.25,Y
DP01755,3/11/2025,Sneha V,Kolkata,Scooter,Contract,4.2,Y
DP02035,3/3/2025,Vikas G,Ahmedabad,Cycle,Full-time,4.19,Y
DP04902,2/12/2025,Sneha P,Kolkata,Bike,Part-time,4.14,N
DP05202,3/11/2025,Rakesh Q,Chennai,Scooter,Full-time,4.61,Y
DP00225,3/8/2025,Manoj Y,Bengaluru,Cycle,Part-time,4.39,Y
DP11780,3/4/2025,Sneha Q,Mumbai,Scooter,Full-time,3.76,Y
DP05468,3/9/2025,Pooja T,Kolkata,Scooter,Contract,4.25,Y
DP02450,3/8/2025,Santosh B,Chennai,Scooter,Contract,4.36,Y
DP05969,2/26/2025,Santosh V,Delhi,Scooter,Full-time,4.92,Y
DP04908,3/11/2025,Amit V,Bengaluru,Scooter,Full-time,4.23,Y
DP03449,2/26/2025,Manoj I,Pune,Bike,Full-time,3.93,Y
DP09504,2/6/2025,Vikas C,Mumbai,Bike,Contract,4.16,N
DP03915,3/5/2025,Rahul N,Bengaluru,Cycle,Part-time,4.1,Y
DP10650,3/13/2025,Arjun A,Mumbai,Bike,Part-time,4.08,Y
DP03415,3/8/2025,Suresh I,Mumbai,Scooter,Full-time,3.83,Y
DP00825,4/20/2025,Neha H,Ahmedabad,Bike,Full-time,4.28,Y
DP01441,3/11/2025,Priya I,Delhi,Scooter,Full-time,4.09,Y
DP14136,3/14/2025,Pooja U,Delhi,Car,Part-time,4.42,Y
DP14218,3/3/2025,Meena V,Bengaluru,Bike,Part-time,4.04,Y
DP03211,3/8/2025,Nikhil T,Bengaluru,Scooter,Full-time,4.58,Y
DP02024,3/5/2025,Ravi S,Delhi,Scooter,Part-time,4.72,N
DP06041,3/12/2025,Manoj Q,Hyderabad,Cycle,Full-time,4.29,Y
DP04003,2/26/2025,Pooja Y,Mumbai,Bike,Part-time,4.33,Y
DP13355,3/13/2025,Suresh V,Ahmedabad,Cycle,Part-time,3.93,Y
DP08996,3/16/2025,Ravi F,Delhi,Bike,Full-time,4.78,N
DP07286,3/13/2025,Neha O,Mumbai,Bike,Full-time,4.4,Y
DP01270,3/15/2025,Neha E,Bengaluru,Cycle,Full-time,4.43,Y
DP04883,3/7/2025,Santosh M,Bengaluru,Cycle,Part-time,4.5,N
DP13806,3/12/2025,Ananya K,Delhi,Scooter,Contract,4.06,Y
DP02239,3/14/2025,Santosh S,Delhi,Bike,Part-time,4.42,Y
DP05055,3/13/2025,Ravi T,Chennai,Scooter,Full-time,4.2,Y
DP04186,3/9/2025,Vikas B,Ahmedabad,Bike,Full-time,4.39,Y
DP00968,3/7/2025,Neha H,Pune,Bike,Contract,4.35,Y
DP02534,3/7/2025,Sneha N,Pune,Scooter,Full-time,3.79,Y
DP07446,3/6/2025,Pooja Y,Delhi,Scooter,Part-time,4.2,Y
DP01980,3/11/2025,Amit U,Delhi,Scooter,Part-time,4.45,Y
DP00359,2/28/2025,Shreya P,Hyderabad,Scooter,Contract,3.85,Y
DP03071,3/10/2025,Divya S,Bengaluru,Bike,Contract,4.48,Y
DP04511,3/7/2025,Vikas Y,Bengaluru,Car,Full-time,4.44,Y
DP00684,3/17/2025,Manoj X,Bengaluru,Cycle,Full-time,4.03,N
DP11382,2/26/2025,Divya M,Chennai,Scooter,Full-time,3.73,Y
DP13992,3/1/2025,Shreya O,Mumbai,Scooter,Contract,4.23,Y
DP12101,3/18/2025,Amit Q,Hyderabad,Cycle,Contract,4.12,Y
DP03979,3/19/2025,Santosh E,Bengaluru,Bike,Part-time,4.31,N
DP13424,3/17/2025,Suresh H,Bengaluru,Cycle,Full-time,4.03,Y
DP10527,3/16/2025,Rakesh U,Kolkata,Bike,Part-time,4.07,Y
DP11705,3/17/2025,Neha R,Bengaluru,Scooter,Full-time,4.68,Y
DP11328,3/15/2025,Rakesh M,Kolkata,Bike,Contract,4.32,Y
DP11311,3/8/2025,Pooja Q,Bengaluru,Bike,Contract,4.28,Y
DP09543,5/28/2025,Sneha E,Bengaluru,Bike,Part-time,3.9,Y
DP08338,3/12/2025,Manoj E,Delhi,Bike,Full-time,4.04,N
DP11840,3/15/2025,Divya P,Kolkata,Cycle,Full-time,4.02,Y
DP04450,2/18/2025,Ravi J,Delhi,Cycle,Full-time,4.23,Y
DP10103,3/8/2025,Deepak J,Bengaluru,Bike,Part-time,4.63,Y
DP13735,3/18/2025,Rahul L,Kolkata,Scooter,Part-time,4.82,Y
DP05647,3/14/2025,Vikas A,Mumbai,Scooter,Full-time,3.71,Y
DP14132,3/13/2025,Rakesh T,Chennai,Scooter,Part-time,4.05,Y
DP00549,3/12/2025,Suresh Q,Chennai,Scooter,Full-time,4.26,Y
DP10326,3/17/2025,Santosh E,Mumbai,Cycle,Part-time,4.02,Y
DP12037,3/14/2025,Vikas T,Bengaluru,Car,Full-time,4.06,Y
DP10041,3/6/2025,Santosh N,Mumbai,Bike,Full-time,3.99,Y
DP10598,3/12/2025,Rahul H,Bengaluru,Scooter,Part-time,3.83,Y
DP13703,2/11/2025,Santosh V,Bengaluru,Cycle,Full-time,4.04,Y
DP06415,3/3/2025,Kiran U,Pune,Bike,Part-time,4.46,Y
DP01691,3/18/2025,Kiran B,Ahmedabad,Bike,Contract,4.35,Y
DP00469,2/17/2025,Arjun H,Mumbai,Scooter,Contract,4.35,Y
DP03653,3/12/2025,Divya C,Pune,Bike,Part-time,4.23,Y
DP02365,3/17/2025,Priya L,Ahmedabad,Scooter,Contract,3.97,Y
DP07221,3/17/2025,Rahul N,Delhi,Bike,Full-time,3.99,Y
DP09414,3/10/2025,Ravi F,Pune,Scooter,Full-time,4.17,Y
DP01211,3/7/2025,Ravi X,Mumbai,Bike,Contract,3.83,Y
DP02194,3/14/2025,Priya L,Mumbai,Bike,Part-time,4.01,N
DP12222,4/6/2025,Ananya M,Bengaluru,Bike,Contract,4.37,Y
DP04579,3/13/2025,Vikas W,Chennai,Bike,Part-time,4.01,Y
DP09262,3/11/2025,Shreya A,Bengaluru,Bike,Full-time,4.76,Y
DP11731,3/3/2025,Rahul W,Pune,Bike,Part-time,4.55,Y
DP12655,3/20/2025,Ravi K,Bengaluru,Scooter,Full-time,4.45,Y
DP14058,3/17/2025,Kiran W,Delhi,Bike,Part-time,4.44,Y
DP04810,3/18/2025,Amit D,Ahmedabad,Bike,Full-time,4.13,Y
DP06118,3/16/2025,Nikhil M,Bengaluru,Cycle,Full-time,3.85,Y
DP10917,3/6/2025,Nikhil Z,Bengaluru,Bike,Full-time,3.96,Y
DP14121,3/24/2025,Nikhil E,Bengaluru,Cycle,Contract,4.04,Y
DP00588,3/19/2025,Kiran I,Mumbai,Scooter,Contract,4.05,Y
DP00332,3/18/2025,Manoj D,Hyderabad,Car,Contract,4.22,Y
DP02861,2/19/2025,Meena I,Bengaluru,Car,Part-time,3.88,Y
DP03047,3/12/2025,Divya Z,Bengaluru,Bike,Part-time,4.47,Y
DP00407,3/14/2025,Pooja B,Chennai,Cycle,Full-time,4.35,Y
DP10516,2/15/2025,Neha M,Mumbai,Scooter,Full-time,4.12,Y
DP14894,3/17/2025,Sneha Y,Delhi,Cycle,Full-time,3.83,Y
DP14766,3/18/2025,Kiran O,Mumbai,Bike,Contract,4.07,Y
DP13552,3/6/2025,Priya F,Kolkata,Scooter,Full-time,3.62,Y
DP14632,3/10/2025,Pooja S,Mumbai,Bike,Part-time,4.26,Y
DP14677,3/21/2025,Vikas U,Bengaluru,Scooter,Part-time,4.61,Y
DP08200,3/14/2025,Vikas V,Bengaluru,Cycle,Full-time,3.86,N
DP06368,3/22/2025,Divya E,Delhi,Car,Full-time,3.92,Y
DP11123,3/17/2025,Pooja S,Hyderabad,Scooter,Part-time,3.59,Y
DP03922,3/7/2025,Rahul A,Pune,Scooter,Contract,3.98,Y
DP03996,2/21/2025,Rahul A,Delhi,Cycle,Full-time,4.85,Y
DP09326,2/27/2025,Sneha W,Delhi,Cycle,Full-time,4.78,Y
DP08534,3/20/2025,Rahul D,Ahmedabad,Scooter,Full-time,3.95,N
DP13656,3/21/2025,Arjun X,Bengaluru,Scooter,Full-time,4.77,Y
DP10455,3/11/2025,Priya M,Bengaluru,Scooter,Part-time,4.52,Y
DP11701,3/21/2025,Sneha H,Ahmedabad,Scooter,Full-time,4.27,Y
DP12210,3/3/2025,Neha W,Bengaluru,Scooter,Contract,4.09,Y
DP02018,3/18/2025,Ravi S,Hyderabad,Bike,Part-time,4.04,Y
DP05909,3/18/2025,Divya Y,Ahmedabad,Scooter,Full-time,4.62,Y
DP09756,3/2/2025,Rakesh D,Ahmedabad,Scooter,Part-time,3.99,Y
DP01655,3/22/2025,Pooja U,Bengaluru,Bike,Full-time,3.95,Y
DP07591,3/15/2025,Vikas Z,Delhi,Bike,Contract,3.99,Y
DP08884,3/10/2025,Divya A,Bengaluru,Scooter,Full-time,4.48,Y
DP14708,3/24/2025,Suresh A,Chennai,Bike,Part-time,4.24,Y
DP08276,3/23/2025,Divya U,Mumbai,Bike,Part-time,4.28,Y
DP13206,3/15/2025,Kiran E,Chennai,Bike,Full-time,4.21,Y
DP13505,3/20/2025,Amit Y,Delhi,Bike,Part-time,3.84,Y
DP13956,3/17/2025,Nikhil S,Delhi,Scooter,Contract,4,Y
DP04209,3/16/2025,Sneha M,Bengaluru,Scooter,Full-time,4.25,Y
DP05613,3/18/2025,Shreya Z,Mumbai,Scooter,Contract,4.58,Y
DP04523,3/19/2025,Manoj O,Kolkata,Scooter,Part-time,4.14,N
DP09250,3/9/2025,Pooja K,Kolkata,Scooter,Part-time,3.68,Y
DP03318,3/13/2025,Santosh N,Delhi,Car,Part-time,3.99,N
DP00931,3/9/2025,Kiran Y,Bengaluru,Scooter,Part-time,4.84,Y
DP11368,3/20/2025,Rakesh R,Hyderabad,Bike,Contract,3.94,Y
DP03789,3/20/2025,Santosh P,Kolkata,Scooter,Part-time,4.03,Y
DP06987,3/23/2025,Kiran F,Mumbai,Scooter,Full-time,3.66,Y
DP11086,3/14/2025,Shreya T,Kolkata,Bike,Full-time,4.49,Y
DP01660,3/10/2025,Vikas M,Kolkata,Bike,Contract,4.33,Y
DP05715,3/20/2025,Neha T,Chennai,Bike,Contract,3.76,Y
DP05124,3/10/2025,Suresh Q,Bengaluru,Cycle,Full-time,4.7,Y
DP11917,3/19/2025,Suresh T,Delhi,Scooter,Full-time,3.66,Y
DP12432,3/15/2025,Ravi G,Kolkata,Bike,Part-time,4.41,Y
DP14241,3/7/2025,Santosh A,Bengaluru,Bike,Full-time,4.14,Y
DP06522,3/22/2025,Manoj L,Mumbai,Scooter,Part-time,4.2,N
DP13959,3/20/2025,Ravi O,Kolkata,Bike,Part-time,3.91,Y
DP12750,3/17/2025,Sneha H,Delhi,Bike,Full-time,3.7,Y
DP00653,2/25/2025,Priya R,Kolkata,Car,Part-time,4.71,Y
DP04607,3/8/2025,Suresh U,Delhi,Bike,Part-time,4.39,N
DP12334,3/24/2025,Kiran Y,Bengaluru,Cycle,Part-time,3.59,Y
DP02676,3/3/2025,Amit G,Hyderabad,Bike,Part-time,4.57,Y
DP11391,2/28/2025,Manoj Y,Kolkata,Cycle,Part-time,3.91,Y
DP08188,3/21/2025,Suresh Y,Ahmedabad,Scooter,Full-time,4.02,N
DP07399,3/26/2025,Arjun Z,Delhi,Cycle,Part-time,4.02,Y
DP12297,3/14/2025,Suresh F,Chennai,Scooter,Full-time,4.52,Y
DP05186,2/23/2025,Nikhil U,Pune,Bike,Full-time,3.6,Y
DP06194,3/25/2025,Vikas V,Pune,Scooter,Full-time,4.36,Y
DP07777,3/20/2025,Arjun M,Ahmedabad,Bike,Contract,4,Y
DP02669,3/20/2025,Divya E,Ahmedabad,Scooter,Part-time,4.35,Y
DP02499,3/23/2025,Ananya C,Chennai,Bike,Full-time,4.36,Y
DP03880,3/19/2025,Nikhil J,Delhi,Bike,Full-time,4.19,Y
DP13854,3/23/2025,Neha N,Hyderabad,Bike,Contract,4.59,Y
DP13214,3/17/2025,Rakesh A,Chennai,Cycle,Full-time,3.95,N
DP09261,3/16/2025,Deepak A,Kolkata,Bike,Contract,3.85,Y
DP06243,3/27/2025,Ravi M,Bengaluru,Car,Full-time,4.58,Y
DP00024,3/10/2025,Kiran R,Pune,Scooter,Part-time,4.5,N
DP14823,3/15/2025,Manoj Q,Mumbai,Scooter,Full-time,4.8,Y
DP10204,3/24/2025,Pooja Z,Bengaluru,Bike,Part-time,4.33,Y
DP05901,3/24/2025,Vikas D,Mumbai,Scooter,Full-time,4.66,Y
DP04705,3/25/2025,Meena C,Pune,Cycle,Contract,3.69,Y
DP12271,3/26/2025,Amit P,Bengaluru,Bike,Full-time,4.05,Y
DP14332,5/2/2025,Suresh Y,Chennai,Scooter,Full-time,4.09,Y
DP13706,3/8/2025,Suresh T,Bengaluru,Bike,Full-time,4.47,N
DP00629,3/25/2025,Ravi W,Delhi,Bike,Full-time,4.11,Y
DP02283,3/28/2025,Ananya O,Hyderabad,Cycle,Part-time,3.82,Y
DP05651,3/8/2025,Vikas Q,Delhi,Scooter,Full-time,4.72,N
DP12939,3/29/2025,Suresh L,Hyderabad,Bike,Contract,4.21,Y
DP07025,3/19/2025,Nikhil S,Bengaluru,Scooter,Contract,3.77,Y
DP14669,3/20/2025,Neha D,Bengaluru,Bike,Part-time,4.7,Y
DP12781,3/26/2025,Vikas T,Delhi,Bike,Part-time,4.36,Y
DP03236,3/30/2025,Deepak J,Mumbai,Car,Part-time,3.67,Y
DP10445,3/29/2025,Amit E,Bengaluru,Car,Full-time,4.34,N
DP14865,3/26/2025,Ravi V,Hyderabad,Bike,Part-time,4.59,Y
DP03504,3/16/2025,Santosh V,Hyderabad,Car,Part-time,4.07,Y
DP10438,3/22/2025,Arjun J,Chennai,Cycle,Part-time,4.12,Y
DP02454,3/28/2025,Neha I,Chennai,Scooter,Contract,4.41,N
DP07542,3/21/2025,Amit F,Bengaluru,Cycle,Full-time,4.42,Y
DP02949,3/25/2025,Shreya H,Kolkata,Bike,Full-time,4.22,Y
DP13274,3/3/2025,Manoj W,Bengaluru,Bike,Contract,3.48,N
DP12752,3/17/2025,Amit R,Mumbai,Bike,Part-time,4.15,Y
DP06607,3/20/2025,Santosh B,Kolkata,Bike,Part-time,4.23,Y
DP02647,3/16/2025,Rakesh N,Chennai,Cycle,Part-time,4.28,Y
DP14773,3/28/2025,Pooja K,Ahmedabad,Bike,Part-time,4.48,Y
DP11265,3/31/2025,Vikas S,Delhi,Scooter,Part-time,4.01,Y
DP04232,3/18/2025,Sneha B,Chennai,Bike,Part-time,4.27,Y
DP04585,5/6/2025,Vikas M,Ahmedabad,Bike,Contract,4.19,Y
DP00935,3/30/2025,Ananya E,Bengaluru,Bike,Contract,4.41,Y
DP11946,3/17/2025,Pooja C,Mumbai,Bike,Contract,4.04,Y
DP02750,3/17/2025,Ananya M,Pune,Scooter,Full-time,3.94,Y
DP12890,3/27/2025,Sneha E,Pune,Scooter,Part-time,4.52,Y
DP12870,3/28/2025,Pooja C,Delhi,Cycle,Full-time,4.6,Y
DP11353,3/22/2025,Shreya C,Bengaluru,Scooter,Part-time,4.07,Y
DP04372,3/19/2025,Pooja Z,Delhi,Bike,Contract,3.99,N
DP04975,4/21/2025,Shreya L,Mumbai,Bike,Contract,4.34,Y
DP04756,3/28/2025,Nikhil Y,Ahmedabad,Bike,Part-time,3.6,Y
DP08194,3/31/2025,Neha E,Mumbai,Bike,Full-time,4.29,Y
DP13211,4/3/2025,Sneha S,Hyderabad,Cycle,Part-time,3.9,Y
DP11371,3/17/2025,Deepak H,Delhi,Bike,Part-time,4.63,Y
DP14211,3/25/2025,Nikhil F,Hyderabad,Scooter,Contract,4.22,Y
DP07715,3/30/2025,Meena K,Kolkata,Scooter,Contract,4.22,Y
DP00633,3/25/2025,Divya R,Ahmedabad,Bike,Full-time,3.72,Y
DP06141,3/29/2025,Shreya W,Chennai,Bike,Full-time,4.07,Y
DP04949,3/11/2025,Ravi N,Mumbai,Bike,Part-time,4.08,Y
DP11439,3/24/2025,Amit R,Kolkata,Cycle,Part-time,4.3,Y
DP03961,3/5/2025,Pooja R,Kolkata,Scooter,Part-time,4.51,Y
DP02111,4/24/2025,Priya Z,Bengaluru,Bike,Part-time,3.86,Y
DP10524,4/14/2025,Rakesh X,Hyderabad,Scooter,Full-time,4.21,N
DP05818,4/3/2025,Rahul U,Chennai,Cycle,Full-time,3.65,Y
DP04567,4/4/2025,Vikas P,Hyderabad,Scooter,Full-time,4.2,Y
DP10407,3/24/2025,Pooja C,Ahmedabad,Bike,Full-time,4.09,Y
DP05420,4/1/2025,Shreya X,Delhi,Scooter,Full-time,4.44,Y
DP06056,3/10/2025,Deepak T,Pune,Bike,Contract,3.96,Y
DP11673,3/28/2025,Nikhil B,Hyderabad,Bike,Full-time,4.29,Y
DP14333,4/6/2025,Nikhil X,Ahmedabad,Car,Part-time,4,Y
DP10727,3/19/2025,Rahul Y,Pune,Scooter,Part-time,4.49,Y
DP05567,3/26/2025,Arjun J,Pune,Scooter,Full-time,3.64,Y
DP12407,4/12/2025,Manoj Z,Delhi,Cycle,Full-time,4.43,Y
DP13043,3/22/2025,Vikas Z,Ahmedabad,Bike,Full-time,3.78,Y
DP00893,3/8/2025,Neha P,Mumbai,Scooter,Full-time,4.53,Y
DP07530,3/15/2025,Arjun V,Mumbai,Bike,Part-time,4.38,Y
DP04879,4/2/2025,Vikas I,Ahmedabad,Bike,Full-time,4.56,Y
DP06057,3/25/2025,Priya E,Hyderabad,Bike,Full-time,4.4,N
DP09751,4/12/2025,Rakesh O,Delhi,Cycle,Full-time,4.13,Y
DP07600,5/25/2025,Kiran Z,Bengaluru,Scooter,Part-time,4.09,Y
DP13291,4/11/2025,Meena D,Pune,Bike,Contract,3.38,Y
DP01107,7/12/2025,Kiran S,Hyderabad,Scooter,Part-time,4.11,Y
DP05360,3/29/2025,Rahul S,Chennai,Cycle,Part-time,4.23,Y
DP14702,4/5/2025,Ravi S,Bengaluru,Scooter,Part-time,4.34,Y
DP02551,3/27/2025,Deepak J,Delhi,Bike,Full-time,4.27,Y
DP11971,3/25/2025,Nikhil P,Mumbai,Bike,Contract,4.18,Y
DP14462,4/12/2025,Rakesh H,Bengaluru,Scooter,Contract,3.82,N
DP12758,3/5/2025,Manoj Y,Bengaluru,Bike,Full-time,3.77,Y
DP04530,4/8/2025,Ravi A,Chennai,Car,Full-time,3.8,Y
DP07525,3/22/2025,Deepak E,Delhi,Cycle,Full-time,4.41,Y
DP10738,4/7/2025,Santosh K,Chennai,Bike,Full-time,4.04,Y
DP00420,4/13/2025,Neha F,Bengaluru,Cycle,Part-time,4.29,Y
DP02836,4/9/2025,Kiran J,Bengaluru,Bike,Contract,3.97,Y
DP02661,4/14/2025,Nikhil X,Bengaluru,Scooter,Full-time,4.37,Y
DP13071,4/7/2025,Meena N,Ahmedabad,Scooter,Full-time,4.25,Y
DP01072,3/31/2025,Kiran W,Ahmedabad,Cycle,Full-time,4.4,Y
DP08564,3/27/2025,Meena Q,Delhi,Scooter,Full-time,3.72,Y
DP05940,3/25/2025,Meena Y,Pune,Bike,Full-time,3.75,Y
DP04993,4/13/2025,Santosh L,Bengaluru,Scooter,Contract,4.26,Y
DP03892,4/16/2025,Amit G,Ahmedabad,Bike,Full-time,4.14,Y
DP00467,3/26/2025,Rahul L,Ahmedabad,Scooter,Full-time,4.46,Y
DP02037,3/29/2025,Amit E,Bengaluru,Scooter,Full-time,3.45,Y
DP02865,4/16/2025,Pooja A,Bengaluru,Scooter,Contract,4.22,Y
DP00839,3/30/2025,Nikhil J,Bengaluru,Scooter,Part-time,3.92,Y
DP01707,4/11/2025,Vikas D,Bengaluru,Scooter,Contract,4.09,Y
DP14296,4/11/2025,Vikas N,Mumbai,Bike,Part-time,4.13,Y
DP13674,4/8/2025,Nikhil M,Hyderabad,Scooter,Part-time,4.68,Y
DP01782,4/12/2025,Amit Q,Pune,Bike,Part-time,4.62,Y
DP07827,4/4/2025,Kiran W,Mumbai,Bike,Full-time,3.69,Y
DP09313,4/17/2025,Divya K,Mumbai,Cycle,Part-time,4.26,Y
DP09054,4/10/2025,Shreya Q,Mumbai,Bike,Part-time,3.89,Y
DP12936,4/7/2025,Kiran I,Bengaluru,Cycle,Full-time,4.49,Y
DP06796,4/21/2025,Pooja S,Hyderabad,Scooter,Full-time,4.28,N
DP01123,4/8/2025,Kiran J,Hyderabad,Scooter,Contract,4.41,Y
DP01530,4/11/2025,Rakesh E,Bengaluru,Scooter,Part-time,4.36,Y
DP11067,4/8/2025,Rahul M,Mumbai,Scooter,Full-time,4.36,Y
DP11309,4/6/2025,Suresh S,Delhi,Bike,Full-time,4.19,Y
DP07354,4/8/2025,Vikas E,Bengaluru,Scooter,Contract,3.61,Y
DP11552,4/26/2025,Manoj Y,Chennai,Scooter,Full-time,3.83,Y
DP01224,4/19/2025,Ravi O,Ahmedabad,Bike,Full-time,3.87,N
DP03841,4/20/2025,Meena T,Bengaluru,Scooter,Contract,3.95,Y
DP09264,4/19/2025,Rakesh A,Ahmedabad,Bike,Full-time,4.33,Y
DP07040,4/13/2025,Divya P,Chennai,Bike,Full-time,4.24,N
DP06633,4/16/2025,Meena V,Chennai,Bike,Full-time,3.82,Y
DP00797,4/15/2025,Sneha L,Bengaluru,Car,Full-time,4.27,Y
DP10292,4/16/2025,Deepak G,Mumbai,Scooter,Full-time,4.13,Y
DP05426,4/15/2025,Santosh Z,Delhi,Scooter,Part-time,3.78,Y
DP06924,4/13/2025,Sneha E,Mumbai,Cycle,Full-time,4.97,Y
DP12703,4/27/2025,Amit Y,Bengaluru,Bike,Part-time,4.54,Y
DP11849,4/28/2025,Arjun P,Bengaluru,Bike,Full-time,4.05,Y
DP04759,4/28/2025,Vikas O,Delhi,Bike,Part-time,4.65,Y
DP00882,4/30/2025,Priya G,Ahmedabad,Scooter,Contract,4.14,Y
DP00693,5/4/2025,Santosh F,Pune,Bike,Full-time,4.23,Y
DP07185,4/13/2025,Arjun A,Pune,Bike,Part-time,3.86,Y
DP09309,5/10/2025,Meena W,Kolkata,Scooter,Contract,3.8,N
DP02158,5/3/2025,Ananya Y,Kolkata,Bike,Full-time,4.04,Y
DP02998,5/6/2025,Deepak A,Chennai,Scooter,Part-time,4.01,Y
DP13576,4/26/2025,Ananya Z,Delhi,Bike,Full-time,4.61,Y
DP08541,5/15/2025,Arjun U,Bengaluru,Cycle,Part-time,4.47,Y
DP09231,5/4/2025,Arjun A,Mumbai,Bike,Full-time,3.72,Y
DP09121,5/23/2025,Shreya H,Bengaluru,Scooter,Part-time,4.13,Y
DP05518,5/30/2025,Neha W,Pune,Bike,Part-time,3.96,N
DP01199,5/18/2025,Shreya J,Chennai,Bike,Full-time,4.14,Y
DP07045,5/15/2025,Suresh M,Delhi,Bike,Full-time,4.45,Y
DP09075,7/19/2025,Vikas H,Chennai,Scooter,Full-time,4.46,Y
DP07749,7/8/2025,Rahul F,Kolkata,Scooter,Full-time,3.62,N
